<powerpagecomponent powerpagecomponentid="3e35cb38-2545-e35f-c0e1-4d7e028a980a">
  <content>{
  "filecontent": null,
  "displayorder": 3,
  "customcss": "",
  "customjavascript": "",
  "pagetemplateid": "24ef4cfc-9aea-4ffb-ae57-e19531d5db47",
  "parentpageid": "c56a2cdf-2101-4a37-9797-240630eeab31",
  "partialurl": "Access-Request",
  "isroot": false,
  "rootwebpageid": "b4c9c17f-68a0-4fa7-fd8d-c3ed62f49cb8",
  "title": "Access Request",
  "summary": "&lt;p&gt;This is a sample landing page designed to be a starting point for your website&lt;/p&gt;",
  "copy": "&lt;div data-component-theme=\"portalThemeColor5\" class=\"row sectionBlockLayout text-start\" style=\"display: flex; flex-wrap: wrap; margin: 0px; min-height: auto; padding: 8px;\"&gt;\n  &lt;div class=\"container\" style=\"display: flex; flex-wrap: wrap;\"&gt;\n    &lt;div class=\"col-lg-12 columnBlockLayout\" style=\"flex-grow: 1; display: flex; flex-direction: column; min-width: 250px; padding: 0px; margin: 0px;\"&gt;\n      &lt;h4 style=\"text-align: center;\"&gt;Request Access&amp;nbsp;&lt;/h4&gt;\n      {% entityform name: 'Contact Access - Add' %}\n    &lt;/div&gt;\n  &lt;/div&gt;\n&lt;/div&gt;\n",
  "publishingstateid": "98c3c40d-73b6-4b26-9791-e0b89a21706e",
  "enablerating": false,
  "enabletracking": false,
  "excludefromsearch": false,
  "hiddenfromsitemap": true,
  "sharedpageconfiguration": false
}</content>
  <iscustomizable>1</iscustomizable>
  <name>Access Request</name>
  <powerpagecomponenttype>2</powerpagecomponenttype>
  <powerpagesiteid>
    <powerpagesiteid>0cd59409-6fec-4be9-bd09-8f1d362195e1</powerpagesiteid>
  </powerpagesiteid>
  <powerpagesitelanguageid>
    <powerpagesitelanguageid>86376c44-2f1d-4c1c-ab77-515ae3517a4f</powerpagesitelanguageid>
  </powerpagesitelanguageid>
  <searchcontent>Access Request&lt;div data-component-theme="portalThemeColor5" class="row sectionBlockLayout text-start" style="display: flex; flex-wrap: wrap; margin: 0px; min-height: auto; padding: 8px;"&gt;
  &lt;div class="container" style="display: flex; flex-wrap: wrap;"&gt;
    &lt;div class="col-lg-12 columnBlockLayout" style="flex-grow: 1; display: flex; flex-direction: column; min-width: 250px; padding: 0px; margin: 0px;"&gt;
      &lt;h4 style="text-align: center;"&gt;Request Access&amp;nbsp;&lt;/h4&gt;
      {% entityform name: 'Contact Access - Add' %}
    &lt;/div&gt;
  &lt;/div&gt;
&lt;/div&gt;
Access Request</searchcontent>
  <statecode>0</statecode>
  <statuscode>1</statuscode>
</powerpagecomponent>