<powerpagecomponent powerpagecomponentid="385fb0e7-e1bd-4aa7-b36b-4994b84cb4fe">
  <content>{"displayorder":2,"enabletracking":false,"excludefromsearch":true,"hiddenfromsitemap":false,"parentpageid":"c56a2cdf-2101-4a37-9797-240630eeab31","partialurl":"theme.css","publishingstateid":"98c3c40d-73b6-4b26-9791-e0b89a21706e"}</content>
  <filecontent mimetype="application/octet-stream">theme.css</filecontent>
  <iscustomizable>1</iscustomizable>
  <name>theme.css</name>
  <powerpagecomponenttype>3</powerpagecomponenttype>
  <powerpagesiteid>
    <powerpagesiteid>0cd59409-6fec-4be9-bd09-8f1d362195e1</powerpagesiteid>
  </powerpagesiteid>
  <statecode>0</statecode>
  <statuscode>1</statuscode>
</powerpagecomponent>