{
  "properties": {
    "connectionReferences": {
      "shared_outlook": {
        "runtimeSource": "embedded",
        "connection": {
          "connectionReferenceLogicalName": "mass_OutlookConnectionRef"
        },
        "api": {
          "name": "shared_outlook"
        }
      },
      "shared_commondataserviceforapps_1": {
        "runtimeSource": "embedded",
        "connection": {
          "connectionReferenceLogicalName": "mass_sharedcommondataserviceforapps_e708b"
        },
        "api": {
          "name": "shared_commondataserviceforapps"
        }
      }
    },
    "definition": {
      "$schema": "https://schema.management.azure.com/providers/Microsoft.Logic/schemas/2016-06-01/workflowdefinition.json#",
      "contentVersion": "1.0.0.0",
      "parameters": {
        "$connections": {
          "defaultValue": {},
          "type": "Object"
        },
        "$authentication": {
          "defaultValue": {},
          "type": "SecureObject"
        }
      },
      "triggers": {
        "When_a_row_is_added,_modified_or_deleted": {
          "metadata": {
            "operationMetadataId": "975910c2-d6d4-412d-bc09-12f7bbfd89d5"
          },
          "type": "OpenApiConnectionWebhook",
          "inputs": {
            "host": {
              "connectionName": "shared_commondataserviceforapps_1",
              "operationId": "SubscribeWebhookTrigger",
              "apiId": "/providers/Microsoft.PowerApps/apis/shared_commondataserviceforapps"
            },
            "parameters": {
              "subscriptionRequest/message": 1,
              "subscriptionRequest/entityname": "mass_clientrequest",
              "subscriptionRequest/scope": 4
            },
            "authentication": "@parameters('$authentication')"
          }
        }
      },
      "actions": {
        "Send_an_email_(V2)": {
          "runAfter": {},
          "metadata": {
            "operationMetadataId": "f9384c8c-5a21-424e-a2ad-26a9a9ee53fd"
          },
          "type": "OpenApiConnection",
          "inputs": {
            "host": {
              "connectionName": "shared_outlook",
              "operationId": "SendEmailV2",
              "apiId": "/providers/Microsoft.PowerApps/apis/shared_outlook"
            },
            "parameters": {
              "emailMessage/To": "@triggerOutputs()?['body/mass_emailaddress']",
              "emailMessage/Subject": "Your Itinerary Request",
              "emailMessage/Body": "<p>Dear @{triggerOutputs()?['body/mass_clientname']} @{triggerOutputs()?['body/mass_lastname']},<br>\n<br>\nThank you for reaching out to us regarding your itinerary. We are delighted to have the opportunity to assist you with your travel plans.<br>\n<br>\nOur team is committed to providing you with a seamless and enjoyable experience. We are currently reviewing the details you provided and will tailor an itinerary that best suits your preferences and needs.<br>\n<br>\nIn the meantime, if you have any specific requests or additional information you'd like to share, please feel free to <a href=\"https://mass-travel-gateway-dev.powerappsportals.com/\">contact us</a>. Your satisfaction is our top priority, and we want to ensure that every aspect of your journey meets your expectations.<br>\n<br>\nWe will be in touch shortly with a detailed itinerary for your review. Thank you once again for choosing us. We look forward to helping you create memorable travel experiences.<br>\n<br>\nWarm regards,<br>\nMASS Travel Gateway</p>",
              "emailMessage/Importance": "Normal"
            },
            "authentication": "@parameters('$authentication')"
          }
        }
      }
    },
    "templateName": ""
  },
  "schemaVersion": "1.0.0.0"
}