{
  "properties": {
    "connectionReferences": {
      "shared_commondataserviceforapps": {
        "runtimeSource": "embedded",
        "connection": {
          "connectionReferenceLogicalName": "mass_sharedcommondataserviceforapps_e708b"
        },
        "api": {
          "name": "shared_commondataserviceforapps"
        }
      }
    },
    "definition": {
      "$schema": "https://schema.management.azure.com/providers/Microsoft.Logic/schemas/2016-06-01/workflowdefinition.json#",
      "contentVersion": "1.0.0.0",
      "parameters": {
        "$connections": {
          "defaultValue": {},
          "type": "Object"
        },
        "$authentication": {
          "defaultValue": {},
          "type": "SecureObject"
        }
      },
      "triggers": {
        "When_Contact_Access_is_Modified_or_Deleted": {
          "metadata": {
            "operationMetadataId": "5e0c3203-14ad-4300-9aa6-4f8f5d1af545"
          },
          "type": "OpenApiConnectionWebhook",
          "inputs": {
            "host": {
              "connectionName": "shared_commondataserviceforapps",
              "operationId": "SubscribeWebhookTrigger",
              "apiId": "/providers/Microsoft.PowerApps/apis/shared_commondataserviceforapps"
            },
            "parameters": {
              "subscriptionRequest/message": 6,
              "subscriptionRequest/entityname": "mass_contactaccess",
              "subscriptionRequest/scope": 4
            },
            "authentication": "@parameters('$authentication')"
          }
        }
      },
      "actions": {
        "Check_if_Access_is_Approved": {
          "actions": {
            "Get_Web_Role_Record": {
              "runAfter": {},
              "metadata": {
                "operationMetadataId": "0cea3953-8584-44e1-9524-aba0297bcf3e"
              },
              "type": "OpenApiConnection",
              "inputs": {
                "host": {
                  "connectionName": "shared_commondataserviceforapps",
                  "operationId": "GetItem",
                  "apiId": "/providers/Microsoft.PowerApps/apis/shared_commondataserviceforapps"
                },
                "parameters": {
                  "entityName": "mspp_webroles",
                  "recordId": "@triggerOutputs()?['body/_mass_webrole_value']"
                },
                "authentication": "@parameters('$authentication')"
              }
            },
            "Relate_Web_Role_to_Contact": {
              "runAfter": {
                "Get_Web_Role_Record": [
                  "Succeeded"
                ]
              },
              "metadata": {
                "operationMetadataId": "d40e822c-29b3-44b5-aa5b-1d906c01c437"
              },
              "type": "OpenApiConnection",
              "inputs": {
                "host": {
                  "connectionName": "shared_commondataserviceforapps",
                  "operationId": "AssociateEntities",
                  "apiId": "/providers/Microsoft.PowerApps/apis/shared_commondataserviceforapps"
                },
                "parameters": {
                  "entityName": "contacts",
                  "recordId": "@triggerOutputs()?['body/_mass_contact_value']",
                  "associationEntityRelationship": "powerpagecomponent_mspp_webrole_contact",
                  "item/@odata.id": "@outputs('Get_Web_Role_Record')?['body/@odata.id']"
                },
                "authentication": "@parameters('$authentication')"
              }
            },
            "Update_Contact_with_Account": {
              "runAfter": {
                "Relate_Web_Role_to_Contact": [
                  "Succeeded"
                ]
              },
              "metadata": {
                "operationMetadataId": "19cb8c8a-f263-47c4-858f-6588c8a19e02"
              },
              "type": "OpenApiConnection",
              "inputs": {
                "host": {
                  "connectionName": "shared_commondataserviceforapps",
                  "operationId": "UpdateOnlyRecord",
                  "apiId": "/providers/Microsoft.PowerApps/apis/shared_commondataserviceforapps"
                },
                "parameters": {
                  "entityName": "contacts",
                  "recordId": "@triggerOutputs()?['body/_mass_contact_value']",
                  "item/parentcustomerid_account@odata.bind": "accounts(@{triggerOutputs()?['body/_mass_account_value']})"
                },
                "authentication": "@parameters('$authentication')"
              }
            }
          },
          "runAfter": {
            "For_Each_Web_Role": [
              "Succeeded"
            ]
          },
          "else": {
            "actions": {
              "Update_contact_with_Account_NULL": {
                "runAfter": {},
                "metadata": {
                  "operationMetadataId": "57cf38f8-5b41-43f5-a774-2eddecc8aba4"
                },
                "type": "OpenApiConnection",
                "inputs": {
                  "host": {
                    "connectionName": "shared_commondataserviceforapps",
                    "operationId": "UpdateOnlyRecord",
                    "apiId": "/providers/Microsoft.PowerApps/apis/shared_commondataserviceforapps"
                  },
                  "parameters": {
                    "entityName": "contacts",
                    "recordId": "@triggerOutputs()?['body/_mass_contact_value']"
                  },
                  "authentication": "@parameters('$authentication')"
                }
              }
            }
          },
          "expression": {
            "equals": [
              "@triggerOutputs()?['body/statuscode']",
              290280001
            ]
          },
          "metadata": {
            "operationMetadataId": "dc33f88b-ed26-47bb-934d-089bc11a2df7"
          },
          "type": "If"
        },
        "Select_All_Web_Roles_by_Website": {
          "runAfter": {},
          "metadata": {
            "operationMetadataId": "524dd189-d824-4a56-885c-bb5ececef67b"
          },
          "type": "OpenApiConnection",
          "inputs": {
            "host": {
              "connectionName": "shared_commondataserviceforapps",
              "operationId": "ListRecords",
              "apiId": "/providers/Microsoft.PowerApps/apis/shared_commondataserviceforapps"
            },
            "parameters": {
              "entityName": "mspp_webroles",
              "$select": "mspp_webroleid",
              "$filter": "_mspp_websiteid_value eq '@{triggerOutputs()?['body/_mass_website_value']}' and statuscode eq 1"
            },
            "authentication": "@parameters('$authentication')"
          }
        },
        "For_Each_Web_Role": {
          "foreach": "@outputs('Select_All_Web_Roles_by_Website')?['body/value']",
          "actions": {
            "Unrelate_Web_Role_for_the_Contact": {
              "runAfter": {},
              "metadata": {
                "operationMetadataId": "89ef7ec8-5fbb-46d5-9117-2640cf520608"
              },
              "type": "OpenApiConnection",
              "inputs": {
                "host": {
                  "connectionName": "shared_commondataserviceforapps",
                  "operationId": "DisassociateEntities",
                  "apiId": "/providers/Microsoft.PowerApps/apis/shared_commondataserviceforapps"
                },
                "parameters": {
                  "entityName": "contacts",
                  "recordId": "@triggerOutputs()?['body/_mass_contact_value']",
                  "associationEntityRelationship": "powerpagecomponent_mspp_webrole_contact",
                  "$id": "@items('For_Each_Web_Role')?['mspp_webroleid']"
                },
                "authentication": "@parameters('$authentication')"
              }
            }
          },
          "runAfter": {
            "Select_All_Web_Roles_by_Website": [
              "Succeeded"
            ]
          },
          "metadata": {
            "operationMetadataId": "a8878e58-e210-4a43-95a8-27011085f826"
          },
          "type": "Foreach"
        }
      }
    },
    "templateName": ""
  },
  "schemaVersion": "1.0.0.0"
}