{
  "properties": {
    "connectionReferences": {
      "shared_commondataserviceforapps": {
        "runtimeSource": "embedded",
        "connection": {
          "connectionReferenceLogicalName": "mass_sharedcommondataserviceforapps_e708b"
        },
        "api": {
          "name": "shared_commondataserviceforapps"
        }
      },
      "shared_outlook": {
        "runtimeSource": "embedded",
        "connection": {
          "connectionReferenceLogicalName": "mass_OutlookConnectionRef"
        },
        "api": {
          "name": "shared_outlook"
        }
      }
    },
    "definition": {
      "$schema": "https://schema.management.azure.com/providers/Microsoft.Logic/schemas/2016-06-01/workflowdefinition.json#",
      "contentVersion": "1.0.0.0",
      "parameters": {
        "$connections": {
          "defaultValue": {},
          "type": "Object"
        },
        "$authentication": {
          "defaultValue": {},
          "type": "SecureObject"
        }
      },
      "triggers": {
        "When_a_row_is_added,_modified_or_deleted": {
          "metadata": {
            "operationMetadataId": "2f0ae889-4d40-45de-b214-b2bc513784f8"
          },
          "type": "OpenApiConnectionWebhook",
          "inputs": {
            "host": {
              "connectionName": "shared_commondataserviceforapps",
              "operationId": "SubscribeWebhookTrigger",
              "apiId": "/providers/Microsoft.PowerApps/apis/shared_commondataserviceforapps"
            },
            "parameters": {
              "subscriptionRequest/message": 3,
              "subscriptionRequest/entityname": "mass_referral",
              "subscriptionRequest/scope": 4
            },
            "authentication": "@parameters('$authentication')"
          }
        }
      },
      "actions": {
        "Try": {
          "actions": {
            "Get_Client_Request_by_Referral": {
              "runAfter": {},
              "metadata": {
                "operationMetadataId": "5dadfb3b-1bf0-4550-b00a-ed7b46b3e0d9"
              },
              "type": "OpenApiConnection",
              "inputs": {
                "host": {
                  "connectionName": "shared_commondataserviceforapps",
                  "operationId": "GetItem",
                  "apiId": "/providers/Microsoft.PowerApps/apis/shared_commondataserviceforapps"
                },
                "parameters": {
                  "entityName": "mass_clientrequests",
                  "recordId": "@triggerOutputs()?['body/_mass_clientrequest_value']"
                },
                "authentication": "@parameters('$authentication')"
              }
            },
            "Send_an_email_(V2)": {
              "runAfter": {
                "Get_Client_Request_by_Referral": [
                  "Succeeded"
                ]
              },
              "metadata": {
                "operationMetadataId": "98c19dc8-0dc5-4119-8e8e-d41c8e6efc33"
              },
              "type": "OpenApiConnection",
              "inputs": {
                "host": {
                  "connectionName": "shared_outlook",
                  "operationId": "SendEmailV2",
                  "apiId": "/providers/Microsoft.PowerApps/apis/shared_outlook"
                },
                "parameters": {
                  "emailMessage/To": "@outputs('Get_Client_Request_by_Referral')?['body/mass_emailaddress']",
                  "emailMessage/Subject": "Client Request - @{outputs('Get_Client_Request_by_Referral')?['body/mass_clientrequest']} Trip Details",
                  "emailMessage/Body": "<ul>\n  <li>Destination City - @{outputs('Get_Client_Request_by_Referral')?['body/_mass_goingto_value']}</li>\n  <li>Date of Departure - @{outputs('Get_Client_Request_by_Referral')?['body/mass_dateofdeparture']}</li>\n  <li>Date of Return - @{outputs('Get_Client_Request_by_Referral')?['body/mass_dateofreturn']}</li>\n  <li>Travel Cost - @{triggerOutputs()?['body/mass_travelcost']}<br>\n<br>\n</li>\n</ul>",
                  "emailMessage/Importance": "Normal"
                },
                "authentication": "@parameters('$authentication')",
                "retryPolicy": {
                  "type": "none"
                }
              }
            },
            "Update_Referral_to_Closed": {
              "runAfter": {
                "Send_an_email_(V2)": [
                  "Succeeded"
                ]
              },
              "metadata": {
                "operationMetadataId": "bc01f4f7-a4fb-4582-88f5-8e537caff880"
              },
              "type": "OpenApiConnection",
              "inputs": {
                "host": {
                  "connectionName": "shared_commondataserviceforapps",
                  "operationId": "UpdateOnlyRecord",
                  "apiId": "/providers/Microsoft.PowerApps/apis/shared_commondataserviceforapps"
                },
                "parameters": {
                  "entityName": "mass_referrals",
                  "recordId": "@triggerOutputs()?['body/mass_referralid']",
                  "item/statecode": 1,
                  "item/statuscode": 290280003
                },
                "authentication": "@parameters('$authentication')"
              }
            }
          },
          "runAfter": {},
          "metadata": {
            "operationMetadataId": "5e7b468d-26d9-4a40-9434-f08e3066af71"
          },
          "type": "Scope"
        },
        "Catch": {
          "actions": {},
          "runAfter": {
            "Try": [
              "Failed",
              "Skipped",
              "TimedOut"
            ]
          },
          "metadata": {
            "operationMetadataId": "b58d0dea-5598-44d4-9e86-5f299416261a"
          },
          "type": "Scope"
        }
      }
    },
    "templateName": ""
  },
  "schemaVersion": "1.0.0.0"
}