<environmentvariabledefinition schemaname="iv_aiServicesApiKey">
  <description default="API Key to access the Azure endpoint for text-to-speech">
    <label description="API Key to access the Azure endpoint for text-to-speech" languagecode="1033" />
  </description>
  <displayname default="Env-aiServicesApiKey">
    <label description="Env-aiServicesApiKey" languagecode="1033" />
  </displayname>
  <introducedversion>1.0.0.0</introducedversion>
  <iscustomizable>1</iscustomizable>
  <isrequired>0</isrequired>
  <secretstore>0</secretstore>
  <type>100000000</type>
</environmentvariabledefinition>