<environmentvariabledefinition schemaname="gsllc_Source_SharePoint_Url">
  <description default="The URL that the excel file first lands in">
    <label description="The URL that the excel file first lands in" languagecode="1033" />
  </description>
  <displayname default="Source_SharePoint_Url">
    <label description="Source_SharePoint_Url" languagecode="1033" />
  </displayname>
  <introducedversion>1.0.0.4</introducedversion>
  <iscustomizable>1</iscustomizable>
  <isrequired>0</isrequired>
  <secretstore>0</secretstore>
  <type>100000000</type>
</environmentvariabledefinition>