<aipluginoperation aiplugin.name="msdynaib_TimeManagement" operationid="msdynaib_TimeManagement">
  <aipluginoperationexportkey>aiplugin.name=msdynaib_TimeManagement,operationid=msdynaib_TimeManagement</aipluginoperationexportkey>
  <customapi>
    <uniquename>msdyn_aibdpttimemanagement65320871cfe942a697857858b6967c6f</uniquename>
  </customapi>
  <description>Create a time management plan for a workday, given these tasks and priorities  priorities . Take into account the meetings already in place for the day  meetings  and display a breakdown of focus allocations by time. Format response as HTML.



</description>
  <iscustomizable>1</iscustomizable>
  <msdyn_aimodel>
    <msdyn_aimodelid>65320871-cfe9-42a6-9785-7858b6967c6f</msdyn_aimodelid>
  </msdyn_aimodel>
  <name>msdynaib_TimeManagement</name>
</aipluginoperation>