<environmentvariabledefinition schemaname="iv_EnvOpenAIResourceName">
  <description default="The name of the Azure OpenAI resource itself">
    <label description="The name of the Azure OpenAI resource itself" languagecode="1033" />
  </description>
  <displayname default="Env-OpenAIResourceName">
    <label description="Env-OpenAIResourceName" languagecode="1033" />
  </displayname>
  <introducedversion>1.0.0.0</introducedversion>
  <iscustomizable>1</iscustomizable>
  <isrequired>0</isrequired>
  <secretstore>0</secretstore>
  <type>100000000</type>
</environmentvariabledefinition>