<powerpagecomponent powerpagecomponentid="fc700d11-0aee-4c14-b846-ed7254c3f1c5">
  <content>{
  "entityname": "Client Feedback - RU",
  "entitylogicalname": "mass_clientfeedback",
  "scope": 756150002,
  "append": true,
  "appendto": true,
  "delete": false,
  "read": true,
  "create": false,
  "write": false,
  "parentrelationship": null,
  "parententitypermission": null,
  "contactrelationship": null,
  "accountrelationship": "mass_clientfeedback_account",
  "childTablePermissions": [],
  "adx_entitypermission_webrole": [
    "bebfc636-75ec-ef11-be20-6045bdef6d3f"
  ]
}</content>
  <iscustomizable>1</iscustomizable>
  <name>Client Feedback - RU</name>
  <powerpagecomponenttype>18</powerpagecomponenttype>
  <powerpagesiteid>
    <powerpagesiteid>0cd59409-6fec-4be9-bd09-8f1d362195e1</powerpagesiteid>
  </powerpagesiteid>
  <statecode>0</statecode>
  <statuscode>1</statuscode>
</powerpagecomponent>