<botcomponent_connectionreferenceset>
  <botcomponent_connectionreference botcomponentid.schemaname="ba_vaRifyBot.component.API-Football-Getfixtures" connectionreferenceid.connectionreferencelogicalname="ba_vaRifyBot.shared_api-2dfootball-5fef65ead3619d20b2-5fd08fbdd201909bb3.shared-api-2dfootbal-531c3508-438e-415e-90c3-d0b7267b6cf0">
    <iscustomizable>1</iscustomizable>
  </botcomponent_connectionreference>
  <botcomponent_connectionreference botcomponentid.schemaname="ba_vaRifyBot.component.API-Football-Getteaminformation" connectionreferenceid.connectionreferencelogicalname="ba_vaRifyBot.shared_api-2dfootball-5fef65ead3619d20b2-5fd08fbdd201909bb3.shared-api-2dfootbal-531c3508-438e-415e-90c3-d0b7267b6cf0">
    <iscustomizable>1</iscustomizable>
  </botcomponent_connectionreference>
</botcomponent_connectionreferenceset>