﻿<?xml version="1.0" encoding="utf-8"?>
<ImportExportXml xmlns:xsi="http://www.w3.org/2001/XMLSchema-instance" OrganizationVersion="9.2.24101.180" OrganizationSchemaType="Standard" CRMServerServiceabilityVersion="9.2.24101.00180">
  <Entities />
  <Roles />
  <Workflows />
  <FieldSecurityProfiles />
  <Templates />
  <EntityMaps />
  <EntityRelationships />
  <OrganizationSettings />
  <optionsets />
  <CustomControls />
  <EntityDataProviders />
  <CanvasApps>
    <CanvasApp>
      <Name>wjw_colourpickercomponentlibrary_6635e</Name>
      <AppVersion>2024-10-29T11:49:46Z</AppVersion>
      <Status>Ready</Status>
      <CreatedByClientVersion>3.24102.15.0</CreatedByClientVersion>
      <MinClientVersion>3.24102.15.0</MinClientVersion>
      <Tags>{"primaryDeviceWidth":"640","primaryDeviceHeight":"640","supportsPortrait":"true","supportsLandscape":"true","primaryFormFactor":"Phone","showStatusBar":"false","publisherVersion":"3.24102.15","minimumRequiredApiVersion":"2.2.0","hasComponent":"true","hasUnlockedComponent":"true","isUnifiedRootApp":"false"}</Tags>
      <IsCdsUpgraded>0</IsCdsUpgraded>
      <GalleryItemId xsi:nil="true"></GalleryItemId>
      <BackgroundColor>RGBA(251,101,60,1)</BackgroundColor>
      <DisplayName>Colour Picker Component Library</DisplayName>
      <Description>A Component Library containing the Colour Picker component.</Description>
      <CommitMessage xsi:nil="true"></CommitMessage>
      <Publisher xsi:nil="true"></Publisher>
      <AuthorizationReferences>[]</AuthorizationReferences>
      <ConnectionReferences>{}</ConnectionReferences>
      <DatabaseReferences>{}</DatabaseReferences>
      <AppComponents>[{"appComponentName":"323cb8addca0413b9cf5c3d4441050e7","displayName":"cptColourPicker","appName":"945d08b6-d40f-49d9-84ea-4feeb1f9c8f5","appVersion":"2024-10-29T11:49:46Z","appComponentLibraryLogicalName":"wjw_colourpickercomponentlibrary_6635e","appDisplayName":"Colour Picker Component Library","environmentName":"6ca51c28-f05d-ee87-8afd-29fcc9ef7fad","owner":{"id":"cd350c02-a2b3-4e79-aa4d-c8260894d466","displayName":"James Williams","type":"User","tenantId":"bd78dee9-9abf-4401-b6d6-e142688c4654","userPrincipalName":"james@wjwdev.onmicrosoft.com"},"allowCustomization":true,"createdOn":"2024-10-29T11:49:44.862Z","lastModifiedOn":"2024-10-29T11:49:44.862Z","connectionReferences":{},"databaseReferences":{}}]</AppComponents>
      <AppComponentDependencies>[]</AppComponentDependencies>
      <CanConsumeAppPass>0</CanConsumeAppPass>
      <CanvasAppType>1</CanvasAppType>
      <BypassConsent>0</BypassConsent>
      <AdminControlBypassConsent>0</AdminControlBypassConsent>
      <EmbeddedApp xsi:nil="true"></EmbeddedApp>
      <IntroducedVersion>1.0</IntroducedVersion>
      <CdsDependencies>{"cdsdependencies":[]}</CdsDependencies>
      <IsCustomizable>1</IsCustomizable>
      <BackgroundImageUri>/CanvasApps/wjw_colourpickercomponentlibrary_6635e_BackgroundImageUri</BackgroundImageUri>
      <DocumentUri>/CanvasApps/wjw_colourpickercomponentlibrary_6635e_DocumentUri.msapp</DocumentUri>
      <AdditionalUris>
        <AdditionalUri>/CanvasApps/wjw_colourpickercomponentlibrary_6635e_AdditionalUris0_identity.json</AdditionalUri>
      </AdditionalUris>
    </CanvasApp>
    <CanvasApp>
      <Name>wjw_colourpickercomponent_84b4f</Name>
      <AppVersion>2024-10-29T11:50:55Z</AppVersion>
      <Status>Ready</Status>
      <CreatedByClientVersion>3.24102.15.0</CreatedByClientVersion>
      <MinClientVersion>3.24102.15.0</MinClientVersion>
      <Tags>{"primaryDeviceWidth":"640","primaryDeviceHeight":"640","supportsPortrait":"true","supportsLandscape":"true","primaryFormFactor":"Tablet","showStatusBar":"false","publisherVersion":"3.24102.15","minimumRequiredApiVersion":"2.2.0","hasComponent":"true","hasUnlockedComponent":"true","isUnifiedRootApp":"false","sienaVersion":"20241025T194755Z-3.24102.14.0"}</Tags>
      <IsCdsUpgraded>0</IsCdsUpgraded>
      <GalleryItemId xsi:nil="true"></GalleryItemId>
      <BackgroundColor>rgba(0, 0, 0, 1)</BackgroundColor>
      <DisplayName>Colour Picker Component Demo</DisplayName>
      <Description>A component that provides a colour picker interface with a customisable number of rows/columns.</Description>
      <CommitMessage xsi:nil="true"></CommitMessage>
      <Publisher xsi:nil="true"></Publisher>
      <AuthorizationReferences>[]</AuthorizationReferences>
      <ConnectionReferences>{}</ConnectionReferences>
      <DatabaseReferences>{}</DatabaseReferences>
      <AppComponents>[]</AppComponents>
      <AppComponentDependencies>[]</AppComponentDependencies>
      <CanConsumeAppPass>0</CanConsumeAppPass>
      <CanvasAppType>0</CanvasAppType>
      <BypassConsent>0</BypassConsent>
      <AdminControlBypassConsent>0</AdminControlBypassConsent>
      <EmbeddedApp xsi:nil="true"></EmbeddedApp>
      <IntroducedVersion>1.0</IntroducedVersion>
      <CdsDependencies>{"cdsdependencies":[]}</CdsDependencies>
      <IsCustomizable>1</IsCustomizable>
      <BackgroundImageUri>/CanvasApps/wjw_colourpickercomponent_84b4f_BackgroundImageUri</BackgroundImageUri>
      <DocumentUri>/CanvasApps/wjw_colourpickercomponent_84b4f_DocumentUri.msapp</DocumentUri>
      <AdditionalUris>
        <AdditionalUri>/CanvasApps/wjw_colourpickercomponent_84b4f_AdditionalUris0_identity.json</AdditionalUri>
      </AdditionalUris>
    </CanvasApp>
  </CanvasApps>
  <Languages>
    <Language>1033</Language>
  </Languages>
</ImportExportXml>