<environmentvariabledefinition schemaname="archer_InputActive">
  <description default="Sample: #A2C9EA">
    <label description="Sample: #A2C9EA" languagecode="1033" />
  </description>
  <displayname default="InputActive">
    <label description="InputActive" languagecode="1033" />
  </displayname>
  <introducedversion>1.0.0.0</introducedversion>
  <iscustomizable>1</iscustomizable>
  <isrequired>0</isrequired>
  <secretstore>0</secretstore>
  <type>100000000</type>
</environmentvariabledefinition>