﻿<?xml version="1.0" encoding="utf-8"?>
<ImportExportXml xmlns:xsi="http://www.w3.org/2001/XMLSchema-instance">
  <Entities />
  <Roles />
  <Workflows />
  <FieldSecurityProfiles />
  <Templates />
  <EntityMaps />
  <EntityRelationships />
  <OrganizationSettings />
  <optionsets />
  <CustomControls />
  <EntityDataProviders />
  <CanvasApps>
    <CanvasApp>
      <Name>wa_taskmanagmentapp_7c2bf</Name>
      <AppVersion>2023-11-24T02:19:31Z</AppVersion>
      <Status>Ready</Status>
      <CreatedByClientVersion>3.23105.18.0</CreatedByClientVersion>
      <MinClientVersion>3.23105.18.0</MinClientVersion>
      <Tags>{"primaryDeviceWidth":"400","primaryDeviceHeight":"300","supportsPortrait":"true","supportsLandscape":"true","primaryFormFactor":"Tablet","showStatusBar":"false","publisherVersion":"3.23105.18","minimumRequiredApiVersion":"2.2.0","hasComponent":"true","hasUnlockedComponent":"true","isUnifiedRootApp":"false","sienaVersion":"20231123T072743Z-3.23105.18.0","coauthoringEnabled":"true"}</Tags>
      <IsCdsUpgraded>0</IsCdsUpgraded>
      <GalleryItemId xsi:nil="true"></GalleryItemId>
      <BackgroundColor>RGBA(0,176,240,1)</BackgroundColor>
      <DisplayName>Task Managment App</DisplayName>
      <Description>Fixed Everything</Description>
      <CommitMessage xsi:nil="true"></CommitMessage>
      <Publisher xsi:nil="true"></Publisher>
      <AuthorizationReferences>[]</AuthorizationReferences>
      <ConnectionReferences>{"3706d264-2060-4c7d-9379-6a6140992f76":{"id":"/providers/microsoft.powerapps/apis/shared_sharepointonline","displayName":"SharePoint","iconUri":"https://connectoricons-prod.azureedge.net/releases/v1.0.1664/1.0.1664.3477/sharepointonline/icon.png","dataSources":["Events","Projects","Pods","Task Tracker","Users"],"dependencies":[],"dependents":[],"parameterHints":{},"parameterHintsV2":{},"isOnPremiseConnection":false,"bypassConsent":false,"dataSets":{"https://pdlz.sharepoint.com/sites/TaskManagmentApp_wa_testEnvVar":{"datasetOverride":{"name":"https://pdlz.sharepoint.com/sites/TaskManagmentApp","environmentVariableName":"wa_testEnvVar"},"dataSources":{"Events":{"tableName":"67efa8c4-f7a6-4e54-8be8-5f6f7105096f","tableNameOverride":{"name":"67efa8c4-f7a6-4e54-8be8-5f6f7105096f","environmentVariableName":"wa_shared_sharepointonline_f63aec0fca2e44e1900fb192de84e19c"}},"Projects":{"tableName":"349868bc-4d19-49d1-8d01-df01608e2ae7","tableNameOverride":{"name":"349868bc-4d19-49d1-8d01-df01608e2ae7","environmentVariableName":"wa_shared_sharepointonline_00218b2e3a8c4cc0b78865fcacdf839a"}},"Pods":{"tableName":"a370b128-a440-405c-9b3c-af7c706bfa64","tableNameOverride":{"name":"a370b128-a440-405c-9b3c-af7c706bfa64","environmentVariableName":"wa_shared_sharepointonline_8a69ba0c170243e29acf3bd7683018be"}},"Task Tracker":{"tableName":"df3be436-72a4-4fd7-a69c-9ddd4bc50732","tableNameOverride":{"name":"df3be436-72a4-4fd7-a69c-9ddd4bc50732","environmentVariableName":"wa_shared_sharepointonline_d256589fec514cc283550cd869185031"}},"Users":{"tableName":"1ee45ad9-04ec-446d-a3d3-4bf498681745","tableNameOverride":{"name":"1ee45ad9-04ec-446d-a3d3-4bf498681745","environmentVariableName":"wa_shared_sharepointonline_2a01dff1831b4839bf8143d7bad82570"}}}}},"apiTier":"Standard","actions":["providers/PowerPlatform.Governance/Operations/Read","providers/PowerPlatform.Governance/Operations/Write","providers/PowerPlatform.Governance/Operations/Delete"]}}</ConnectionReferences>
      <DatabaseReferences>{}</DatabaseReferences>
      <AppComponents>[]</AppComponents>
      <AppComponentDependencies>[]</AppComponentDependencies>
      <CanConsumeAppPass>1</CanConsumeAppPass>
      <CanvasAppType>0</CanvasAppType>
      <BypassConsent>0</BypassConsent>
      <AdminControlBypassConsent>0</AdminControlBypassConsent>
      <EmbeddedApp xsi:nil="true"></EmbeddedApp>
      <IntroducedVersion>1.0</IntroducedVersion>
      <CdsDependencies>{"cdsdependencies":[{"logicalname":"wa_testEnvVar","componenttype":380,"componenttypeplatformname":"EnvironmentVariableDefinition"},{"logicalname":"wa_shared_sharepointonline_f63aec0fca2e44e1900fb192de84e19c","componenttype":380,"componenttypeplatformname":"EnvironmentVariableDefinition"},{"logicalname":"wa_shared_sharepointonline_00218b2e3a8c4cc0b78865fcacdf839a","componenttype":380,"componenttypeplatformname":"EnvironmentVariableDefinition"},{"logicalname":"wa_shared_sharepointonline_8a69ba0c170243e29acf3bd7683018be","componenttype":380,"componenttypeplatformname":"EnvironmentVariableDefinition"},{"logicalname":"wa_shared_sharepointonline_d256589fec514cc283550cd869185031","componenttype":380,"componenttypeplatformname":"EnvironmentVariableDefinition"},{"logicalname":"wa_shared_sharepointonline_2a01dff1831b4839bf8143d7bad82570","componenttype":380,"componenttypeplatformname":"EnvironmentVariableDefinition"}]}</CdsDependencies>
      <IsCustomizable>1</IsCustomizable>
      <BackgroundImageUri>/CanvasApps/wa_taskmanagmentapp_7c2bf_BackgroundImageUri</BackgroundImageUri>
      <DocumentUri>/CanvasApps/wa_taskmanagmentapp_7c2bf_DocumentUri.msapp</DocumentUri>
    </CanvasApp>
  </CanvasApps>
  <Languages>
    <Language>1033</Language>
  </Languages>
</ImportExportXml>