<environmentvariabledefinition schemaname="gsllc_Email_Subject_Filter_String">
  <description default="The string to filter in the subject for our emails">
    <label description="The string to filter in the subject for our emails" languagecode="1033" />
  </description>
  <displayname default="Email_Subject_Filter_String">
    <label description="Email_Subject_Filter_String" languagecode="1033" />
  </displayname>
  <introducedversion>1.0.0.4</introducedversion>
  <iscustomizable>1</iscustomizable>
  <isrequired>0</isrequired>
  <secretstore>0</secretstore>
  <type>100000000</type>
</environmentvariabledefinition>