<powerpagecomponent powerpagecomponentid="650f26be-49ec-77c1-2c53-3408d1b43f12">
  <content>{"modifiedon":"2025-02-19T13:46:15Z","summary":"ORANGE_DESCRIPTION","publishingstateid":"98c3c40d-73b6-4b26-9791-e0b89a21706e","partialurl":"ORANGE-1.scss","parentpageid":"c56a2cdf-2101-4a37-9797-240630eeab31"}</content>
  <filecontent mimetype="application/octet-stream">ORANGE%20(1)</filecontent>
  <iscustomizable>1</iscustomizable>
  <name>ORANGE (1)</name>
  <powerpagecomponenttype>3</powerpagecomponenttype>
  <powerpagesiteid>
    <powerpagesiteid>0cd59409-6fec-4be9-bd09-8f1d362195e1</powerpagesiteid>
  </powerpagesiteid>
  <statecode>0</statecode>
  <statuscode>1</statuscode>
</powerpagecomponent>