<ImportExportXml version="9.2.23083.184" SolutionPackageVersion="9.2" languagecode="1033" generatedBy="CrmLive" xmlns:xsi="http://www.w3.org/2001/XMLSchema-instance">
  <SolutionManifest>
    <UniqueName>PromptManager</UniqueName>
    <LocalizedNames>
      <LocalizedName description="Prompt Manager" languagecode="1033" />
    </LocalizedNames>
    <Descriptions>
      <Description description="This solution contains everything you need to manage prompts for your organization. " languagecode="1033" />
    </Descriptions>
    <Version>1.0.0.6</Version>
    <Managed>1</Managed>
    <Publisher>
      <UniqueName>PowerPlatformAdvocates</UniqueName>
      <LocalizedNames>
        <LocalizedName description="Power Platform Advocates" languagecode="1033" />
      </LocalizedNames>
      <Descriptions />
      <EMailAddress xsi:nil="true"></EMailAddress>
      <SupportingWebsiteUrl xsi:nil="true"></SupportingWebsiteUrl>
      <CustomizationPrefix>ppa</CustomizationPrefix>
      <CustomizationOptionValuePrefix>89425</CustomizationOptionValuePrefix>
      <Addresses>
        <Address>
          <AddressNumber>1</AddressNumber>
          <AddressTypeCode>1</AddressTypeCode>
          <City xsi:nil="true"></City>
          <County xsi:nil="true"></County>
          <Country xsi:nil="true"></Country>
          <Fax xsi:nil="true"></Fax>
          <FreightTermsCode xsi:nil="true"></FreightTermsCode>
          <ImportSequenceNumber xsi:nil="true"></ImportSequenceNumber>
          <Latitude xsi:nil="true"></Latitude>
          <Line1 xsi:nil="true"></Line1>
          <Line2 xsi:nil="true"></Line2>
          <Line3 xsi:nil="true"></Line3>
          <Longitude xsi:nil="true"></Longitude>
          <Name xsi:nil="true"></Name>
          <PostalCode xsi:nil="true"></PostalCode>
          <PostOfficeBox xsi:nil="true"></PostOfficeBox>
          <PrimaryContactName xsi:nil="true"></PrimaryContactName>
          <ShippingMethodCode>1</ShippingMethodCode>
          <StateOrProvince xsi:nil="true"></StateOrProvince>
          <Telephone1 xsi:nil="true"></Telephone1>
          <Telephone2 xsi:nil="true"></Telephone2>
          <Telephone3 xsi:nil="true"></Telephone3>
          <TimeZoneRuleVersionNumber xsi:nil="true"></TimeZoneRuleVersionNumber>
          <UPSZone xsi:nil="true"></UPSZone>
          <UTCOffset xsi:nil="true"></UTCOffset>
          <UTCConversionTimeZoneCode xsi:nil="true"></UTCConversionTimeZoneCode>
        </Address>
        <Address>
          <AddressNumber>2</AddressNumber>
          <AddressTypeCode>1</AddressTypeCode>
          <City xsi:nil="true"></City>
          <County xsi:nil="true"></County>
          <Country xsi:nil="true"></Country>
          <Fax xsi:nil="true"></Fax>
          <FreightTermsCode xsi:nil="true"></FreightTermsCode>
          <ImportSequenceNumber xsi:nil="true"></ImportSequenceNumber>
          <Latitude xsi:nil="true"></Latitude>
          <Line1 xsi:nil="true"></Line1>
          <Line2 xsi:nil="true"></Line2>
          <Line3 xsi:nil="true"></Line3>
          <Longitude xsi:nil="true"></Longitude>
          <Name xsi:nil="true"></Name>
          <PostalCode xsi:nil="true"></PostalCode>
          <PostOfficeBox xsi:nil="true"></PostOfficeBox>
          <PrimaryContactName xsi:nil="true"></PrimaryContactName>
          <ShippingMethodCode>1</ShippingMethodCode>
          <StateOrProvince xsi:nil="true"></StateOrProvince>
          <Telephone1 xsi:nil="true"></Telephone1>
          <Telephone2 xsi:nil="true"></Telephone2>
          <Telephone3 xsi:nil="true"></Telephone3>
          <TimeZoneRuleVersionNumber xsi:nil="true"></TimeZoneRuleVersionNumber>
          <UPSZone xsi:nil="true"></UPSZone>
          <UTCOffset xsi:nil="true"></UTCOffset>
          <UTCConversionTimeZoneCode xsi:nil="true"></UTCConversionTimeZoneCode>
        </Address>
      </Addresses>
    </Publisher>
    <RootComponents>
      <RootComponent type="1" schemaName="cr84c_newtable" behavior="0" />
      <RootComponent type="1" schemaName="cr84c_newtable1" behavior="0" />
      <RootComponent type="1" schemaName="cr84c_newtable2" behavior="0" />
      <RootComponent type="1" schemaName="cr84c_newtable3" behavior="0" />
      <RootComponent type="1" schemaName="cr84c_promptlibrary" behavior="0" />
      <RootComponent type="20" id="{4c14c79f-8548-ee11-be6d-0022482a45d2}" behavior="0" />
      <RootComponent type="20" id="{93f61239-8447-ee11-be6d-0022482a4279}" behavior="0" />
      <RootComponent type="20" id="{cdd4650a-4648-ee11-be6d-0022482a45d2}" behavior="0" />
      <RootComponent type="62" schemaName="ppa_PromptManagerAdministration" behavior="0" />
      <RootComponent type="80" schemaName="ppa_PromptManagerAdministration" behavior="0" />
      <RootComponent type="300" schemaName="ppa_promptmanager_e4d84" behavior="0" />
    </RootComponents>
    <MissingDependencies>
      <MissingDependency>
        <Required type="61" schemaName="msdyn_/Images/AppModule_Default_Icon.png" displayName="msdyn_/Images/AppModule_Default_Icon.png" solution="AppModuleWebResources (2.5)" />
        <Dependent type="80" schemaName="ppa_PromptManagerAdministration" displayName="Prompt Manager Administration" />
      </MissingDependency>
    </MissingDependencies>
  </SolutionManifest>
</ImportExportXml>