<powerpagecomponent powerpagecomponentid="8db7ca6b-7c99-4c74-88a0-bf72a5a19b0a">
  <content>{"enablerating":false,"enabletracking":false,"excludefromsearch":false,"hiddenfromsitemap":true,"isroot":false,"pagetemplateid":"e67712e6-5f0f-4967-a32d-513eac51f775","parentpageid":"c56a2cdf-2101-4a37-9797-240630eeab31","partialurl":"search","publishingstateid":"98c3c40d-73b6-4b26-9791-e0b89a21706e","rootwebpageid":"618f415a-659f-4c68-bea6-f1a660203f1e","sharedpageconfiguration":false}</content>
  <iscustomizable>1</iscustomizable>
  <name>Search</name>
  <powerpagecomponenttype>2</powerpagecomponenttype>
  <powerpagesiteid>
    <powerpagesiteid>0cd59409-6fec-4be9-bd09-8f1d362195e1</powerpagesiteid>
  </powerpagesiteid>
  <powerpagesitelanguageid>
    <powerpagesitelanguageid>86376c44-2f1d-4c1c-ab77-515ae3517a4f</powerpagesitelanguageid>
  </powerpagesitelanguageid>
  <searchcontent>Search</searchcontent>
  <statecode>0</statecode>
  <statuscode>1</statuscode>
</powerpagecomponent>