<powerpagecomponent powerpagecomponentid="4a07dc4b-96ec-ef11-be20-6045bdef6d3f">
  <content>{
  "filecontent": null,
  "tabname": "tab_General",
  "formname": "Information",
  "entityname": "mass_clientfeedback",
  "referenceentityshowreadonlyform": false,
  "referencequerystringisprimarykey": true,
  "populatereferenceentitylookupfield": false,
  "setentityreference": false,
  "geolocation_displaymap": false,
  "geolocation_enabled": false,
  "attachfilerestrictaccept": false,
  "attachfilerequired": false,
  "attachfileallowmultiple": false,
  "attachfile": false,
  "portaluserlookupattributeisactivityparty": false,
  "associatecurrentportaluser": false,
  "redirecturlappendentityidquerystring": false,
  "appendquerystring": false,
  "hideformonsuccess": true,
  "onsuccess": "756150000",
  "validationsummarylinksenabled": true,
  "forceallfieldsrequired": false,
  "recommendedfieldsrequired": false,
  "showunsupportedfields": false,
  "showownerfields": false,
  "tooltipenabled": false,
  "renderwebresourcesinline": false,
  "autogeneratesteps": false,
  "showcaptchaforauthenticatedusers": false,
  "captcharequired": true,
  "recordsourceallowcreateonnull": false,
  "entitypermissionsenabled": true,
  "mode": 100000000,
  "geolocation_maptype": 756150000,
  "entityFormMetadatas": [
    "f193d25e-96ec-ef11-be20-6045bdef6d3f"
  ],
  "lcid": 1033,
  "successmessage": "[{\"LCID\":1033,\"Value\":\"Thank you!!!!!\"}]",
  "attachfilelabel": "[{\"LCID\":1033,\"Value\":\"\"}]",
  "attachfilemaxsize": null,
  "entitysourcetype": null,
  "recordidquerystringparametername": null,
  "redirecturl": null,
  "redirectwebpage": null,
  "attachfilestoragelocation": 756150000,
  "maximumnooffiles": 5,
  "containername": "",
  "storageaccountname": ""
}</content>
  <iscustomizable>1</iscustomizable>
  <name>Client Feedback - Add</name>
  <powerpagecomponenttype>15</powerpagecomponenttype>
  <powerpagesiteid>
    <powerpagesiteid>0cd59409-6fec-4be9-bd09-8f1d362195e1</powerpagesiteid>
  </powerpagesiteid>
  <statecode>0</statecode>
  <statuscode>1</statuscode>
</powerpagecomponent>