<environmentvariabledefinition schemaname="alexmsft_FollowSitesSPOSite">
  <apiid>/providers/microsoft.powerapps/apis/shared_sharepointonline</apiid>
  <description default="SharePoint site for the Follow Sites solution">
    <label description="SharePoint site for the Follow Sites solution" languagecode="1033" />
  </description>
  <displayname default="Follow Sites SPO Site">
    <label description="Follow Sites SPO Site" languagecode="1033" />
  </displayname>
  <introducedversion>1.0.0.0</introducedversion>
  <iscustomizable>1</iscustomizable>
  <isrequired>0</isrequired>
  <parameterkey>dataset</parameterkey>
  <secretstore>0</secretstore>
  <type>100000004</type>
</environmentvariabledefinition>