<powerpagecomponent powerpagecomponentid="7f3e9e3d-1ba0-8996-1fc4-545f67483913">
  <content>{
  "webpageid": "085779db-eb59-f677-59dc-75efa099a1d1",
  "right": 2,
  "scope": 1,
  "adx_webpageaccesscontrolrule_webrole": [
    "bebfc636-75ec-ef11-be20-6045bdef6d3f"
  ]
}</content>
  <iscustomizable>1</iscustomizable>
  <name>Restrict Read on Referrals</name>
  <powerpagecomponenttype>10</powerpagecomponenttype>
  <powerpagesiteid>
    <powerpagesiteid>0cd59409-6fec-4be9-bd09-8f1d362195e1</powerpagesiteid>
  </powerpagesiteid>
  <statecode>0</statecode>
  <statuscode>1</statuscode>
</powerpagecomponent>