<environmentvariabledefinition schemaname="pnp_Timelimittorespond">
  <defaultvalue>5</defaultvalue>
  <description default="Allowed time duration in minutes to respond">
    <label description="Allowed time duration in minutes to respond" languagecode="1033" />
  </description>
  <displayname default="Time limit to respond">
    <label description="Time limit to respond" languagecode="1033" />
  </displayname>
  <introducedversion>1.0.0.0</introducedversion>
  <iscustomizable>1</iscustomizable>
  <isrequired>0</isrequired>
  <secretstore>0</secretstore>
  <type>100000000</type>
</environmentvariabledefinition>