<powerpagecomponent powerpagecomponentid="d41050cb-49d4-6fd6-6674-bdfbcf912738">
  <content>{
  "displayorder": 2,
  "weblinksetid": "8be3b635-8771-4386-9361-87ff0d106b8a",
  "pageid": "69102581-ef64-5013-1457-fff80a5c8513",
  "publishingstateid": "98c3c40d-73b6-4b26-9791-e0b89a21706e",
  "displaypagevalidation": false,
  "displayimageonly": false,
  "displaypagechildlinks": false,
  "openinnewwindow": false,
  "robotsfollowlink": true
}</content>
  <iscustomizable>1</iscustomizable>
  <name>Destinations-deleted</name>
  <powerpagecomponenttype>5</powerpagecomponenttype>
  <powerpagesiteid>
    <powerpagesiteid>0cd59409-6fec-4be9-bd09-8f1d362195e1</powerpagesiteid>
  </powerpagesiteid>
  <statecode>1</statecode>
  <statuscode>2</statuscode>
</powerpagecomponent>