<environmentvariabledefinition schemaname="iv_EnvOpenAIApiKey">
  <description default="API Key to be used with the OpenAI resource">
    <label description="API Key to be used with the OpenAI resource" languagecode="1033" />
  </description>
  <displayname default="Env-OpenAIApiKey">
    <label description="Env-OpenAIApiKey" languagecode="1033" />
  </displayname>
  <introducedversion>1.0.0.0</introducedversion>
  <iscustomizable>1</iscustomizable>
  <isrequired>0</isrequired>
  <secretstore>0</secretstore>
  <type>100000000</type>
</environmentvariabledefinition>