<environmentvariabledefinition schemaname="archer_AzureOpenAIURL">
  <description default="Example: openai/deployments/YOURMODELNAME/chat/completions">
    <label description="Example: openai/deployments/YOURMODELNAME/chat/completions" languagecode="1033" />
  </description>
  <displayname default="AzureOpenAIURL">
    <label description="AzureOpenAIURL" languagecode="1033" />
  </displayname>
  <introducedversion>1.0.0.0</introducedversion>
  <iscustomizable>1</iscustomizable>
  <isrequired>0</isrequired>
  <secretstore>0</secretstore>
  <type>100000000</type>
</environmentvariabledefinition>