<environmentvariabledefinition schemaname="crfc6_SharePointSiteURL">
  <apiid>/providers/microsoft.powerapps/apis/shared_sharepointonline</apiid>
  <description default="URL of the SharePoint Site">
    <label description="URL of the SharePoint Site" languagecode="1033" />
  </description>
  <displayname default="SharePoint Site URL">
    <label description="SharePoint Site URL" languagecode="1033" />
  </displayname>
  <introducedversion>1.0.0.0</introducedversion>
  <iscustomizable>1</iscustomizable>
  <isrequired>0</isrequired>
  <parameterkey>dataset</parameterkey>
  <secretstore>0</secretstore>
  <type>100000004</type>
</environmentvariabledefinition>