<powerpagecomponent powerpagecomponentid="d44aee1b-471c-4c6b-bcb2-ead1fe10b5ee">
  <content>{"enabletracking":false,"excludefromsearch":false,"hiddenfromsitemap":false,"parentpageid":"c56a2cdf-2101-4a37-9797-240630eeab31","partialurl":"Logo-sm-64.png","publishingstateid":"98c3c40d-73b6-4b26-9791-e0b89a21706e"}</content>
  <filecontent mimetype="application/octet-stream">Logo-sm-64.png</filecontent>
  <iscustomizable>1</iscustomizable>
  <name>Logo-sm-64.png</name>
  <powerpagecomponenttype>3</powerpagecomponenttype>
  <powerpagesiteid>
    <powerpagesiteid>0cd59409-6fec-4be9-bd09-8f1d362195e1</powerpagesiteid>
  </powerpagesiteid>
  <statecode>0</statecode>
  <statuscode>1</statuscode>
</powerpagecomponent>