<environmentvariabledefinition schemaname="pnp_EmailSubject">
  <defaultvalue>Email Archival Test</defaultvalue>
  <description default="Subject filter for the incoming email">
    <label description="Subject filter for the incoming email" languagecode="1033" />
  </description>
  <displayname default="Incoming Email Subject">
    <label description="Incoming Email Subject" languagecode="1033" />
  </displayname>
  <introducedversion>1.0.0.0</introducedversion>
  <iscustomizable>1</iscustomizable>
  <isrequired>0</isrequired>
  <secretstore>0</secretstore>
  <type>100000000</type>
</environmentvariabledefinition>