<powerpagecomponent powerpagecomponentid="9cad8820-7584-40c0-a229-ccce2cf9502b">
  <content>{
  "filecontent": null,
  "copy": "&lt;div data-component-theme=\"\" class=\"row sectionBlockLayout text-start\" style='display: flex; flex-wrap: wrap; margin: 0px; min-height: auto; padding: 8px; border: 0px solid rgb(0, 0, 0); background-position: center center; background-repeat: no-repeat; background-image: url(\"/Screenshot 2025-02-19 092426.png\"); background-size: cover; opacity: 1;'&gt;\n  &lt;div class=\"container\" style=\"padding: 0px; display: flex; flex-wrap: wrap;\"&gt;\n    &lt;div class=\"col-lg-12 columnBlockLayout\" style=\"flex-grow: 1; display: flex; flex-direction: column; min-width: 250px; margin: 0px; padding: 0px;\"&gt;\n      &lt;h1 style=\"text-align: center; font-weight: 400; font-family: Lobster; font-size: 52px; letter-spacing: 0; line-height: 100px; background-color: rgba(255, 255, 255, 0.8);\"&gt;MASS Travel – Tailored Journeys, Personalized for You&lt;/h1&gt;\n      &lt;h4 style=\"text-align: center; text-shadow: 0px 0px 10px #FFFFFF; font-family: Caveat; font-size: 50px; box-shadow: 0px 0px 0px #000000; opacity: 1; background-color: rgba(255, 255, 255, 0);\"&gt;Your Dream Trip, Our Expertise&amp;nbsp;&lt;/h4&gt;\n      &lt;div class=\"row sectionBlockLayout\" style=\"display: flex; flex-wrap: wrap; padding: 8px; margin: 0px; min-height: 20px;\"&gt;&lt;/div&gt;\n      &lt;p style=\"font-family: Kalam; font-weight: 700; box-shadow: 0px 0px 0px #FFFFFF; text-shadow: 0px 0px 7px #FFFFFF; border: 4px solid rgb(42, 44, 46);\"&gt;🌍 Explore. Experience. Enjoy. We specialize in creating custom travel experiences that match your unique preferences. Whether you seek adventure, relaxation, or cultural exploration, MASS Travel takes care of every detail—so you can focus on making unforgettable memories. &lt;br /&gt;&lt;br /&gt;📍 Where do you want to go? Tell us your dream destination, and we’ll craft the perfect journey for you.&lt;br /&gt;🔹 Start your adventure today – &lt;a draggable=\"true\" href=\"/Inquiry\" class=\"anchor-inherit-styles anchor-hover-color-color4\"&gt;Submit an Inquiry&lt;/a&gt;&lt;/p&gt;\n      &lt;h4 style=\"text-align: left; background-color: rgba(255, 255, 255, 0.8); line-height: 51px;\"&gt;📍 How It Works&lt;/h4&gt;\n      &lt;p style=\"background-color: rgba(255, 255, 255, 0.8); padding: 11px 11px 11px 11px;\"&gt;✈️ Step 1: Share Your Travel Preferences – Tell us your dream destination, budget, and interests. &lt;br /&gt;🎯 Step 2: We Design a Custom Itinerary – Tailored travel plans that match your style. &lt;br /&gt;📅 Step 3: Seamless Booking – Our team arranges everything for you. &lt;br /&gt;🌏 Step 4: Travel &amp;amp; Enjoy – Explore with confidence, knowing we’ve got you covered. 🗺 Start Planning Now - &lt;a draggable=\"true\" href=\"/Inquiry\" class=\"anchor-inherit-styles anchor-hover-color-color4\"&gt;Submit an Inquiry&lt;/a&gt;&lt;/p&gt;\n      &lt;div class=\"row sectionBlockLayout\" style=\"display: flex; flex-wrap: wrap; padding: 8px; margin: 0px; min-height: 15px;\"&gt;&lt;/div&gt;\n      &lt;h4 style=\"text-align: left; background-color: rgba(255, 255, 255, 0.8); line-height: 50px;\"&gt;🌍 Explore Popular Destinations&lt;/h4&gt;\n      &lt;p style=\"background-color: rgba(255, 255, 255, 0.8); border-radius: 0 0 0 0; padding: 10px 10px 10px 10px;\"&gt;🏝 Bali, Indonesia – Relax on stunning beaches and explore lush jungles. &lt;br /&gt;🏔 Switzerland – Experience breathtaking alpine landscapes and luxury retreats. &lt;br /&gt;🏛 Greece – Discover historic ruins and picture-perfect islands. &lt;br /&gt;🗼 Japan – Immerse yourself in a blend of tradition and modern marvels. &lt;br /&gt;🎒 More destinations tailored for you! &lt;a href=\"/Inquiry\" class=\"anchor-inherit-styles anchor-hover-color-color4\"&gt;Explore Now&lt;/a&gt;&lt;/p&gt;\n    &lt;/div&gt;\n  &lt;/div&gt;\n&lt;/div&gt;\n",
  "displayorder": 1,
  "enablerating": false,
  "enabletracking": false,
  "excludefromsearch": false,
  "feedbackpolicy": 756150005,
  "hiddenfromsitemap": false,
  "isroot": false,
  "pagetemplateid": "24ef4cfc-9aea-4ffb-ae57-e19531d5db47",
  "partialurl": "/",
  "publishingstateid": "98c3c40d-73b6-4b26-9791-e0b89a21706e",
  "rootwebpageid": "c56a2cdf-2101-4a37-9797-240630eeab31",
  "sharedpageconfiguration": false,
  "summary": "&lt;p&gt;This is a sample landing page for you to start creating your website.&lt;/p&gt;",
  "title": "Home",
  "parentpageid": null,
  "customcss": "@import url('https://content.powerapps.com/resource/powerappsportal/fonts/kalam/v16/700.css');\n@import url('https://content.powerapps.com/resource/powerappsportal/fonts/caveat/v17/400.css');\n@import url('https://content.powerapps.com/resource/powerappsportal/fonts/dancing-script/v24/700.css');\n@import url('https://content.powerapps.com/resource/powerappsportal/fonts/dancing-script/v24/600.css');\n@import url('https://content.powerapps.com/resource/powerappsportal/fonts/caveat/v17/700.css');\n@import url('https://content.powerapps.com/resource/powerappsportal/fonts/amatic-sc/v24/400.css');\n@import url('https://content.powerapps.com/resource/powerappsportal/fonts/dancing-script/v24/400.css');\n@import url('https://content.powerapps.com/resource/powerappsportal/fonts/lobster/v28/400.css');\n"
}</content>
  <iscustomizable>1</iscustomizable>
  <name>Home</name>
  <powerpagecomponenttype>2</powerpagecomponenttype>
  <powerpagesiteid>
    <powerpagesiteid>0cd59409-6fec-4be9-bd09-8f1d362195e1</powerpagesiteid>
  </powerpagesiteid>
  <powerpagesitelanguageid>
    <powerpagesitelanguageid>86376c44-2f1d-4c1c-ab77-515ae3517a4f</powerpagesitelanguageid>
  </powerpagesitelanguageid>
  <searchcontent>Home&lt;div data-component-theme="" class="row sectionBlockLayout text-start" style='display: flex; flex-wrap: wrap; margin: 0px; min-height: auto; padding: 8px; border: 0px solid rgb(0, 0, 0); background-position: center center; background-repeat: no-repeat; background-image: url("/Screenshot 2025-02-19 092426.png"); background-size: cover; opacity: 1;'&gt;
  &lt;div class="container" style="padding: 0px; display: flex; flex-wrap: wrap;"&gt;
    &lt;div class="col-lg-12 columnBlockLayout" style="flex-grow: 1; display: flex; flex-direction: column; min-width: 250px; margin: 0px; padding: 0px;"&gt;
      &lt;h1 style="text-align: center; font-weight: 400; font-family: Lobster; font-size: 52px; letter-spacing: 0; line-height: 100px; background-color: rgba(255, 255, 255, 0.8);"&gt;MASS Travel – Tailored Journeys, Personalized for You&lt;/h1&gt;
      &lt;h4 style="text-align: center; text-shadow: 0px 0px 10px #FFFFFF; font-family: Caveat; font-size: 50px; box-shadow: 0px 0px 0px #000000; opacity: 1; background-color: rgba(255, 255, 255, 0);"&gt;Your Dream Trip, Our Expertise&amp;nbsp;&lt;/h4&gt;
      &lt;div class="row sectionBlockLayout" style="display: flex; flex-wrap: wrap; padding: 8px; margin: 0px; min-height: 20px;"&gt;&lt;/div&gt;
      &lt;p style="font-family: Kalam; font-weight: 700; box-shadow: 0px 0px 0px #FFFFFF; text-shadow: 0px 0px 7px #FFFFFF; border: 4px solid rgb(42, 44, 46);"&gt;🌍 Explore. Experience. Enjoy. We specialize in creating custom travel experiences that match your unique preferences. Whether you seek adventure, relaxation, or cultural exploration, MASS Travel takes care of every detail—so you can focus on making unforgettable memories. &lt;br /&gt;&lt;br /&gt;📍 Where do you want to go? Tell us your dream destination, and we’ll craft the perfect journey for you.&lt;br /&gt;🔹 Start your adventure today – &lt;a draggable="true" href="/Inquiry" class="anchor-inherit-styles anchor-hover-color-color4"&gt;Submit an Inquiry&lt;/a&gt;&lt;/p&gt;
      &lt;h4 style="text-align: left; background-color: rgba(255, 255, 255, 0.8); line-height: 51px;"&gt;📍 How It Works&lt;/h4&gt;
      &lt;p style="background-color: rgba(255, 255, 255, 0.8); padding: 11px 11px 11px 11px;"&gt;✈️ Step 1: Share Your Travel Preferences – Tell us your dream destination, budget, and interests. &lt;br /&gt;🎯 Step 2: We Design a Custom Itinerary – Tailored travel plans that match your style. &lt;br /&gt;📅 Step 3: Seamless Booking – Our team arranges everything for you. &lt;br /&gt;🌏 Step 4: Travel &amp;amp; Enjoy – Explore with confidence, knowing we’ve got you covered. 🗺 Start Planning Now - &lt;a draggable="true" href="/Inquiry" class="anchor-inherit-styles anchor-hover-color-color4"&gt;Submit an Inquiry&lt;/a&gt;&lt;/p&gt;
      &lt;div class="row sectionBlockLayout" style="display: flex; flex-wrap: wrap; padding: 8px; margin: 0px; min-height: 15px;"&gt;&lt;/div&gt;
      &lt;h4 style="text-align: left; background-color: rgba(255, 255, 255, 0.8); line-height: 50px;"&gt;🌍 Explore Popular Destinations&lt;/h4&gt;
      &lt;p style="background-color: rgba(255, 255, 255, 0.8); border-radius: 0 0 0 0; padding: 10px 10px 10px 10px;"&gt;🏝 Bali, Indonesia – Relax on stunning beaches and explore lush jungles. &lt;br /&gt;🏔 Switzerland – Experience breathtaking alpine landscapes and luxury retreats. &lt;br /&gt;🏛 Greece – Discover historic ruins and picture-perfect islands. &lt;br /&gt;🗼 Japan – Immerse yourself in a blend of tradition and modern marvels. &lt;br /&gt;🎒 More destinations tailored for you! &lt;a href="/Inquiry" class="anchor-inherit-styles anchor-hover-color-color4"&gt;Explore Now&lt;/a&gt;&lt;/p&gt;
    &lt;/div&gt;
  &lt;/div&gt;
&lt;/div&gt;
Home</searchcontent>
  <statecode>0</statecode>
  <statuscode>1</statuscode>
</powerpagecomponent>