<bot schemaname="wa_bot3">
  <authenticationmode>1</authenticationmode>
  <authenticationtrigger>0</authenticationtrigger>
  <iscustomizable>0</iscustomizable>
  <language>1033</language>
  <name>Bot 3</name>
  <runtimeprovider>0</runtimeprovider>
  <synchronizationstatus>{
  "contentVersion": 2,
  "currentSynchronizationState": {
    "botRegistration": {
      "applicationId": "8327fab0-8ee6-4bcb-840b-2fa9d01da737",
      "isAppAvailableInTenant": true
    },
    "provisioningStatus": "Provisioned",
    "state": "Synchronized"
  },
  "lastSynchronizedOnUtc": "2023-09-11T10:39:30.1580503Z"
}</synchronizationstatus>
  <template>default-2.0.1</template>
</bot>