<environmentvariabledefinition schemaname="gsllc_Attachment_File_Creation_Folder">
  <description default="This is where you will save the incoming attachment">
    <label description="This is where you will save the incoming attachment" languagecode="1033" />
  </description>
  <displayname default="Attachment_File_Creation_Folder">
    <label description="Attachment_File_Creation_Folder" languagecode="1033" />
  </displayname>
  <introducedversion>1.0.0.4</introducedversion>
  <iscustomizable>1</iscustomizable>
  <isrequired>0</isrequired>
  <secretstore>0</secretstore>
  <type>100000000</type>
</environmentvariabledefinition>