<powerpagecomponent powerpagecomponentid="d60a0b87-c8ee-ef11-be20-7c1e5248186a">
  <content>{
  "attributelogicalname": "mass_account",
  "controlstyle": 756150000,
  "type": 100000000,
  "fieldisrequired": false,
  "useattributedescriptionproperty": true,
  "descriptionposition": 100000000,
  "adddescription": false,
  "setvalueonsave": false,
  "ignoredefaultvalue": false,
  "randomizeoptionsetvalues": false,
  "entityformforcreate": "5a2d4898-72ec-ef11-be20-6045bdef6d3f",
  "entityform": "5a2d4898-72ec-ef11-be20-6045bdef6d3f"
}</content>
  <iscustomizable>1</iscustomizable>
  <name>Contact Access - Add mass_account</name>
  <powerpagecomponenttype>16</powerpagecomponenttype>
  <powerpagesiteid>
    <powerpagesiteid>0cd59409-6fec-4be9-bd09-8f1d362195e1</powerpagesiteid>
  </powerpagesiteid>
  <statecode>0</statecode>
  <statuscode>1</statuscode>
</powerpagecomponent>