﻿<?xml version="1.0" encoding="utf-8"?>
<Entity xmlns:i="http://www.w3.org/2001/XMLSchema-instance" xmlns="http://schemas.microsoft.com/xrm/2011/Contracts">
  <Attributes xmlns:d2p1="http://schemas.datacontract.org/2004/07/System.Collections.Generic">
    <KeyValuePairOfstringanyType>
      <d2p1:key>adx_mimetype</d2p1:key>
      <d2p1:value i:nil="true" />
    </KeyValuePairOfstringanyType>
    <KeyValuePairOfstringanyType>
      <d2p1:key>adx_name</d2p1:key>
      <d2p1:value xmlns:d4p1="http://www.w3.org/2001/XMLSchema" i:type="d4p1:string">Faceted Search - Main Template</d2p1:value>
    </KeyValuePairOfstringanyType>
    <KeyValuePairOfstringanyType>
      <d2p1:key>adx_source</d2p1:key>
      <d2p1:value xmlns:d4p1="http://www.w3.org/2001/XMLSchema" i:type="d4p1:string">{% assign search_page = sitemarkers['Search'] %}
{% assign query = settings['search/query'] | default:'@(Query)' %}
{% block main %}
&lt;div class="handlebars-search-container" data-url="{{ search_page.url | h }}" data-query="{{query}}"&gt;
 &lt;div class="row search-body-container"&gt;
   &lt;div class="col-xs-12 loader"&gt;&lt;div class="fa-spin"&gt;&lt;span class="fa fa-spinner fa-4x" aria-hidden="true"&gt;&lt;/span&gt;&lt;/div&gt;&lt;/div&gt;
 &lt;/div&gt;
 
  &lt;div class="js-facet-order-definition hidden"&gt;
   &lt;div class="facet-order-item"&gt;_logicalname&lt;/div&gt;
   &lt;div class="facet-order-item"&gt;modifiedon.date&lt;/div&gt;
   &lt;div class="facet-order-item"&gt;rating&lt;/div&gt;
   &lt;div class="facet-order-item"&gt;associated.product&lt;/div&gt;
  &lt;/div&gt;
  
  {% include 'Faceted Search - Paging Template' %}
  {% include 'Faceted Search - Sort Template' %}  
  {% include 'Faceted Search - Facets Template' %}
  {% include 'Faceted Search - Results Template' %}  
&lt;/div&gt;

{%raw%}
&lt;script id="facets-view-body-container" type="text/x-handlebars-template"&gt;
 {{#if facetViews }}
  &lt;div class="col-md-3 col-sm-4 facets"&gt;&lt;/div&gt;  
  &lt;div class="col-md-9 col-sm-8 col-xs-12 loader"&gt;&lt;div class="fa-spin"&gt;&lt;span class="fa fa-spinner fa-4x" aria-hidden="true"&gt;&lt;/span&gt;&lt;/div&gt;&lt;/div&gt;
  &lt;div class="col-md-9 col-sm-8 col-xs-12 js-search-body"&gt;
   &lt;div class="hidden-xs search-order js-search-body pull-right"&gt;&lt;/div&gt;
   &lt;div class="search-results" role="alert"&gt;&lt;/div&gt;
   &lt;div class="search-pagination text-center"&gt;&lt;/div&gt;
  &lt;/div&gt;
  {{else}}
  &lt;div class="col-md-12 col-sm-12 col-xs-12 js-search-body"&gt;
   &lt;div class="hidden-xs search-order js-search-body pull-right"&gt;&lt;/div&gt;
   &lt;div class="search-results"&gt;&lt;/div&gt;
   &lt;div class="search-pagination text-center"&gt;&lt;/div&gt;
  &lt;/div&gt;  
  {{/if}}
&lt;/script&gt;
{% endraw %}
{% endblock %}</d2p1:value>
    </KeyValuePairOfstringanyType>
    <KeyValuePairOfstringanyType>
      <d2p1:key>adx_websiteid</d2p1:key>
      <d2p1:value i:type="EntityReference">
        <Id>820a9b05-e155-ee11-be6f-000d3a338c5d</Id>
        <KeyAttributes xmlns:d5p1="http://schemas.microsoft.com/xrm/7.1/Contracts" />
        <LogicalName>adx_website</LogicalName>
        <Name>Healthcare Hackathon Portal - crm798846-hackathon</Name>
        <RowVersion i:nil="true" />
      </d2p1:value>
    </KeyValuePairOfstringanyType>
    <KeyValuePairOfstringanyType>
      <d2p1:key>adx_webtemplateid</d2p1:key>
      <d2p1:value xmlns:d4p1="http://schemas.microsoft.com/2003/10/Serialization/" i:type="d4p1:guid">870a9b05-e155-ee11-be6f-000d3a338c5d</d2p1:value>
    </KeyValuePairOfstringanyType>
    <KeyValuePairOfstringanyType>
      <d2p1:key>importsequencenumber</d2p1:key>
      <d2p1:value i:nil="true" />
    </KeyValuePairOfstringanyType>
    <KeyValuePairOfstringanyType>
      <d2p1:key>overriddencreatedon</d2p1:key>
      <d2p1:value i:nil="true" />
    </KeyValuePairOfstringanyType>
    <KeyValuePairOfstringanyType>
      <d2p1:key>statecode</d2p1:key>
      <d2p1:value i:type="OptionSetValue">
        <Value>0</Value>
      </d2p1:value>
    </KeyValuePairOfstringanyType>
    <KeyValuePairOfstringanyType>
      <d2p1:key>statuscode</d2p1:key>
      <d2p1:value i:type="OptionSetValue">
        <Value>1</Value>
      </d2p1:value>
    </KeyValuePairOfstringanyType>
    <KeyValuePairOfstringanyType>
      <d2p1:key>timezoneruleversionnumber</d2p1:key>
      <d2p1:value i:nil="true" />
    </KeyValuePairOfstringanyType>
    <KeyValuePairOfstringanyType>
      <d2p1:key>utcconversiontimezonecode</d2p1:key>
      <d2p1:value i:nil="true" />
    </KeyValuePairOfstringanyType>
  </Attributes>
  <EntityState i:nil="true" />
  <FormattedValues xmlns:d2p1="http://schemas.datacontract.org/2004/07/System.Collections.Generic">
    <KeyValuePairOfstringstring>
      <d2p1:key>organizationid</d2p1:key>
      <d2p1:value>org4b9694ba</d2p1:value>
    </KeyValuePairOfstringstring>
    <KeyValuePairOfstringstring>
      <d2p1:key>adx_websiteid</d2p1:key>
      <d2p1:value>Healthcare Hackathon Portal - crm798846-hackathon</d2p1:value>
    </KeyValuePairOfstringstring>
    <KeyValuePairOfstringstring>
      <d2p1:key>statuscode</d2p1:key>
      <d2p1:value>Active</d2p1:value>
    </KeyValuePairOfstringstring>
    <KeyValuePairOfstringstring>
      <d2p1:key>createdby</d2p1:key>
      <d2p1:value>System Administrator</d2p1:value>
    </KeyValuePairOfstringstring>
    <KeyValuePairOfstringstring>
      <d2p1:key>modifiedon</d2p1:key>
      <d2p1:value>9/18/2023 5:06 AM</d2p1:value>
    </KeyValuePairOfstringstring>
    <KeyValuePairOfstringstring>
      <d2p1:key>modifiedby</d2p1:key>
      <d2p1:value>System Administrator</d2p1:value>
    </KeyValuePairOfstringstring>
    <KeyValuePairOfstringstring>
      <d2p1:key>createdon</d2p1:key>
      <d2p1:value>9/18/2023 5:05 AM</d2p1:value>
    </KeyValuePairOfstringstring>
    <KeyValuePairOfstringstring>
      <d2p1:key>statecode</d2p1:key>
      <d2p1:value>Active</d2p1:value>
    </KeyValuePairOfstringstring>
  </FormattedValues>
  <Id>870a9b05-e155-ee11-be6f-000d3a338c5d</Id>
  <KeyAttributes xmlns:d2p1="http://schemas.microsoft.com/xrm/7.1/Contracts" xmlns:d2p2="http://schemas.datacontract.org/2004/07/System.Collections.Generic" />
  <LogicalName>adx_webtemplate</LogicalName>
  <RelatedEntities xmlns:d2p1="http://schemas.datacontract.org/2004/07/System.Collections.Generic" />
  <RowVersion>6904450</RowVersion>
</Entity>