﻿<?xml version="1.0" encoding="utf-8"?>
<Entity xmlns:i="http://www.w3.org/2001/XMLSchema-instance" xmlns="http://schemas.microsoft.com/xrm/2011/Contracts">
  <Attributes xmlns:d2p1="http://schemas.datacontract.org/2004/07/System.Collections.Generic">
    <KeyValuePairOfstringanyType>
      <d2p1:key>adx_mimetype</d2p1:key>
      <d2p1:value i:nil="true" />
    </KeyValuePairOfstringanyType>
    <KeyValuePairOfstringanyType>
      <d2p1:key>adx_name</d2p1:key>
      <d2p1:value xmlns:d4p1="http://www.w3.org/2001/XMLSchema" i:type="d4p1:string">Faceted Search - Paging Template</d2p1:value>
    </KeyValuePairOfstringanyType>
    <KeyValuePairOfstringanyType>
      <d2p1:key>adx_source</d2p1:key>
      <d2p1:value xmlns:d4p1="http://www.w3.org/2001/XMLSchema" i:type="d4p1:string">{%raw%}
 &lt;script id="facets-view-pagination" type="text/x-handlebars-template"&gt;
  {{#if needsPagination}}
   &lt;ul class="pagination"&gt;
    {{#ifvalue pageNumber value=1}}
     &lt;li class="disabled"&gt;&lt;span class="aspNetDisabled" aria-label="{%endraw%}{{ resx.Pagination_First_Page }}{%raw%}"&gt;«&lt;/span&gt;&lt;/li&gt;
     &lt;li class="disabled"&gt;&lt;span class="aspNetDisabled" aria-label="{%endraw%}{{ resx.Pagination_Previous_Page }}{%raw%}"&gt;‹&lt;/span&gt;&lt;/li&gt;
    {{else}}
     &lt;li&gt;&lt;a class="js-go-to-1" aria-label="{%endraw%}{{ resx.Pagination_First_Page }}{%raw%}" href=""&gt;«&lt;/a&gt;&lt;/li&gt;
     &lt;li&gt;&lt;a class="js-go-to-{{previousPage}}" aria-label="{%endraw%}{{ resx.Pagination_Previous_Page }}{%raw%}" href=""&gt;‹&lt;/a&gt;&lt;/li&gt;
    {{/ifvalue}}
    {{#each pageLinks}}
     {{#ifvalue this value=../pageNumber}}
      &lt;li class="active" aria-label="{{ stringFormat "
       {%endraw%}{{ resx.Pagination_Current_Page }}{%raw%}" this}}" tabIndex="0"&gt;&lt;span&gt;{{this}}&lt;/span&gt;&lt;/li&gt;
     {{else}}
      &lt;li&gt;&lt;a class="js-go-to-{{this}}" aria-label="{{ stringFormat "
       {%endraw%}{{ resx.Pagination_Page }}{%raw%}" this}}" href=""&gt;{{this}}&lt;/a&gt;&lt;/li&gt;
     {{/ifvalue}}
    {{/each}}

    {{#ifvalue pageNumber value=pageCount}}
     &lt;li class="disabled"&gt;&lt;span aria-label="{%endraw%}{{ resx.Pagination_Next_Page }}{%raw%}"&gt;›&lt;/span&gt;&lt;/li&gt;
     &lt;li class="disabled"&gt;&lt;span aria-label="{%endraw%}{{ resx.Pagination_Last_Page }}{%raw%}"&gt;»&lt;/span&gt;&lt;/li&gt;
    {{else}}
     &lt;li&gt;&lt;a class="js-go-to-{{nextPage}}" aria-label="{%endraw%}{{ resx.Pagination_Next_Page }}{%raw%}" href=""&gt;›&lt;/a&gt;&lt;/li&gt;
     &lt;li&gt;&lt;a class="js-go-to-{{pageCount}}" aria-label="{%endraw%}{{ resx.Pagination_Last_Page }}{%raw%}" href=""&gt;»&lt;/a&gt;&lt;/li&gt;
    {{/ifvalue}}
   &lt;/ul&gt;
  {{/if}}
 &lt;/script&gt;
 {% endraw %}</d2p1:value>
    </KeyValuePairOfstringanyType>
    <KeyValuePairOfstringanyType>
      <d2p1:key>adx_websiteid</d2p1:key>
      <d2p1:value i:type="EntityReference">
        <Id>820a9b05-e155-ee11-be6f-000d3a338c5d</Id>
        <KeyAttributes xmlns:d5p1="http://schemas.microsoft.com/xrm/7.1/Contracts" />
        <LogicalName>adx_website</LogicalName>
        <Name>Healthcare Hackathon Portal - crm798846-hackathon</Name>
        <RowVersion i:nil="true" />
      </d2p1:value>
    </KeyValuePairOfstringanyType>
    <KeyValuePairOfstringanyType>
      <d2p1:key>adx_webtemplateid</d2p1:key>
      <d2p1:value xmlns:d4p1="http://schemas.microsoft.com/2003/10/Serialization/" i:type="d4p1:guid">8f0a9b05-e155-ee11-be6f-000d3a338c5d</d2p1:value>
    </KeyValuePairOfstringanyType>
    <KeyValuePairOfstringanyType>
      <d2p1:key>importsequencenumber</d2p1:key>
      <d2p1:value i:nil="true" />
    </KeyValuePairOfstringanyType>
    <KeyValuePairOfstringanyType>
      <d2p1:key>overriddencreatedon</d2p1:key>
      <d2p1:value i:nil="true" />
    </KeyValuePairOfstringanyType>
    <KeyValuePairOfstringanyType>
      <d2p1:key>statecode</d2p1:key>
      <d2p1:value i:type="OptionSetValue">
        <Value>0</Value>
      </d2p1:value>
    </KeyValuePairOfstringanyType>
    <KeyValuePairOfstringanyType>
      <d2p1:key>statuscode</d2p1:key>
      <d2p1:value i:type="OptionSetValue">
        <Value>1</Value>
      </d2p1:value>
    </KeyValuePairOfstringanyType>
    <KeyValuePairOfstringanyType>
      <d2p1:key>timezoneruleversionnumber</d2p1:key>
      <d2p1:value i:nil="true" />
    </KeyValuePairOfstringanyType>
    <KeyValuePairOfstringanyType>
      <d2p1:key>utcconversiontimezonecode</d2p1:key>
      <d2p1:value i:nil="true" />
    </KeyValuePairOfstringanyType>
  </Attributes>
  <EntityState i:nil="true" />
  <FormattedValues xmlns:d2p1="http://schemas.datacontract.org/2004/07/System.Collections.Generic">
    <KeyValuePairOfstringstring>
      <d2p1:key>organizationid</d2p1:key>
      <d2p1:value>org4b9694ba</d2p1:value>
    </KeyValuePairOfstringstring>
    <KeyValuePairOfstringstring>
      <d2p1:key>adx_websiteid</d2p1:key>
      <d2p1:value>Healthcare Hackathon Portal - crm798846-hackathon</d2p1:value>
    </KeyValuePairOfstringstring>
    <KeyValuePairOfstringstring>
      <d2p1:key>statuscode</d2p1:key>
      <d2p1:value>Active</d2p1:value>
    </KeyValuePairOfstringstring>
    <KeyValuePairOfstringstring>
      <d2p1:key>createdby</d2p1:key>
      <d2p1:value>System Administrator</d2p1:value>
    </KeyValuePairOfstringstring>
    <KeyValuePairOfstringstring>
      <d2p1:key>modifiedon</d2p1:key>
      <d2p1:value>9/18/2023 5:06 AM</d2p1:value>
    </KeyValuePairOfstringstring>
    <KeyValuePairOfstringstring>
      <d2p1:key>modifiedby</d2p1:key>
      <d2p1:value>System Administrator</d2p1:value>
    </KeyValuePairOfstringstring>
    <KeyValuePairOfstringstring>
      <d2p1:key>createdon</d2p1:key>
      <d2p1:value>9/18/2023 5:05 AM</d2p1:value>
    </KeyValuePairOfstringstring>
    <KeyValuePairOfstringstring>
      <d2p1:key>statecode</d2p1:key>
      <d2p1:value>Active</d2p1:value>
    </KeyValuePairOfstringstring>
  </FormattedValues>
  <Id>8f0a9b05-e155-ee11-be6f-000d3a338c5d</Id>
  <KeyAttributes xmlns:d2p1="http://schemas.microsoft.com/xrm/7.1/Contracts" xmlns:d2p2="http://schemas.datacontract.org/2004/07/System.Collections.Generic" />
  <LogicalName>adx_webtemplate</LogicalName>
  <RelatedEntities xmlns:d2p1="http://schemas.datacontract.org/2004/07/System.Collections.Generic" />
  <RowVersion>6904457</RowVersion>
</Entity>