﻿<?xml version="1.0" encoding="utf-8"?>
<Entity xmlns:i="http://www.w3.org/2001/XMLSchema-instance" xmlns="http://schemas.microsoft.com/xrm/2011/Contracts">
  <Attributes xmlns:d2p1="http://schemas.datacontract.org/2004/07/System.Collections.Generic">
    <KeyValuePairOfstringanyType>
      <d2p1:key>adx_mimetype</d2p1:key>
      <d2p1:value i:nil="true" />
    </KeyValuePairOfstringanyType>
    <KeyValuePairOfstringanyType>
      <d2p1:key>adx_name</d2p1:key>
      <d2p1:value xmlns:d4p1="http://www.w3.org/2001/XMLSchema" i:type="d4p1:string">Faceted Search - Results Template</d2p1:value>
    </KeyValuePairOfstringanyType>
    <KeyValuePairOfstringanyType>
      <d2p1:key>adx_source</d2p1:key>
      <d2p1:value xmlns:d4p1="http://www.w3.org/2001/XMLSchema" i:type="d4p1:string">{% assign openTag = '{{' %}
{% assign closingTag = '}}' %}
 {%raw%}
  &lt;script id="search-view-results" type="text/x-handlebars-template"&gt;
   {{#if items}}
    &lt;div class="page-header"&gt;
      &lt;h2 role="status" aria-live="off"&gt;{%endraw%}{{openTag}} stringFormat "{{ resx.Search_Results_Format_String }}" firstResultNumber lastResultNumber itemCount {{closingTag}}{%raw%}
      &lt;em class="querytext"&gt;{{{query}}}&lt;/em&gt;
     {{#if isResetVisible}}
       &lt;a class="btn btn-default btn-sm facet-clear-all" role="button" title="{%endraw%}{{ snippets['Search/Facet/ClearConstraints'] | default: res['Search_Filter_Clear_All'] }}{%raw%}" tabIndex="0"&gt;{%endraw%}{{ snippets['Search/Facet/ClearConstraints'] | default: res['Search_Filter_Clear_All'] }}{%raw%}&lt;/a&gt;
      {{/if}}
      &lt;/h2&gt;
    &lt;/div&gt;
    &lt;div&gt;
   &lt;ul&gt;
    {{#each items}}
     &lt;li&gt;
      &lt;h3&gt;&lt;a title="{{title}}" href="{{url}}"&gt;{{#if parent}}&lt;span class="glyphicon glyphicon-file pull-left text-muted" aria-hidden="true"&gt;&lt;/span&gt;{{/if}}{{title}}&lt;/a&gt;&lt;/h3&gt;
      &lt;p class="fragment"&gt;{{{fragment}}}&lt;/p&gt;
      {{#if parent}}
       &lt;p class="small related-article"&gt;{%endraw%}{{ resx.Related_Article }}{%raw%}: &lt;a title="{{parent.title}}" href="{{parent.absoluteUrl}}"&gt;{{parent.title}}&lt;/a&gt;&lt;/p&gt;
      {{/if}}
      &lt;ul class="note-group small list-unstyled"&gt;
       {{#if relatedNotes}}
        {{#each relatedNotes}}
         &lt;li class="note-item"&gt;
         {{#if isImage}}
          &lt;a target="_blank" title="{{title}}" href="{{absoluteUrl}}"&gt;&lt;span class="glyphicon glyphicon-file" aria-hidden="true"&gt;&lt;/span&gt; {{title}}&lt;/a&gt;
         {{else}}
          &lt;a title="{{title}}" href="{{absoluteUrl}}"&gt;&lt;span class="glyphicon glyphicon-file" aria-hidden="true"&gt;&lt;/span&gt; {{title}}&lt;/a&gt;
         {{/if}}
         &lt;p class="fragment text-muted"&gt;{{{fragment}}}&lt;/p&gt;
         &lt;/li&gt;
        {{/each}}
        {{/if}}
      &lt;/ul&gt;
     &lt;/li&gt;
    {{/each}}
   &lt;/ul&gt;
  &lt;/div&gt;
   {{else}}
   &lt;h2 role="status"&gt;{%endraw%}{{ resx.Search_No_Results_Found }}{%raw%}&lt;em class="querytext"&gt;{{{query}}}&lt;/em&gt;
     {{#if isResetVisible}}
      &lt;a class="btn btn-default btn-sm facet-clear-all" role="button" title="{%endraw%}{{ snippets['Search/Facet/ClearConstraints'] | default: res['Search_Filter_Clear_All'] }}{%raw%}" tabIndex="0"&gt;{%endraw%}{{ snippets['Search/Facet/ClearConstraints'] | default: res['Search_Filter_Clear_All'] }}{%raw%}&lt;/a&gt;
     {{/if}}
    &lt;/h2&gt;
   {{/if}}
  &lt;/script&gt;
 {%endraw%}</d2p1:value>
    </KeyValuePairOfstringanyType>
    <KeyValuePairOfstringanyType>
      <d2p1:key>adx_websiteid</d2p1:key>
      <d2p1:value i:type="EntityReference">
        <Id>820a9b05-e155-ee11-be6f-000d3a338c5d</Id>
        <KeyAttributes xmlns:d5p1="http://schemas.microsoft.com/xrm/7.1/Contracts" />
        <LogicalName>adx_website</LogicalName>
        <Name>Healthcare Hackathon Portal - crm798846-hackathon</Name>
        <RowVersion i:nil="true" />
      </d2p1:value>
    </KeyValuePairOfstringanyType>
    <KeyValuePairOfstringanyType>
      <d2p1:key>adx_webtemplateid</d2p1:key>
      <d2p1:value xmlns:d4p1="http://schemas.microsoft.com/2003/10/Serialization/" i:type="d4p1:guid">960a9b05-e155-ee11-be6f-000d3a338c5d</d2p1:value>
    </KeyValuePairOfstringanyType>
    <KeyValuePairOfstringanyType>
      <d2p1:key>importsequencenumber</d2p1:key>
      <d2p1:value i:nil="true" />
    </KeyValuePairOfstringanyType>
    <KeyValuePairOfstringanyType>
      <d2p1:key>overriddencreatedon</d2p1:key>
      <d2p1:value i:nil="true" />
    </KeyValuePairOfstringanyType>
    <KeyValuePairOfstringanyType>
      <d2p1:key>statecode</d2p1:key>
      <d2p1:value i:type="OptionSetValue">
        <Value>0</Value>
      </d2p1:value>
    </KeyValuePairOfstringanyType>
    <KeyValuePairOfstringanyType>
      <d2p1:key>statuscode</d2p1:key>
      <d2p1:value i:type="OptionSetValue">
        <Value>1</Value>
      </d2p1:value>
    </KeyValuePairOfstringanyType>
    <KeyValuePairOfstringanyType>
      <d2p1:key>timezoneruleversionnumber</d2p1:key>
      <d2p1:value i:nil="true" />
    </KeyValuePairOfstringanyType>
    <KeyValuePairOfstringanyType>
      <d2p1:key>utcconversiontimezonecode</d2p1:key>
      <d2p1:value i:nil="true" />
    </KeyValuePairOfstringanyType>
  </Attributes>
  <EntityState i:nil="true" />
  <FormattedValues xmlns:d2p1="http://schemas.datacontract.org/2004/07/System.Collections.Generic">
    <KeyValuePairOfstringstring>
      <d2p1:key>organizationid</d2p1:key>
      <d2p1:value>org4b9694ba</d2p1:value>
    </KeyValuePairOfstringstring>
    <KeyValuePairOfstringstring>
      <d2p1:key>adx_websiteid</d2p1:key>
      <d2p1:value>Healthcare Hackathon Portal - crm798846-hackathon</d2p1:value>
    </KeyValuePairOfstringstring>
    <KeyValuePairOfstringstring>
      <d2p1:key>statuscode</d2p1:key>
      <d2p1:value>Active</d2p1:value>
    </KeyValuePairOfstringstring>
    <KeyValuePairOfstringstring>
      <d2p1:key>createdby</d2p1:key>
      <d2p1:value>System Administrator</d2p1:value>
    </KeyValuePairOfstringstring>
    <KeyValuePairOfstringstring>
      <d2p1:key>modifiedon</d2p1:key>
      <d2p1:value>9/18/2023 5:06 AM</d2p1:value>
    </KeyValuePairOfstringstring>
    <KeyValuePairOfstringstring>
      <d2p1:key>modifiedby</d2p1:key>
      <d2p1:value>System Administrator</d2p1:value>
    </KeyValuePairOfstringstring>
    <KeyValuePairOfstringstring>
      <d2p1:key>createdon</d2p1:key>
      <d2p1:value>9/18/2023 5:05 AM</d2p1:value>
    </KeyValuePairOfstringstring>
    <KeyValuePairOfstringstring>
      <d2p1:key>statecode</d2p1:key>
      <d2p1:value>Active</d2p1:value>
    </KeyValuePairOfstringstring>
  </FormattedValues>
  <Id>960a9b05-e155-ee11-be6f-000d3a338c5d</Id>
  <KeyAttributes xmlns:d2p1="http://schemas.microsoft.com/xrm/7.1/Contracts" xmlns:d2p2="http://schemas.datacontract.org/2004/07/System.Collections.Generic" />
  <LogicalName>adx_webtemplate</LogicalName>
  <RelatedEntities xmlns:d2p1="http://schemas.datacontract.org/2004/07/System.Collections.Generic" />
  <RowVersion>6904463</RowVersion>
</Entity>