﻿<?xml version="1.0" encoding="utf-8"?>
<Entity xmlns:i="http://www.w3.org/2001/XMLSchema-instance" xmlns="http://schemas.microsoft.com/xrm/2011/Contracts">
  <Attributes xmlns:d2p1="http://schemas.datacontract.org/2004/07/System.Collections.Generic">
    <KeyValuePairOfstringanyType>
      <d2p1:key>adx_mimetype</d2p1:key>
      <d2p1:value i:nil="true" />
    </KeyValuePairOfstringanyType>
    <KeyValuePairOfstringanyType>
      <d2p1:key>adx_name</d2p1:key>
      <d2p1:value xmlns:d4p1="http://www.w3.org/2001/XMLSchema" i:type="d4p1:string">Ad Template</d2p1:value>
    </KeyValuePairOfstringanyType>
    <KeyValuePairOfstringanyType>
      <d2p1:key>adx_source</d2p1:key>
      <d2p1:value xmlns:d4p1="http://www.w3.org/2001/XMLSchema" i:type="d4p1:string">{% if ad %}
&lt;div&gt;
 {% if ad.redirect_url %}&lt;a class="ad-link" href="{{ ad.redirect_url | h }}"&gt;{% endif %}
 {% if ad.title %}
 &lt;h5 class="ad-title"&gt;{{ ad.title | h }}&lt;/h5&gt;
 {% endif %}
 {% if ad.image.url %}
 &lt;img class="ad-link-image center-block" src="{{ ad.image.url | h }}" alt="{{ ad.image.alternate_text | h }}"{% if ad.image.height %} height="{{ ad.image.height }}"{% endif %}{% if ad.image.width %} width="{{ ad.image.width }}"{% endif %} style="{% if ad.image.height %}height:{{ ad.image.height }}px;{% endif %}{% if ad.image.width %}width:{{ ad.image.width }}px;{% endif %}"&gt;
 {% endif %}
 {% if ad.redirect_url %}&lt;/a&gt;{% endif %}
 {% if show_copy %}{% if ad.copy %}
 &lt;div class="ad-copy"&gt;{{ ad.copy }}&lt;/div&gt;
 {% endif %}{% endif %}
&lt;/div&gt;
{% endif %}</d2p1:value>
    </KeyValuePairOfstringanyType>
    <KeyValuePairOfstringanyType>
      <d2p1:key>adx_websiteid</d2p1:key>
      <d2p1:value i:type="EntityReference">
        <Id>820a9b05-e155-ee11-be6f-000d3a338c5d</Id>
        <KeyAttributes xmlns:d5p1="http://schemas.microsoft.com/xrm/7.1/Contracts" />
        <LogicalName>adx_website</LogicalName>
        <Name>Healthcare Hackathon Portal - crm798846-hackathon</Name>
        <RowVersion i:nil="true" />
      </d2p1:value>
    </KeyValuePairOfstringanyType>
    <KeyValuePairOfstringanyType>
      <d2p1:key>adx_webtemplateid</d2p1:key>
      <d2p1:value xmlns:d4p1="http://schemas.microsoft.com/2003/10/Serialization/" i:type="d4p1:guid">970a9b05-e155-ee11-be6f-000d3a338c5d</d2p1:value>
    </KeyValuePairOfstringanyType>
    <KeyValuePairOfstringanyType>
      <d2p1:key>importsequencenumber</d2p1:key>
      <d2p1:value i:nil="true" />
    </KeyValuePairOfstringanyType>
    <KeyValuePairOfstringanyType>
      <d2p1:key>overriddencreatedon</d2p1:key>
      <d2p1:value i:nil="true" />
    </KeyValuePairOfstringanyType>
    <KeyValuePairOfstringanyType>
      <d2p1:key>statecode</d2p1:key>
      <d2p1:value i:type="OptionSetValue">
        <Value>0</Value>
      </d2p1:value>
    </KeyValuePairOfstringanyType>
    <KeyValuePairOfstringanyType>
      <d2p1:key>statuscode</d2p1:key>
      <d2p1:value i:type="OptionSetValue">
        <Value>1</Value>
      </d2p1:value>
    </KeyValuePairOfstringanyType>
    <KeyValuePairOfstringanyType>
      <d2p1:key>timezoneruleversionnumber</d2p1:key>
      <d2p1:value i:nil="true" />
    </KeyValuePairOfstringanyType>
    <KeyValuePairOfstringanyType>
      <d2p1:key>utcconversiontimezonecode</d2p1:key>
      <d2p1:value i:nil="true" />
    </KeyValuePairOfstringanyType>
  </Attributes>
  <EntityState i:nil="true" />
  <FormattedValues xmlns:d2p1="http://schemas.datacontract.org/2004/07/System.Collections.Generic">
    <KeyValuePairOfstringstring>
      <d2p1:key>organizationid</d2p1:key>
      <d2p1:value>org4b9694ba</d2p1:value>
    </KeyValuePairOfstringstring>
    <KeyValuePairOfstringstring>
      <d2p1:key>adx_websiteid</d2p1:key>
      <d2p1:value>Healthcare Hackathon Portal - crm798846-hackathon</d2p1:value>
    </KeyValuePairOfstringstring>
    <KeyValuePairOfstringstring>
      <d2p1:key>statuscode</d2p1:key>
      <d2p1:value>Active</d2p1:value>
    </KeyValuePairOfstringstring>
    <KeyValuePairOfstringstring>
      <d2p1:key>createdby</d2p1:key>
      <d2p1:value>System Administrator</d2p1:value>
    </KeyValuePairOfstringstring>
    <KeyValuePairOfstringstring>
      <d2p1:key>modifiedon</d2p1:key>
      <d2p1:value>9/18/2023 5:06 AM</d2p1:value>
    </KeyValuePairOfstringstring>
    <KeyValuePairOfstringstring>
      <d2p1:key>modifiedby</d2p1:key>
      <d2p1:value>System Administrator</d2p1:value>
    </KeyValuePairOfstringstring>
    <KeyValuePairOfstringstring>
      <d2p1:key>createdon</d2p1:key>
      <d2p1:value>9/18/2023 5:05 AM</d2p1:value>
    </KeyValuePairOfstringstring>
    <KeyValuePairOfstringstring>
      <d2p1:key>statecode</d2p1:key>
      <d2p1:value>Active</d2p1:value>
    </KeyValuePairOfstringstring>
  </FormattedValues>
  <Id>970a9b05-e155-ee11-be6f-000d3a338c5d</Id>
  <KeyAttributes xmlns:d2p1="http://schemas.microsoft.com/xrm/7.1/Contracts" xmlns:d2p2="http://schemas.datacontract.org/2004/07/System.Collections.Generic" />
  <LogicalName>adx_webtemplate</LogicalName>
  <RelatedEntities xmlns:d2p1="http://schemas.datacontract.org/2004/07/System.Collections.Generic" />
  <RowVersion>6904451</RowVersion>
</Entity>