﻿<?xml version="1.0" encoding="utf-8"?>
<Entity xmlns:i="http://www.w3.org/2001/XMLSchema-instance" xmlns="http://schemas.microsoft.com/xrm/2011/Contracts">
  <Attributes xmlns:d2p1="http://schemas.datacontract.org/2004/07/System.Collections.Generic">
    <KeyValuePairOfstringanyType>
      <d2p1:key>adx_mimetype</d2p1:key>
      <d2p1:value i:nil="true" />
    </KeyValuePairOfstringanyType>
    <KeyValuePairOfstringanyType>
      <d2p1:key>adx_name</d2p1:key>
      <d2p1:value xmlns:d4p1="http://www.w3.org/2001/XMLSchema" i:type="d4p1:string">Search</d2p1:value>
    </KeyValuePairOfstringanyType>
    <KeyValuePairOfstringanyType>
      <d2p1:key>adx_source</d2p1:key>
      <d2p1:value xmlns:d4p1="http://www.w3.org/2001/XMLSchema" i:type="d4p1:string">{% assign search_enabled = settings['search/enabled'] | boolean | default:true %}
{% assign search_page = sitemarkers['Search'] %}
{% if search_enabled and search_page %}

{% assign search_filters = settings['search/filters'] | search_filter_options %}

&lt;form method="GET" action="{{ search_page.url | h }}" role="search" class="form-search"&gt;
    &lt;div class="input-group"&gt;

        {% if search_filters %}
        {% assign defaultSearchFilterText = snippets["Search/Default/FilterText"] | default: resx["All"] | h %}
        {% assign searchFilterLabel = snippets["Header/Search/FilterLabel"] | default: resx["Search_Filter"] | h %}
        {% assign formId = uniqueid.new_guid %}
        &lt;div class="btn-group btn-select input-group-btn" data-target="#filter-{{ formId }}" data-focus="#{{search_id}}"&gt;
            &lt;li class="dropdown-submenu dropdown"&gt;
                &lt;button id="search-filter" type="button" class="btn btn-default"
                        data-toggle="dropdown"
                        aria-haspopup="true" aria-label="{{ searchFilterLabel }}" aria-expanded="false"&gt;

                    &lt;span class="selected"&gt;{{ defaultSearchFilterText }}&lt;/span&gt;
                    &lt;span class="caret"&gt;&lt;/span&gt;
                &lt;/button&gt;
                &lt;ul class="dropdown-menu" role="listbox" aria-label="{{ searchFilterLabel }}"&gt;
                    &lt;li role="presentation"&gt;
                        &lt;a href="#" role="option" data-value=""
                           aria-label="{{ defaultSearchFilterText }}" aria-selected="false" tabIndex="-1"&gt;{{ defaultSearchFilterText }}&lt;/a&gt;
                    &lt;/li&gt;
                    {% for search_filter_option in search_filters %}
                    &lt;li role="presentation"&gt;
                        &lt;a href="#" role="option" data-value="{{ search_filter_option.value | h }}"
                           aria-label="{{ search_filter_option.display_name | h }}" aria-selected="false" tabIndex="-1"&gt;{{ search_filter_option.display_name | h }}&lt;/a&gt;
                    &lt;/li&gt;
                    {% endfor %}
                &lt;/ul&gt;
            &lt;/li&gt;
        &lt;/div&gt;
        &lt;label for="filter-{{ formId }}" class="sr-only"&gt;{{ searchFilterLabel }}&lt;/label&gt;
        &lt;select id="filter-{{ formId }}" name="logicalNames" class="btn-select" aria-hidden="true" data-query="logicalNames"&gt;
            &lt;option value="" selected="selected"&gt;{{ defaultSearchFilterText }}&lt;/option&gt;
            {% for search_filter_option in search_filters %}
            &lt;option value="{{ search_filter_option.value | h }}"&gt;{{ search_filter_option.display_name | h }}&lt;/option&gt;
            {% endfor %}
        &lt;/select&gt;
        {% endif %}

        &lt;label for="{{search_id}}" class="sr-only"&gt;
            {{ snippets["Header/Search/Label"] | default: resx["Search_DefaultText"] | h }}
        &lt;/label&gt;
        &lt;input type="text" class="form-control" id="{{search_id}}" name="q"
               placeholder="{{ snippets["Header/Search/Label"] | default: resx["Search_DefaultText"] | h }}"
               value="{{ params.q | escape }}"
               title="{{ snippets["Header/Search/Label"] | default: resx["Search_DefaultText"] | h }}"&gt;
        &lt;div class="input-group-btn"&gt;
            &lt;button type="submit" class="btn btn-primary"
                    title="{{ snippets["Header/Search/ToolTip"] | default: resx["Search_DefaultText"] | h }}"
                    aria-label="{{ snippets["Header/Search/ToolTip"] | default: resx["Search_DefaultText"] | h }}"&gt;
                &lt;span class="fa fa-search" aria-hidden="true"&gt;&lt;/span&gt;
            &lt;/button&gt;
        &lt;/div&gt;
    &lt;/div&gt;
&lt;/form&gt;
{% endif %}</d2p1:value>
    </KeyValuePairOfstringanyType>
    <KeyValuePairOfstringanyType>
      <d2p1:key>adx_websiteid</d2p1:key>
      <d2p1:value i:type="EntityReference">
        <Id>820a9b05-e155-ee11-be6f-000d3a338c5d</Id>
        <KeyAttributes xmlns:d5p1="http://schemas.microsoft.com/xrm/7.1/Contracts" />
        <LogicalName>adx_website</LogicalName>
        <Name>Healthcare Hackathon Portal - crm798846-hackathon</Name>
        <RowVersion i:nil="true" />
      </d2p1:value>
    </KeyValuePairOfstringanyType>
    <KeyValuePairOfstringanyType>
      <d2p1:key>adx_webtemplateid</d2p1:key>
      <d2p1:value xmlns:d4p1="http://schemas.microsoft.com/2003/10/Serialization/" i:type="d4p1:guid">9b0a9b05-e155-ee11-be6f-000d3a338c5d</d2p1:value>
    </KeyValuePairOfstringanyType>
    <KeyValuePairOfstringanyType>
      <d2p1:key>importsequencenumber</d2p1:key>
      <d2p1:value i:nil="true" />
    </KeyValuePairOfstringanyType>
    <KeyValuePairOfstringanyType>
      <d2p1:key>overriddencreatedon</d2p1:key>
      <d2p1:value i:nil="true" />
    </KeyValuePairOfstringanyType>
    <KeyValuePairOfstringanyType>
      <d2p1:key>statecode</d2p1:key>
      <d2p1:value i:type="OptionSetValue">
        <Value>0</Value>
      </d2p1:value>
    </KeyValuePairOfstringanyType>
    <KeyValuePairOfstringanyType>
      <d2p1:key>statuscode</d2p1:key>
      <d2p1:value i:type="OptionSetValue">
        <Value>1</Value>
      </d2p1:value>
    </KeyValuePairOfstringanyType>
    <KeyValuePairOfstringanyType>
      <d2p1:key>timezoneruleversionnumber</d2p1:key>
      <d2p1:value i:nil="true" />
    </KeyValuePairOfstringanyType>
    <KeyValuePairOfstringanyType>
      <d2p1:key>utcconversiontimezonecode</d2p1:key>
      <d2p1:value i:nil="true" />
    </KeyValuePairOfstringanyType>
  </Attributes>
  <EntityState i:nil="true" />
  <FormattedValues xmlns:d2p1="http://schemas.datacontract.org/2004/07/System.Collections.Generic">
    <KeyValuePairOfstringstring>
      <d2p1:key>organizationid</d2p1:key>
      <d2p1:value>org4b9694ba</d2p1:value>
    </KeyValuePairOfstringstring>
    <KeyValuePairOfstringstring>
      <d2p1:key>adx_websiteid</d2p1:key>
      <d2p1:value>Healthcare Hackathon Portal - crm798846-hackathon</d2p1:value>
    </KeyValuePairOfstringstring>
    <KeyValuePairOfstringstring>
      <d2p1:key>statuscode</d2p1:key>
      <d2p1:value>Active</d2p1:value>
    </KeyValuePairOfstringstring>
    <KeyValuePairOfstringstring>
      <d2p1:key>createdby</d2p1:key>
      <d2p1:value>System Administrator</d2p1:value>
    </KeyValuePairOfstringstring>
    <KeyValuePairOfstringstring>
      <d2p1:key>modifiedon</d2p1:key>
      <d2p1:value>9/18/2023 5:06 AM</d2p1:value>
    </KeyValuePairOfstringstring>
    <KeyValuePairOfstringstring>
      <d2p1:key>modifiedby</d2p1:key>
      <d2p1:value>System Administrator</d2p1:value>
    </KeyValuePairOfstringstring>
    <KeyValuePairOfstringstring>
      <d2p1:key>createdon</d2p1:key>
      <d2p1:value>9/18/2023 5:05 AM</d2p1:value>
    </KeyValuePairOfstringstring>
    <KeyValuePairOfstringstring>
      <d2p1:key>statecode</d2p1:key>
      <d2p1:value>Active</d2p1:value>
    </KeyValuePairOfstringstring>
  </FormattedValues>
  <Id>9b0a9b05-e155-ee11-be6f-000d3a338c5d</Id>
  <KeyAttributes xmlns:d2p1="http://schemas.microsoft.com/xrm/7.1/Contracts" xmlns:d2p2="http://schemas.datacontract.org/2004/07/System.Collections.Generic" />
  <LogicalName>adx_webtemplate</LogicalName>
  <RelatedEntities xmlns:d2p1="http://schemas.datacontract.org/2004/07/System.Collections.Generic" />
  <RowVersion>6904468</RowVersion>
</Entity>