﻿<?xml version="1.0" encoding="utf-8"?>
<Entity xmlns:i="http://www.w3.org/2001/XMLSchema-instance" xmlns="http://schemas.microsoft.com/xrm/2011/Contracts">
  <Attributes xmlns:d2p1="http://schemas.datacontract.org/2004/07/System.Collections.Generic">
    <KeyValuePairOfstringanyType>
      <d2p1:key>adx_mimetype</d2p1:key>
      <d2p1:value i:nil="true" />
    </KeyValuePairOfstringanyType>
    <KeyValuePairOfstringanyType>
      <d2p1:key>adx_name</d2p1:key>
      <d2p1:value xmlns:d4p1="http://www.w3.org/2001/XMLSchema" i:type="d4p1:string">Pagination</d2p1:value>
    </KeyValuePairOfstringanyType>
    <KeyValuePairOfstringanyType>
      <d2p1:key>adx_source</d2p1:key>
      <d2p1:value xmlns:d4p1="http://www.w3.org/2001/XMLSchema" i:type="d4p1:string">{% assign current_page = current_page | default: 1 %}
{% assign page_size = page_size | default: 10 %}
{% assign total = total | default: 0 %}
{% assign limit = 5 %}

{% assign total_pages_remainder = total | modulo: page_size %}
{% if total_pages_remainder &gt; 0 %}
  {% assign total_pages = total | divided_by: page_size | plus: 1 %}
{% else %}
  {% assign total_pages = total | divided_by: page_size %}
{% endif %}

{% if total_pages &gt; 1 %}
  {% assign prev_page = current_page | minus: 1 %}
  {% assign next_page = current_page | plus: 1 %}
  
  {% assign start_page = 0 %}
  {% assign offset = limit | divided_by: 2 %}
  {% assign page_offset = current_page | minus: 1 %}
  {% if page_offset &gt; offset %}
    {% assign start_page = current_page | minus: offset | minus: 1 %}
  {% endif %}
     
  &lt;ul class="pagination"&gt;
  {% if current_page == 1 %}
      &lt;li class="disabled"&gt;&lt;a href="{{ request.url | add_query: 'page', '1' | path_and_query | escape }}"&gt;«&lt;/a&gt;&lt;/li&gt;
      &lt;li class="disabled"&gt;&lt;a href="{{ request.url | add_query: 'page', prev_page | path_and_query | escape }}"&gt;‹&lt;/a&gt;&lt;/li&gt;
  {% else %}
      &lt;li&gt;&lt;a href="{{ request.url | add_query: 'page', '1' | path_and_query | escape }}"&gt;«&lt;/a&gt;&lt;/li&gt;
      &lt;li&gt;&lt;a href="{{ request.url | add_query: 'page', prev_page | path_and_query | escape }}"&gt;‹&lt;/a&gt;&lt;/li&gt;
  {% endif %}

  {% for page in (1..total_pages) offset: start_page limit: limit %}
     &lt;li{% if page == current_page %} class="active"{% endif %}&gt;
       &lt;a href="{{ request.url | add_query:'page', page | path_and_query | escape }}"&gt; {{ page }}&lt;/a&gt;
     &lt;/li&gt;
  {% endfor -%}      

  {% if current_page == total_pages %}
      &lt;li class="disabled"&gt;&lt;a href="#" aria-label="Next"&gt;›&lt;/a&gt;&lt;/li&gt;
      &lt;li class="disabled"&gt;&lt;a href="#" aria-label="Last"&gt;»&lt;/a&gt;&lt;/li&gt;
  {% else %}
      &lt;li&gt;&lt;a href="{{ request.url | add_query: 'page', next_page | path_and_query | escape }}"&gt;›&lt;/a&gt;&lt;/li&gt;
      &lt;li&gt;&lt;a href="{{ request.url | add_query: 'page', total_pages | path_and_query | escape }}"&gt;»&lt;/a&gt;&lt;/li&gt;
  {% endif %}
  &lt;/ul&gt;
{% endif %}</d2p1:value>
    </KeyValuePairOfstringanyType>
    <KeyValuePairOfstringanyType>
      <d2p1:key>adx_websiteid</d2p1:key>
      <d2p1:value i:type="EntityReference">
        <Id>820a9b05-e155-ee11-be6f-000d3a338c5d</Id>
        <KeyAttributes xmlns:d5p1="http://schemas.microsoft.com/xrm/7.1/Contracts" />
        <LogicalName>adx_website</LogicalName>
        <Name>Healthcare Hackathon Portal - crm798846-hackathon</Name>
        <RowVersion i:nil="true" />
      </d2p1:value>
    </KeyValuePairOfstringanyType>
    <KeyValuePairOfstringanyType>
      <d2p1:key>adx_webtemplateid</d2p1:key>
      <d2p1:value xmlns:d4p1="http://schemas.microsoft.com/2003/10/Serialization/" i:type="d4p1:guid">9e0a9b05-e155-ee11-be6f-000d3a338c5d</d2p1:value>
    </KeyValuePairOfstringanyType>
    <KeyValuePairOfstringanyType>
      <d2p1:key>importsequencenumber</d2p1:key>
      <d2p1:value i:nil="true" />
    </KeyValuePairOfstringanyType>
    <KeyValuePairOfstringanyType>
      <d2p1:key>overriddencreatedon</d2p1:key>
      <d2p1:value i:nil="true" />
    </KeyValuePairOfstringanyType>
    <KeyValuePairOfstringanyType>
      <d2p1:key>statecode</d2p1:key>
      <d2p1:value i:type="OptionSetValue">
        <Value>0</Value>
      </d2p1:value>
    </KeyValuePairOfstringanyType>
    <KeyValuePairOfstringanyType>
      <d2p1:key>statuscode</d2p1:key>
      <d2p1:value i:type="OptionSetValue">
        <Value>1</Value>
      </d2p1:value>
    </KeyValuePairOfstringanyType>
    <KeyValuePairOfstringanyType>
      <d2p1:key>timezoneruleversionnumber</d2p1:key>
      <d2p1:value i:nil="true" />
    </KeyValuePairOfstringanyType>
    <KeyValuePairOfstringanyType>
      <d2p1:key>utcconversiontimezonecode</d2p1:key>
      <d2p1:value i:nil="true" />
    </KeyValuePairOfstringanyType>
  </Attributes>
  <EntityState i:nil="true" />
  <FormattedValues xmlns:d2p1="http://schemas.datacontract.org/2004/07/System.Collections.Generic">
    <KeyValuePairOfstringstring>
      <d2p1:key>organizationid</d2p1:key>
      <d2p1:value>org4b9694ba</d2p1:value>
    </KeyValuePairOfstringstring>
    <KeyValuePairOfstringstring>
      <d2p1:key>adx_websiteid</d2p1:key>
      <d2p1:value>Healthcare Hackathon Portal - crm798846-hackathon</d2p1:value>
    </KeyValuePairOfstringstring>
    <KeyValuePairOfstringstring>
      <d2p1:key>statuscode</d2p1:key>
      <d2p1:value>Active</d2p1:value>
    </KeyValuePairOfstringstring>
    <KeyValuePairOfstringstring>
      <d2p1:key>createdby</d2p1:key>
      <d2p1:value>System Administrator</d2p1:value>
    </KeyValuePairOfstringstring>
    <KeyValuePairOfstringstring>
      <d2p1:key>modifiedon</d2p1:key>
      <d2p1:value>9/18/2023 5:06 AM</d2p1:value>
    </KeyValuePairOfstringstring>
    <KeyValuePairOfstringstring>
      <d2p1:key>modifiedby</d2p1:key>
      <d2p1:value>System Administrator</d2p1:value>
    </KeyValuePairOfstringstring>
    <KeyValuePairOfstringstring>
      <d2p1:key>createdon</d2p1:key>
      <d2p1:value>9/18/2023 5:05 AM</d2p1:value>
    </KeyValuePairOfstringstring>
    <KeyValuePairOfstringstring>
      <d2p1:key>statecode</d2p1:key>
      <d2p1:value>Active</d2p1:value>
    </KeyValuePairOfstringstring>
  </FormattedValues>
  <Id>9e0a9b05-e155-ee11-be6f-000d3a338c5d</Id>
  <KeyAttributes xmlns:d2p1="http://schemas.microsoft.com/xrm/7.1/Contracts" xmlns:d2p2="http://schemas.datacontract.org/2004/07/System.Collections.Generic" />
  <LogicalName>adx_webtemplate</LogicalName>
  <RelatedEntities xmlns:d2p1="http://schemas.datacontract.org/2004/07/System.Collections.Generic" />
  <RowVersion>6904469</RowVersion>
</Entity>