﻿<?xml version="1.0" encoding="utf-8"?>
<Entity xmlns:i="http://www.w3.org/2001/XMLSchema-instance" xmlns="http://schemas.microsoft.com/xrm/2011/Contracts">
  <Attributes xmlns:d2p1="http://schemas.datacontract.org/2004/07/System.Collections.Generic">
    <KeyValuePairOfstringanyType>
      <d2p1:key>adx_mimetype</d2p1:key>
      <d2p1:value i:nil="true" />
    </KeyValuePairOfstringanyType>
    <KeyValuePairOfstringanyType>
      <d2p1:key>adx_name</d2p1:key>
      <d2p1:value xmlns:d4p1="http://www.w3.org/2001/XMLSchema" i:type="d4p1:string">Header</d2p1:value>
    </KeyValuePairOfstringanyType>
    <KeyValuePairOfstringanyType>
      <d2p1:key>adx_source</d2p1:key>
      <d2p1:value xmlns:d4p1="http://www.w3.org/2001/XMLSchema" i:type="d4p1:string">{% assign defaultlang = settings['LanguageLocale/Code'] | default: 'en-us' %}
{% assign homeurl = website.adx_partialurl %}
&lt;div class='navbar navbar-inverse navbar-static-top' role='banner'&gt;
  &lt;div class='skip-to-content'&gt;
    &lt;a href='#mainContent'&gt;{{ resx.Skip_To_Content | default: 'Skip to main content' }}&lt;/a&gt;
  &lt;/div&gt;
  &lt;div class='container'&gt;
    &lt;div class='navbar-header'&gt;
      &lt;!--
        div class="visible-xs-block"&gt;
          {% editable snippets 'Mobile Header' type: 'html' %}
        &lt;/div
      --&gt;
      &lt;div class='visible-sm-block visible-md-block visible-lg-block visible-xs-block navbar-brand'&gt;
        {% editable snippets 'Mobile Header' type: 'html' %}
      &lt;/div&gt;
      &lt;button type='button' class='navbar-toggle collapsed' title='{{ snippets["Header/Toggle Navigation"] | default: resx['Toggle_Navigation'] | h }}' data-toggle='collapse' data-target='#navbar' aria-expanded='false' onclick='setHeight();'&gt;
        &lt;span class='sr-only'&gt;{{ snippets['Header/Toggle Navigation'] | default: resx.Toggle_Navigation | h }}&lt;/span&gt;
        &lt;span class='icon-bar'&gt;&lt;/span&gt;
        &lt;span class='icon-bar'&gt;&lt;/span&gt;
        &lt;span class='icon-bar'&gt;&lt;/span&gt;
      &lt;/button&gt;
    &lt;/div&gt;
    &lt;div id='navbar' class='navbar-collapse collapse'&gt;
      {% assign primary_nav = weblinks.Default %}
      {% if primary_nav %}
        &lt;nav aria-label='{{ resx.Main_Navigation | default: "Main Navigation" }}' class='navbar-right menu-bar {% if primary_nav.editable %}xrm-entity xrm-editable-adx_weblinkset{% endif %}' data-weblinks-maxdepth='2'&gt;
          &lt;ul class='nav navbar-nav weblinks'&gt;
            {% for link in primary_nav.weblinks %}
              {% unless forloop.first %}
                &lt;li class='divider-vertical' aria-hidden='true'&gt;&lt;/li&gt;
              {% endunless %}
              {% if link.display_page_child_links %}
                {% if link.url != null %}
                  {% assign sublinks = sitemap[link.url].children %}
                {% endif %}
              {% else %}
                {% assign sublinks = link.weblinks %}
              {% endif %}
              &lt;li class='weblink {% if sublinks.size &gt; 0 %} dropdown{% endif %}'&gt;
                &lt;a
                  aria-label='{{ link.name | escape }}'
                  {% if sublinks.size &gt; 0 -%}
                    href='#' role='button' class='dropdown-toggle' data-toggle='dropdown'
                  {%- else -%}
                    href='{{ link.url | escape }}' aria-roledescription='link'
                  {%- endif -%}
                  {%- if link.Open_In_New_Window %}
                    target='_blank'
                  {% endif -%}
                  {%- if link.nofollow %}
                    rel='nofollow'
                  {% endif -%}
                  {%- if link.tooltip %}
                    title='{{ link.tooltip | escape }}'
                  {% endif %}
                &gt;
                  {%- if link.image -%}
                    {%- if link.image.url -%}
                      {%- if link.image.url.first == '.' -%}
                        &lt;span class='{{ link.image.url | split:'.' | join }}' aria-hidden='true'&gt;&lt;/span&gt;
                      {%- endif -%}
                    {%- else -%}
                      &lt;img
                        src='{{ link.image.url | escape }}'
                        alt='{{ link.image.alternate_text | default:link.tooltip | escape }}'
                        {% if link.image.width %}
                          width='{{ link.image.width | escape }}'
                        {% endif %}
                        {% if link.image.height %}
                          height='{{ link.image.height | escape }}'
                        {% endif %}
                      &gt;
                    {%- endif -%}
                  {%- endif -%}
                  {%- unless link.display_image_only -%}
                    {{ link.name | escape }}
                  {%- endunless -%}
                  {%- if sublinks.size &gt; 0 -%}
                    &lt;span class='caret'&gt;&lt;/span&gt;
                  {%- endif -%}
                &lt;/a&gt;
                {% if sublinks.size &gt; 0 %}
                  &lt;ul class='dropdown-menu'&gt;
                    {% if link.name %}
                      &lt;li&gt;
                        &lt;a
                          aria-label='{{ link.name | escape }}'
                          aria-roledescription='link'
                          href='{{ link.url }}'
                          {% if link.Open_In_New_Window %}
                            target='_blank'
                          {% endif %}
                          {% if link.nofollow %}
                            rel='nofollow'
                          {% endif %}
                          {% if link.tooltip %}
                            title='{{ link.tooltip | escape }}'
                          {% endif %}
                        &gt;
                          {{- link.name | escape -}}
                        &lt;/a&gt;
                      &lt;/li&gt;
                      &lt;div class='divider'&gt;&lt;/div&gt;
                    {% endif %}
                    {% for sublink in sublinks %}
                      &lt;li&gt;
                        &lt;a
                          aria-label='{{ sublink.name | default:sublink.title | escape }}'
                          aria-roledescription='link'
                          href='{{ sublink.url }}'
                          {% if sublink.Open_In_New_Window %}
                            target='_blank'
                          {% endif %}
                          {% if sublink.nofollow %}
                            rel='nofollow'
                          {% endif %}
                          {% if sublink.tooltip %}
                            title='{{ sublink.tooltip | escape }}'
                          {% endif %}
                        &gt;
                          {{ sublink.name | default: sublink.title | escape }}
                        &lt;/a&gt;
                      &lt;/li&gt;
                    {% endfor %}
                  &lt;/ul&gt;
                {% endif %}
              &lt;/li&gt;
            {% endfor %}
            {% assign search_enabled = settings['Search/Enabled'] | boolean | default: true %}
            {% if search_enabled %}
              &lt;li class='divider-vertical' aria-hidden='true'&gt;&lt;/li&gt;
              &lt;li class='dropdown'&gt;
                &lt;a id='search' class='navbar-icon' href='#' data-toggle='dropdown' role='button' aria-expanded='false' aria-label='{{ snippets["Header/Search/ToolTip"] | default:resx["Search_DefaultText"] | escape }}'&gt;
                  &lt;span class='glyphicon glyphicon-search'&gt;&lt;/span&gt;
                &lt;/a&gt;
                &lt;div class='dropdown-menu dropdown-search'&gt;
                  {% include 'Search', search_id: 'q' %}
                &lt;/div&gt;
              &lt;/li&gt;
            {% endif %}
            &lt;li class='divider-vertical' aria-hidden='true'&gt;&lt;/li&gt;
            {% if website.languages.size &gt; 1 %}
              &lt;li class='dropdown'&gt;
                &lt;a class='dropdown-toggle' aria-roledescription='link' href='#' data-toggle='dropdown' aria-label='{{ website.selected_language.name | escape }}' aria-haspopup='true' aria-expanded='false' title='{{ website.selected_language.name | escape }}'&gt;
                  &lt;span class='drop_language'&gt;{{ website.selected_language.name | escape }}&lt;/span&gt;
                  &lt;span class='caret'&gt;&lt;/span&gt;
                &lt;/a&gt;
                {% include 'Languages Dropdown' %}
              &lt;/li&gt;
              &lt;li class='divider-vertical' aria-hidden='true'&gt;&lt;/li&gt;
            {% endif %}
            {% if user %}
              &lt;li class='dropdown'&gt;
                {% assign username = user.fullname | escape %}
                &lt;a href='#' class='dropdown-toggle' aria-roledescription='link' title='{{username | default: resx['Default_Profile_name'] }}' data-toggle='dropdown' role='button' aria-expanded='false'&gt;
                  &lt;span class='username'&gt;{{ username | default: resx.Default_Profile_name }}&lt;/span&gt;
                  &lt;span class='caret'&gt;&lt;/span&gt;
                &lt;/a&gt;
                &lt;ul class='dropdown-menu'&gt;
                  {% assign show_profile_nav = settings['Header/ShowAllProfileNavigationLinks'] | boolean | default: true %}
                  {% if show_profile_nav %}
                    {% assign profile_nav = weblinks['Profile Navigation'] %}
                    {% if profile_nav %}
                      {% for link in profile_nav.weblinks %}
                        &lt;li&gt;
                          &lt;a aria-label='{{ link.name | escape }}' aria-roledescription='link' href='{{ link.url | escape }}' title='{{ link.name | escape }}'&gt;{{ link.name | escape }}&lt;/a&gt;
                        &lt;/li&gt;
                      {% endfor %}
                    {% endif %}
                  {% else %}
                    &lt;li&gt;
                      &lt;a aria-label='{{ snippets["Profile Link Text"] | default:resx["Profile_Text"] | escape }}' aria-roledescription='link' href='{{ sitemarkers['Profile'].url | escape }}'&gt;{{ snippets['Profile Link Text'] | default: resx.Profile_Text | escape }}&lt;/a&gt;
                    &lt;/li&gt;
                  {% endif %}
                  &lt;li class='divider' role='separator' aria-hidden='true'&gt;&lt;/li&gt;
                  &lt;li&gt;
                    &lt;a aria-label='{{ snippets["links/logout"] | default:resx["Sign_Out"] | escape }}' aria-roledescription='link' href='{% if homeurl%}/{{ homeurl }}{% endif %}{{ website.sign_out_url_substitution }}' title='{{ snippets["links/logout"] | default:resx["Sign_Out"] | escape }}'&gt;
                      {{ snippets['links/logout'] | default: resx.Sign_Out | escape }}
                    &lt;/a&gt;
                  &lt;/li&gt;
                &lt;/ul&gt;
              &lt;/li&gt;
            {% else %}
              &lt;li&gt;
                &lt;a aria-label='{{ snippets["links/login"] | default:resx["Sign_In"] | escape }}' aria-roledescription='link' href='{% if homeurl%}/{{ homeurl }}{% endif %}{{ website.sign_in_url_substitution }}'&gt;
                  {{ snippets['links/login'] | default: resx.Sign_In | escape }}
                &lt;/a&gt;
              &lt;/li&gt;
            {% endif %}
          &lt;/ul&gt;
          {% editable primary_nav %}
        &lt;/nav&gt;
      {% endif %}
    &lt;/div&gt;
  &lt;/div&gt;
&lt;/div&gt;
{% substitution %}
{% assign current_page = page.id %}
{% assign sr_page = sitemarkers.Search.id %}
{% assign forum_page = sitemarkers.Forums.id %}
{% if current_page %}
  {% if current_page == sr_page or current_page == forum_page %}
    {% assign section_class = 'section-landing-search' %}
    {% if current_page == forum_page %}
      {% assign section_class = 'section-landing-forums' %}
    {% endif %}
    &lt;section class='page_section {{ section_class | h }} color-inverse'&gt;
      &lt;div class='row sectionBlockLayout sectionFixedStyle' style='display: flex; flex-wrap: wrap; text-align: center;'&gt;
        &lt;div class='container' style='display: flex; flex-wrap: wrap;'&gt;
          &lt;div class='col-md-12 columnBlockLayout' style='display: flex; flex-direction: column; justify-content: center;'&gt;
            {% if current_page == sr_page %}
              &lt;h1 id='mainContent'&gt;{% editable snippets 'Search/Title' default: resx["Discover_Contoso"] %}&lt;/h1&gt;
              {% include 'Search', search_id: 'search_control' %}
            {% endif %}
          &lt;/div&gt;
        &lt;/div&gt;
      &lt;/div&gt;
    &lt;/section&gt;
  {% endif %}
{% endif %}
{% endsubstitution %}
&lt;script type='text/javascript'&gt;
  window.onload = function () {
    if (window.navigator.appName == 'Microsoft Internet Explorer' || window.navigator.userAgent.indexOf('Trident') &gt; 0) {
      var searchElement = document.getElementById('search');
      if (searchElement != null) searchElement.setAttribute('href', '');
    }
  };
  function setHeight() {
    var windowHeight = window.innerHeight - 140;
    var navbar = document.getElementById('navbar');
    if (navbar) {
      navbar.style.maxHeight = windowHeight + 'px';
    }
  }
  window.addEventListener('resize', function (event) {
    setHeight();
  });
&lt;/script&gt;
</d2p1:value>
    </KeyValuePairOfstringanyType>
    <KeyValuePairOfstringanyType>
      <d2p1:key>adx_websiteid</d2p1:key>
      <d2p1:value i:type="EntityReference">
        <Id>820a9b05-e155-ee11-be6f-000d3a338c5d</Id>
        <KeyAttributes xmlns:d5p1="http://schemas.microsoft.com/xrm/7.1/Contracts" />
        <LogicalName>adx_website</LogicalName>
        <Name>Healthcare Hackathon Portal - crm798846-hackathon</Name>
        <RowVersion i:nil="true" />
      </d2p1:value>
    </KeyValuePairOfstringanyType>
    <KeyValuePairOfstringanyType>
      <d2p1:key>adx_webtemplateid</d2p1:key>
      <d2p1:value xmlns:d4p1="http://schemas.microsoft.com/2003/10/Serialization/" i:type="d4p1:guid">a10a9b05-e155-ee11-be6f-000d3a338c5d</d2p1:value>
    </KeyValuePairOfstringanyType>
    <KeyValuePairOfstringanyType>
      <d2p1:key>importsequencenumber</d2p1:key>
      <d2p1:value i:nil="true" />
    </KeyValuePairOfstringanyType>
    <KeyValuePairOfstringanyType>
      <d2p1:key>overriddencreatedon</d2p1:key>
      <d2p1:value i:nil="true" />
    </KeyValuePairOfstringanyType>
    <KeyValuePairOfstringanyType>
      <d2p1:key>statecode</d2p1:key>
      <d2p1:value i:type="OptionSetValue">
        <Value>0</Value>
      </d2p1:value>
    </KeyValuePairOfstringanyType>
    <KeyValuePairOfstringanyType>
      <d2p1:key>statuscode</d2p1:key>
      <d2p1:value i:type="OptionSetValue">
        <Value>1</Value>
      </d2p1:value>
    </KeyValuePairOfstringanyType>
    <KeyValuePairOfstringanyType>
      <d2p1:key>timezoneruleversionnumber</d2p1:key>
      <d2p1:value i:nil="true" />
    </KeyValuePairOfstringanyType>
    <KeyValuePairOfstringanyType>
      <d2p1:key>utcconversiontimezonecode</d2p1:key>
      <d2p1:value i:nil="true" />
    </KeyValuePairOfstringanyType>
  </Attributes>
  <EntityState i:nil="true" />
  <FormattedValues xmlns:d2p1="http://schemas.datacontract.org/2004/07/System.Collections.Generic">
    <KeyValuePairOfstringstring>
      <d2p1:key>organizationid</d2p1:key>
      <d2p1:value>org4b9694ba</d2p1:value>
    </KeyValuePairOfstringstring>
    <KeyValuePairOfstringstring>
      <d2p1:key>adx_websiteid</d2p1:key>
      <d2p1:value>Healthcare Hackathon Portal - crm798846-hackathon</d2p1:value>
    </KeyValuePairOfstringstring>
    <KeyValuePairOfstringstring>
      <d2p1:key>statuscode</d2p1:key>
      <d2p1:value>Active</d2p1:value>
    </KeyValuePairOfstringstring>
    <KeyValuePairOfstringstring>
      <d2p1:key>createdby</d2p1:key>
      <d2p1:value>System Administrator</d2p1:value>
    </KeyValuePairOfstringstring>
    <KeyValuePairOfstringstring>
      <d2p1:key>modifiedon</d2p1:key>
      <d2p1:value>9/18/2023 5:06 AM</d2p1:value>
    </KeyValuePairOfstringstring>
    <KeyValuePairOfstringstring>
      <d2p1:key>modifiedby</d2p1:key>
      <d2p1:value>System Administrator</d2p1:value>
    </KeyValuePairOfstringstring>
    <KeyValuePairOfstringstring>
      <d2p1:key>createdon</d2p1:key>
      <d2p1:value>9/18/2023 5:05 AM</d2p1:value>
    </KeyValuePairOfstringstring>
    <KeyValuePairOfstringstring>
      <d2p1:key>statecode</d2p1:key>
      <d2p1:value>Active</d2p1:value>
    </KeyValuePairOfstringstring>
  </FormattedValues>
  <Id>a10a9b05-e155-ee11-be6f-000d3a338c5d</Id>
  <KeyAttributes xmlns:d2p1="http://schemas.microsoft.com/xrm/7.1/Contracts" xmlns:d2p2="http://schemas.datacontract.org/2004/07/System.Collections.Generic" />
  <LogicalName>adx_webtemplate</LogicalName>
  <RelatedEntities xmlns:d2p1="http://schemas.datacontract.org/2004/07/System.Collections.Generic" />
  <RowVersion>6904474</RowVersion>
</Entity>