﻿<?xml version="1.0" encoding="utf-8"?>
<Entity xmlns:i="http://www.w3.org/2001/XMLSchema-instance" xmlns="http://schemas.microsoft.com/xrm/2011/Contracts">
  <Attributes xmlns:d2p1="http://schemas.datacontract.org/2004/07/System.Collections.Generic">
    <KeyValuePairOfstringanyType>
      <d2p1:key>adx_mimetype</d2p1:key>
      <d2p1:value i:nil="true" />
    </KeyValuePairOfstringanyType>
    <KeyValuePairOfstringanyType>
      <d2p1:key>adx_name</d2p1:key>
      <d2p1:value xmlns:d4p1="http://www.w3.org/2001/XMLSchema" i:type="d4p1:string">Power Virtual Agents</d2p1:value>
    </KeyValuePairOfstringanyType>
    <KeyValuePairOfstringanyType>
      <d2p1:key>adx_source</d2p1:key>
      <d2p1:value xmlns:d4p1="http://www.w3.org/2001/XMLSchema" i:type="d4p1:string">&lt;!-- Power virtual agents web template V2.0 --&gt;

{% assign botconsumer = entities.adx_botconsumer[bot_consumer_id] %}
{% assign env = environment %}
{% assign languageCode = website.selected_language.code %}
{% assign botConfig = botconsumer.adx_configjson %}
&lt;div class='pva-floating-style'&gt;
  &lt;div name='webChat'&gt;&lt;/div&gt;
  &lt;script type='text/javascript' id='pvaChatInlineScript'&gt;
    var script = document.createElement('script');
    script.onload = function() {
        var botConfig = {{botConfig}};

        // Learn more about advanced configuration: https://go.microsoft.com/fwlink/?linkid=2147420
        const webChatHeaderStyleOptions = botConfig?.webChatHeaderStyleOptions;
        const webChatCanvasStyleOptions = botConfig?.webChatCanvasStyleOptions;
        const webChatWidgetStyleOptions = botConfig?.webChatWidgetStyleOptions;
        const botTitle = botConfig?.headerText;
        let chatWidth = "320px";
        let chatHeight =  "480px";
        window.PvaEmbeddedWebChat.renderWebChat(
        {
            "container": document.getElementsByName('webChat')[0],
            "botSchemaName": "{{ botconsumer.adx_botschemaname }}",
            "environmentId": "{{ env.Id }}",
            "width": chatWidth,
            "height": chatHeight,
            "client": "msportals", // client and version is needed for the ease of future breaking changes
            "version": "v1",
            "headerText": botTitle,
            "webChatCanvasStyleOptions": webChatCanvasStyleOptions,
            "webChatHeaderStyleOptions": webChatHeaderStyleOptions,
            "webChatWidgetStyleOptions": webChatWidgetStyleOptions,
            "accessibilityLanguage": "{{languageCode}}"
        });
    }
    script.src = "https://embed.powerva.microsoft.com/webchat/embedded.js?client=msportals&amp;version=v1";
    document.getElementsByTagName('head')[0].appendChild(script);
  &lt;/script&gt;
&lt;/div&gt;

</d2p1:value>
    </KeyValuePairOfstringanyType>
    <KeyValuePairOfstringanyType>
      <d2p1:key>adx_websiteid</d2p1:key>
      <d2p1:value i:type="EntityReference">
        <Id>820a9b05-e155-ee11-be6f-000d3a338c5d</Id>
        <KeyAttributes xmlns:d5p1="http://schemas.microsoft.com/xrm/7.1/Contracts" />
        <LogicalName>adx_website</LogicalName>
        <Name>Healthcare Hackathon Portal - crm798846-hackathon</Name>
        <RowVersion i:nil="true" />
      </d2p1:value>
    </KeyValuePairOfstringanyType>
    <KeyValuePairOfstringanyType>
      <d2p1:key>adx_webtemplateid</d2p1:key>
      <d2p1:value xmlns:d4p1="http://schemas.microsoft.com/2003/10/Serialization/" i:type="d4p1:guid">a20a9b05-e155-ee11-be6f-000d3a338c5d</d2p1:value>
    </KeyValuePairOfstringanyType>
    <KeyValuePairOfstringanyType>
      <d2p1:key>importsequencenumber</d2p1:key>
      <d2p1:value i:nil="true" />
    </KeyValuePairOfstringanyType>
    <KeyValuePairOfstringanyType>
      <d2p1:key>overriddencreatedon</d2p1:key>
      <d2p1:value i:nil="true" />
    </KeyValuePairOfstringanyType>
    <KeyValuePairOfstringanyType>
      <d2p1:key>statecode</d2p1:key>
      <d2p1:value i:type="OptionSetValue">
        <Value>0</Value>
      </d2p1:value>
    </KeyValuePairOfstringanyType>
    <KeyValuePairOfstringanyType>
      <d2p1:key>statuscode</d2p1:key>
      <d2p1:value i:type="OptionSetValue">
        <Value>1</Value>
      </d2p1:value>
    </KeyValuePairOfstringanyType>
    <KeyValuePairOfstringanyType>
      <d2p1:key>timezoneruleversionnumber</d2p1:key>
      <d2p1:value i:nil="true" />
    </KeyValuePairOfstringanyType>
    <KeyValuePairOfstringanyType>
      <d2p1:key>utcconversiontimezonecode</d2p1:key>
      <d2p1:value i:nil="true" />
    </KeyValuePairOfstringanyType>
  </Attributes>
  <EntityState i:nil="true" />
  <FormattedValues xmlns:d2p1="http://schemas.datacontract.org/2004/07/System.Collections.Generic">
    <KeyValuePairOfstringstring>
      <d2p1:key>organizationid</d2p1:key>
      <d2p1:value>org4b9694ba</d2p1:value>
    </KeyValuePairOfstringstring>
    <KeyValuePairOfstringstring>
      <d2p1:key>adx_websiteid</d2p1:key>
      <d2p1:value>Healthcare Hackathon Portal - crm798846-hackathon</d2p1:value>
    </KeyValuePairOfstringstring>
    <KeyValuePairOfstringstring>
      <d2p1:key>statuscode</d2p1:key>
      <d2p1:value>Active</d2p1:value>
    </KeyValuePairOfstringstring>
    <KeyValuePairOfstringstring>
      <d2p1:key>createdby</d2p1:key>
      <d2p1:value>System Administrator</d2p1:value>
    </KeyValuePairOfstringstring>
    <KeyValuePairOfstringstring>
      <d2p1:key>modifiedon</d2p1:key>
      <d2p1:value>9/24/2023 11:10 PM</d2p1:value>
    </KeyValuePairOfstringstring>
    <KeyValuePairOfstringstring>
      <d2p1:key>modifiedby</d2p1:key>
      <d2p1:value>System Administrator</d2p1:value>
    </KeyValuePairOfstringstring>
    <KeyValuePairOfstringstring>
      <d2p1:key>createdon</d2p1:key>
      <d2p1:value>9/18/2023 5:05 AM</d2p1:value>
    </KeyValuePairOfstringstring>
    <KeyValuePairOfstringstring>
      <d2p1:key>statecode</d2p1:key>
      <d2p1:value>Active</d2p1:value>
    </KeyValuePairOfstringstring>
  </FormattedValues>
  <Id>a20a9b05-e155-ee11-be6f-000d3a338c5d</Id>
  <KeyAttributes xmlns:d2p1="http://schemas.microsoft.com/xrm/7.1/Contracts" xmlns:d2p2="http://schemas.datacontract.org/2004/07/System.Collections.Generic" />
  <LogicalName>adx_webtemplate</LogicalName>
  <RelatedEntities xmlns:d2p1="http://schemas.datacontract.org/2004/07/System.Collections.Generic" />
  <RowVersion>7264909</RowVersion>
</Entity>