﻿<?xml version="1.0" encoding="utf-8"?>
<Entity xmlns:i="http://www.w3.org/2001/XMLSchema-instance" xmlns="http://schemas.microsoft.com/xrm/2011/Contracts">
  <Attributes xmlns:d2p1="http://schemas.datacontract.org/2004/07/System.Collections.Generic">
    <KeyValuePairOfstringanyType>
      <d2p1:key>adx_mimetype</d2p1:key>
      <d2p1:value i:nil="true" />
    </KeyValuePairOfstringanyType>
    <KeyValuePairOfstringanyType>
      <d2p1:key>adx_name</d2p1:key>
      <d2p1:value xmlns:d4p1="http://www.w3.org/2001/XMLSchema" i:type="d4p1:string">Side Navigation</d2p1:value>
    </KeyValuePairOfstringanyType>
    <KeyValuePairOfstringanyType>
      <d2p1:key>adx_source</d2p1:key>
      <d2p1:value xmlns:d4p1="http://www.w3.org/2001/XMLSchema" i:type="d4p1:string">{% assign depth_offset = depth_offset | default: 0 %}
{% assign current_page = current_page | default: page %}
{% assign current_depth = 0 %}

{% if current_page.children.size &gt; 0 %}
  {% assign leaf_page = false %}
{% else %}
  {% assign leaf_page = true %}
{% endif %}

{% capture page_item %}
  &lt;li class="active pr-color"&gt;
    &lt;a href="{{ current_page.url | h }}" title="{{ current_page.title | h }}"&gt;
      {% if leaf_page %}
        &lt;span class="fa fa-fw" aria-hidden="true"&gt;&lt;/span&gt;
      {% else %}
        &lt;span class="fa fa-fw" aria-hidden="true"&gt;&lt;/span&gt;
      {% endif %}
      {{ current_page.title | h }}
    &lt;/a&gt;
    {% unless leaf_page %}
      &lt;ul class="pr-color"&gt;
        {% for child in current_page.children %}
        {% if child.entity.logical_name == 'adx_webpage' %}
          &lt;li&gt;
            &lt;a href="{{ child.url | h }}" title="{{ child.title | h }}"&gt;
              {% if child.children.size &gt; 0 %}
                &lt;span class="fa fa-fw" aria-hidden="true"&gt;&lt;/span&gt;
              {% else %}
                &lt;span class="fa fa-fw" aria-hidden="true"&gt;&lt;/span&gt;
              {% endif %}
              {{ child.title | h }}
            &lt;/a&gt;
          &lt;/li&gt;
          {% endif %}
        {% endfor %}
      &lt;/ul&gt;
    {% endunless %}
  &lt;/li&gt;
{% endcapture %}

&lt;ul class="tree pr-color" role="navigation"&gt;
  {% assign crumb_count = 0 %}
  {% assign leaf_mode = false %}
  
  {% for crumb in current_page.breadcrumbs %}
    {% unless current_depth &lt; depth_offset %}
      {% if forloop.last and leaf_page %}
        {% assign leaf_mode = true %}
      {% else %}
        &lt;li&gt;
          &lt;a href="{{ crumb.url | h }}" title="{{ crumb.title | h }}"&gt;
            &lt;span class="fa fa-fw" aria-hidden="true"&gt;&lt;/span&gt;
            {{ crumb.title | h }}
          &lt;/a&gt;
        &lt;/li&gt;
      {% endif %}
      {% assign crumb_count = crumb_count | plus: 1 %}
    {% endunless %}
    {% assign current_depth = current_depth | plus: 1 %}
  {% endfor %}
  
  {% if crumb_count &lt; 1 %}
    {{ page_item }}
  {% elsif crumb_count &lt; 2 and leaf_mode %}
    {% for parent_sibling in current_page.parent.parent.children %}
      {% if parent_sibling.url == current_page.parent.url %}
        &lt;li&gt;
          &lt;a href="{{ current_page.parent.url | h }}" title="{{ current_page.parent.title | h }}"&gt;
            &lt;span class="fa fa-fw" aria-hidden="true"&gt;&lt;/span&gt;
            {{ current_page.parent.title | h }}
          &lt;/a&gt;
          &lt;ul&gt;
            {% for sibling in current_page.parent.children %}
            {% if sibling.entity.logical_name == 'adx_webpage' %}
              &lt;li {% if sibling.url == current_page.url %}class="active"{% endif %}&gt;
                &lt;a href="{{ sibling.url | h }}" title="{{ sibling.title | h }}"&gt;
                  {% if sibling.children.size &gt; 0 %}
                    &lt;span class="fa fa-fw" aria-hidden="true"&gt;&lt;/span&gt;
                  {% else %}
                    &lt;span class="fa fa-fw" aria-hidden="true"&gt;&lt;/span&gt;
                  {% endif %}
                  {{ sibling.title | h }}
                &lt;/a&gt;
              &lt;/li&gt;
              {% endif %}
            {% endfor %}
          &lt;/ul&gt;
        &lt;/li&gt;
      {% else %}
       {% if parent_sibling.entity.logical_name == 'adx_webpage' %}
        &lt;li&gt;
          &lt;a href="{{ parent_sibling.url | h }}" title="{{ parent_sibling.title | h }}"&gt;
            {% if parent_sibling.children.size &gt; 0 %}
              &lt;span class="fa fa-fw" aria-hidden="true"&gt;&lt;/span&gt;
            {% else %}
              &lt;span class="fa fa-fw" aria-hidden="true"&gt;&lt;/span&gt;
            {% endif %}
            {{ parent_sibling.title | h }}
          &lt;/a&gt;
        &lt;/li&gt;
        {% endif %}
      {% endif %}
    {% endfor %}
  {% else %}
    &lt;li&gt;
      &lt;ul&gt;
        {% if leaf_mode %}
          {% for parent_sibling in current_page.parent.parent.children %}
            {% if parent_sibling.url == current_page.parent.url %}
              &lt;li&gt;
                &lt;a href="{{ current_page.parent.url | h }}" title="{{ current_page.parent.title | h }}"&gt;
                  &lt;span class="fa fa-fw" aria-hidden="true"&gt;&lt;/span&gt;
                  {{ current_page.parent.title | h }}
                &lt;/a&gt;
                &lt;ul&gt;
                  {% for sibling in current_page.parent.children %}
                  {% if sibling.entity.logical_name == 'adx_webpage' %}
                    &lt;li {% if sibling.url == current_page.url %}class="active"{% endif %}&gt;
                      &lt;a href="{{ sibling.url | h }}" title="{{ sibling.title | h }}"&gt;
                        {% if sibling.children.size &gt; 0 %}
                          &lt;span class="fa fa-fw" aria-hidden="true"&gt;&lt;/span&gt;
                        {% else %}
                          &lt;span class="fa fa-fw" aria-hidden="true"&gt;&lt;/span&gt;
                        {% endif %}
                        {{ sibling.title | h }}
                      &lt;/a&gt;
                    &lt;/li&gt;
                    {% endif %}
                  {% endfor %}
                &lt;/ul&gt;
              &lt;/li&gt;
            {% else %}
            {% if parent_sibling.entity.logical_name == 'adx_webpage' %}
              &lt;li&gt;
                &lt;a href="{{ parent_sibling.url | h }}" title="{{ parent_sibling.title | h }}"&gt;
                  {% if parent_sibling.children.size &gt; 0 %}
                    &lt;span class="fa fa-fw" aria-hidden="true"&gt;&lt;/span&gt;
                  {% else %}
                    &lt;span class="fa fa-fw" aria-hidden="true"&gt;&lt;/span&gt;
                  {% endif %}
                  {{ parent_sibling.title | h }}
                &lt;/a&gt;
              &lt;/li&gt;
              {% endif %}
            {% endif %}
          {% endfor %}
        {% else %}
          {% for sibling in current_page.parent.children %}
            {% if sibling.url == current_page.url %}
              {{ page_item }}
            {% else %}
            {% if sibling.entity.logical_name == 'adx_webpage' %}
              &lt;li&gt;
                &lt;a href="{{ sibling.url | h }}" title="{{ sibling.title | h }}"&gt;
                  {% if sibling.children.size &gt; 0 %}
                    &lt;span class="fa fa-fw" aria-hidden="true"&gt;&lt;/span&gt;
                  {% else %}
                    &lt;span class="fa fa-fw" aria-hidden="true"&gt;&lt;/span&gt;
                  {% endif %}
                  {{ sibling.title | h }}
                &lt;/a&gt;
              &lt;/li&gt;
              {% endif %}
            {% endif %}
          {% endfor %}
        {% endif %}
      &lt;/ul&gt;
    &lt;/li&gt;
  {% endif %}
&lt;/ul&gt;</d2p1:value>
    </KeyValuePairOfstringanyType>
    <KeyValuePairOfstringanyType>
      <d2p1:key>adx_websiteid</d2p1:key>
      <d2p1:value i:type="EntityReference">
        <Id>820a9b05-e155-ee11-be6f-000d3a338c5d</Id>
        <KeyAttributes xmlns:d5p1="http://schemas.microsoft.com/xrm/7.1/Contracts" />
        <LogicalName>adx_website</LogicalName>
        <Name>Healthcare Hackathon Portal - crm798846-hackathon</Name>
        <RowVersion i:nil="true" />
      </d2p1:value>
    </KeyValuePairOfstringanyType>
    <KeyValuePairOfstringanyType>
      <d2p1:key>adx_webtemplateid</d2p1:key>
      <d2p1:value xmlns:d4p1="http://schemas.microsoft.com/2003/10/Serialization/" i:type="d4p1:guid">a30a9b05-e155-ee11-be6f-000d3a338c5d</d2p1:value>
    </KeyValuePairOfstringanyType>
    <KeyValuePairOfstringanyType>
      <d2p1:key>importsequencenumber</d2p1:key>
      <d2p1:value i:nil="true" />
    </KeyValuePairOfstringanyType>
    <KeyValuePairOfstringanyType>
      <d2p1:key>overriddencreatedon</d2p1:key>
      <d2p1:value i:nil="true" />
    </KeyValuePairOfstringanyType>
    <KeyValuePairOfstringanyType>
      <d2p1:key>statecode</d2p1:key>
      <d2p1:value i:type="OptionSetValue">
        <Value>0</Value>
      </d2p1:value>
    </KeyValuePairOfstringanyType>
    <KeyValuePairOfstringanyType>
      <d2p1:key>statuscode</d2p1:key>
      <d2p1:value i:type="OptionSetValue">
        <Value>1</Value>
      </d2p1:value>
    </KeyValuePairOfstringanyType>
    <KeyValuePairOfstringanyType>
      <d2p1:key>timezoneruleversionnumber</d2p1:key>
      <d2p1:value i:nil="true" />
    </KeyValuePairOfstringanyType>
    <KeyValuePairOfstringanyType>
      <d2p1:key>utcconversiontimezonecode</d2p1:key>
      <d2p1:value i:nil="true" />
    </KeyValuePairOfstringanyType>
  </Attributes>
  <EntityState i:nil="true" />
  <FormattedValues xmlns:d2p1="http://schemas.datacontract.org/2004/07/System.Collections.Generic">
    <KeyValuePairOfstringstring>
      <d2p1:key>organizationid</d2p1:key>
      <d2p1:value>org4b9694ba</d2p1:value>
    </KeyValuePairOfstringstring>
    <KeyValuePairOfstringstring>
      <d2p1:key>adx_websiteid</d2p1:key>
      <d2p1:value>Healthcare Hackathon Portal - crm798846-hackathon</d2p1:value>
    </KeyValuePairOfstringstring>
    <KeyValuePairOfstringstring>
      <d2p1:key>statuscode</d2p1:key>
      <d2p1:value>Active</d2p1:value>
    </KeyValuePairOfstringstring>
    <KeyValuePairOfstringstring>
      <d2p1:key>createdby</d2p1:key>
      <d2p1:value>System Administrator</d2p1:value>
    </KeyValuePairOfstringstring>
    <KeyValuePairOfstringstring>
      <d2p1:key>modifiedon</d2p1:key>
      <d2p1:value>9/18/2023 5:06 AM</d2p1:value>
    </KeyValuePairOfstringstring>
    <KeyValuePairOfstringstring>
      <d2p1:key>modifiedby</d2p1:key>
      <d2p1:value>System Administrator</d2p1:value>
    </KeyValuePairOfstringstring>
    <KeyValuePairOfstringstring>
      <d2p1:key>createdon</d2p1:key>
      <d2p1:value>9/18/2023 5:05 AM</d2p1:value>
    </KeyValuePairOfstringstring>
    <KeyValuePairOfstringstring>
      <d2p1:key>statecode</d2p1:key>
      <d2p1:value>Active</d2p1:value>
    </KeyValuePairOfstringstring>
  </FormattedValues>
  <Id>a30a9b05-e155-ee11-be6f-000d3a338c5d</Id>
  <KeyAttributes xmlns:d2p1="http://schemas.microsoft.com/xrm/7.1/Contracts" xmlns:d2p2="http://schemas.datacontract.org/2004/07/System.Collections.Generic" />
  <LogicalName>adx_webtemplate</LogicalName>
  <RelatedEntities xmlns:d2p1="http://schemas.datacontract.org/2004/07/System.Collections.Generic" />
  <RowVersion>6904481</RowVersion>
</Entity>