﻿<?xml version="1.0" encoding="utf-8"?>
<Entity xmlns:i="http://www.w3.org/2001/XMLSchema-instance" xmlns="http://schemas.microsoft.com/xrm/2011/Contracts">
  <Attributes xmlns:d2p1="http://schemas.datacontract.org/2004/07/System.Collections.Generic">
    <KeyValuePairOfstringanyType>
      <d2p1:key>adx_mimetype</d2p1:key>
      <d2p1:value i:nil="true" />
    </KeyValuePairOfstringanyType>
    <KeyValuePairOfstringanyType>
      <d2p1:key>adx_name</d2p1:key>
      <d2p1:value xmlns:d4p1="http://www.w3.org/2001/XMLSchema" i:type="d4p1:string">Faceted Search - Facets Template</d2p1:value>
    </KeyValuePairOfstringanyType>
    <KeyValuePairOfstringanyType>
      <d2p1:key>adx_source</d2p1:key>
      <d2p1:value xmlns:d4p1="http://www.w3.org/2001/XMLSchema" i:type="d4p1:string">{%raw%}
 &lt;script id="facets-view-results" type="text/x-handlebars-template"&gt;
  {{#each facetViews}}

  {{#ifvalue facetName value="_logicalname"}}
   {{#if facetData}}
    &lt;div class="facet-view short-list panel panel-default"&gt;
     &lt;div class="facet-title panel-heading"&gt;{%endraw%}{{ snippets['Search/Facet/RecordType'] | default: resx['Facet_RecordType'] | h }}{%raw%}&lt;/div&gt;
     &lt;div class="panel-body"&gt;
      &lt;ul class="facet-list-group"
       role="listbox" aria-label="{%endraw%}{{ snippets['Search/Facet/RecordType'] | default: resx['Facet_RecordType'] | h }}{%raw%}"&gt;
       {{#each facetData}}
        &lt;li class="facet-list-group-item clearfix control-item {{#if active}}active{{/if}}"
         tabIndex="0"
         data-facet="{{../facetName}}" data-control-value="{{name}}"
         role="option" aria-label="{{labelText}}" title="{{labelText}}" aria-selected="{{#if active}}true{{else}}false{{/if}}" aria-checked="{{#if active}}true{{else}}false{{/if}}"&gt;
         &lt;span class="facet-list-group-item-count pull-right"&gt;{{hitCount}}&lt;/span&gt;
         &lt;div class="facet-list-group-item-title-container"&gt;
          &lt;span class="facet-list-group-item-title pull-left"&gt;{{displayName}}&lt;/span&gt;
         &lt;/div&gt;
        &lt;/li&gt;
       {{/each}}
       &lt;button type="button" class="show-more btn btn-link btn-xs" tabIndex="0"&gt;{%endraw%}{{ snippets['Search/Facet/More'] | default: resx['Facet_Show_More'] | h }}{%raw%}&lt;/button&gt;
       &lt;button type="button" class="show-less btn btn-link btn-xs" tabIndex="0"&gt;{%endraw%}{{ snippets['Search/Facet/Less'] | default: resx['Facet_Show_Less'] | h }}{%raw%}&lt;/button&gt;
      &lt;/ul&gt;
     &lt;/div&gt;
    &lt;/div&gt;
   {{/if}}
  {{/ifvalue}}

  {{#ifvalue facetName value="modifiedon.date"}}
  {{#if noData}}
  {{else}}
   &lt;div class="facet-view panel panel-default"&gt;
    &lt;div class="facet-title panel-heading"&gt;{%endraw%}{{ snippets['Search/Facet/ModifiedDate'] | default: resx['Facet_DateModified'] | h }}{%raw%}&lt;/div&gt;
    &lt;div class="panel-body"&gt;
     &lt;ul class="facet-list-group"
      role="listbox" aria-label="{%endraw%}{{ snippets['Search/Facet/ModifiedDate'] | default: resx['Facet_DateModified'] | h }}{%raw%}"&gt;
      {{#each facetData}}
       &lt;li class="facet-list-group-item clearfix control-item {{#if active}}active{{/if}}" tabIndex="0" data-facet="{{../facetName}}" data-control-value="{{name}}"
        role="option" aria-label="{{labelText}}" title="{{labelText}}"  aria-checked="{{#if active}}true{{else}}false{{/if}}"&gt;
        &lt;span class="facet-list-group-item-count pull-right"&gt;{{hitCount}}&lt;/span&gt;
        &lt;div class="facet-list-group-item-title-container"&gt;
         &lt;span class="facet-list-group-item-title pull-left"&gt;{{displayName}}&lt;/span&gt;
        &lt;/div&gt;
       &lt;/li&gt;
      {{/each}}
     &lt;/ul&gt;
    &lt;/div&gt;
   &lt;/div&gt;
  {{/if}}
  {{/ifvalue}}

  {{#ifvalue facetName value="rating"}}
   {{#if facetData}}
    &lt;div class= "facet-view short-list panel panel-default"&gt;
     &lt;div class="facet-title panel-heading"&gt;{%endraw%}{{ snippets['Search/Facet/Rating'] | default: resx['Facet_Rating'] | h }}{%raw%}&lt;/div&gt;
     &lt;div class="panel-body"&gt;
      &lt;ul class="facet-list-group rating-facet-group"
       role="listbox" aria-label="{%endraw%}{{ snippets['Search/Facet/Rating'] | default: resx['Facet_Rating'] | h }}{%raw%}"&gt;
       {{#each facetData}}
        {{#if skipStars}}
         &lt;li class="facet-list-group-item clearfix control-item {{#if ../noActive}}active{{/if}}" data-facet="{{../facetName}}" data-control-value="" tabIndex={{#if ../noActive}}0{{else}}-1{{/if}}"
          role="option" aria-label="{%endraw%}{{ snippets['Search/Facet/All'] | default: resx['Facet_All'] | h }}{%raw%} {{hitCount}}" aria-selected="{{#if  ../noActive}}true{{else}}false{{/if}}" aria-checked="{{#if  ../noActive}}true{{else}}false{{/if}}"&gt;
          &lt;span class="facet-list-group-item-title pull-left"&gt;{%endraw%}{{ snippets['Search/Facet/All'] | default: resx['Facet_All'] | h }}{%raw%}&lt;/span&gt;
         &lt;/li&gt;
        {{else}}
         &lt;li class="facet-list-group-item clearfix control-item {{#if active}}active{{/if}}" data-facet="{{../facetName}}" data-control-value="{{name}}" tabIndex="{{#if active}}0{{else}}-1{{/if}}"
         role="option" aria-label="{{ratingLabel}} {{hitCount}}" aria-selected="{{#if active}}true{{else}}false{{/if}}" aria-checked="{{#if active}}true{{else}}false{{/if}}"&gt;
          &lt;span aria-label="{{ratingLabel}}" class="facet-list-group-item-title"&gt;
           {{#each filledStars}}
            &lt;span class="rating-star rating-star-filled"&gt;&lt;/span&gt;
           {{/each}}
           {{#each emptyStars}}
            &lt;span class="rating-star rating-star-empty"&gt;&lt;/span&gt;
           {{/each}}
           &lt;span aria-hidden="true"&gt;{%endraw%}{{resx.Facet_Rating_And_Up}}{%raw%}&lt;/span&gt;
          &lt;/span&gt;
          &lt;span class="facet-list-group-item-count pull-right"&gt;{{hitCount}}&lt;/span&gt;
         &lt;/li&gt;
        {{/if}}
       {{/each}}
      &lt;/ul&gt;
     &lt;/div&gt;
    &lt;/div&gt;
   {{/if}}
  {{/ifvalue}}

  {{#ifvalue facetName value="associated.product"}}
   {{#if facetData}}
    &lt;div class="facet-view facet-view-multiple-select short-list panel panel-default"&gt;
     &lt;div class="facet-title panel-heading"&gt;{%endraw%}{{ snippets['Search/Facet/Product'] | default: resx['Facet_Products'] | h }}{%raw%}&lt;/div&gt;
     &lt;div class="panel-body"&gt;
      &lt;ul class="facet-list-group" aria-label="{%endraw%}{{ snippets['Search/Facet/Product'] | default: resx['Facet_Products'] | h }}{%raw%}"&gt;
       &lt;li class="facet-list-group-item clearfix control-item {{#if noActive}}active{{/if}}" 
        data-facet="{{../facetName}}" data-control-value="" 
        tabIndex={{#if noActive}}0{{else}}-1{{/if}}"
        aria-label="{%endraw%}{{ snippets['search/facet/all'] | default: resx['Facet_All'] | h }}{%raw%}" 
        aria-selected="{{#if  noActive}}true{{else}}false{{/if}}"&gt;
         &lt;span class="facet-list-group-item-title pull-left"&gt;{%endraw%}{{ snippets['search/facet/all'] | default: resx['Facet_All'] | h }}{%raw%}&lt;/span&gt;
       &lt;/li&gt;
       {{#each facetData}}
        &lt;li class="facet-list-group-item clearfix control-item {{#if active}}active{{/if}}" 
         data-facet="{{../facetName}}" data-control-value="{{name}}"
         tabIndex="{{#if active}}0{{else}}-1{{/if}}" aria-label="{{displayName}} {{hitCount}}" 
         aria-selected="{{#if active}}true{{else}}false{{/if}}"
         role="checkbox" aria-checked="{{#if active}}true{{else}}false{{/if}}" 
         data-control-display-name="{{displayName}}"&gt;
          &lt;span class="facet-list-group-item-count pull-right"&gt;{{hitCount}}&lt;/span&gt;
          &lt;div class="facet-list-group-item-title-container"&gt;
           &lt;label class="facet-list-group-item-title pull-left"&gt;
            &lt;input type="checkbox" {{#if active}}checked{{/if}} tabindex="-1" role="presentation"/&gt;
            {{displayName}}
           &lt;/label&gt;
          &lt;/div&gt;
        &lt;/li&gt;
       {{/each}}
       &lt;button type="button" class="show-more btn btn-link btn-xs" tabIndex="0"&gt;{%endraw%}{{ snippets['Search/Facet/More'] | default: resx['Facet_Show_More'] | h }}{%raw%}&lt;/button&gt;
       &lt;button type="button" class="show-less btn btn-link btn-xs" tabIndex="0"&gt;{%endraw%}{{ snippets['Search/Facet/Less'] | default: resx['Facet_Show_Less'] | h }}{%raw%}&lt;/button&gt;
      &lt;/ul&gt;
     &lt;/div&gt;
    &lt;/div&gt;
   {{/if}}
  {{/ifvalue}}

  {{/each}}
 &lt;/script&gt;

 {% endraw %}</d2p1:value>
    </KeyValuePairOfstringanyType>
    <KeyValuePairOfstringanyType>
      <d2p1:key>adx_websiteid</d2p1:key>
      <d2p1:value i:type="EntityReference">
        <Id>820a9b05-e155-ee11-be6f-000d3a338c5d</Id>
        <KeyAttributes xmlns:d5p1="http://schemas.microsoft.com/xrm/7.1/Contracts" />
        <LogicalName>adx_website</LogicalName>
        <Name>Healthcare Hackathon Portal - crm798846-hackathon</Name>
        <RowVersion i:nil="true" />
      </d2p1:value>
    </KeyValuePairOfstringanyType>
    <KeyValuePairOfstringanyType>
      <d2p1:key>adx_webtemplateid</d2p1:key>
      <d2p1:value xmlns:d4p1="http://schemas.microsoft.com/2003/10/Serialization/" i:type="d4p1:guid">a60a9b05-e155-ee11-be6f-000d3a338c5d</d2p1:value>
    </KeyValuePairOfstringanyType>
    <KeyValuePairOfstringanyType>
      <d2p1:key>importsequencenumber</d2p1:key>
      <d2p1:value i:nil="true" />
    </KeyValuePairOfstringanyType>
    <KeyValuePairOfstringanyType>
      <d2p1:key>overriddencreatedon</d2p1:key>
      <d2p1:value i:nil="true" />
    </KeyValuePairOfstringanyType>
    <KeyValuePairOfstringanyType>
      <d2p1:key>statecode</d2p1:key>
      <d2p1:value i:type="OptionSetValue">
        <Value>0</Value>
      </d2p1:value>
    </KeyValuePairOfstringanyType>
    <KeyValuePairOfstringanyType>
      <d2p1:key>statuscode</d2p1:key>
      <d2p1:value i:type="OptionSetValue">
        <Value>1</Value>
      </d2p1:value>
    </KeyValuePairOfstringanyType>
    <KeyValuePairOfstringanyType>
      <d2p1:key>timezoneruleversionnumber</d2p1:key>
      <d2p1:value i:nil="true" />
    </KeyValuePairOfstringanyType>
    <KeyValuePairOfstringanyType>
      <d2p1:key>utcconversiontimezonecode</d2p1:key>
      <d2p1:value i:nil="true" />
    </KeyValuePairOfstringanyType>
  </Attributes>
  <EntityState i:nil="true" />
  <FormattedValues xmlns:d2p1="http://schemas.datacontract.org/2004/07/System.Collections.Generic">
    <KeyValuePairOfstringstring>
      <d2p1:key>organizationid</d2p1:key>
      <d2p1:value>org4b9694ba</d2p1:value>
    </KeyValuePairOfstringstring>
    <KeyValuePairOfstringstring>
      <d2p1:key>adx_websiteid</d2p1:key>
      <d2p1:value>Healthcare Hackathon Portal - crm798846-hackathon</d2p1:value>
    </KeyValuePairOfstringstring>
    <KeyValuePairOfstringstring>
      <d2p1:key>statuscode</d2p1:key>
      <d2p1:value>Active</d2p1:value>
    </KeyValuePairOfstringstring>
    <KeyValuePairOfstringstring>
      <d2p1:key>createdby</d2p1:key>
      <d2p1:value>System Administrator</d2p1:value>
    </KeyValuePairOfstringstring>
    <KeyValuePairOfstringstring>
      <d2p1:key>modifiedon</d2p1:key>
      <d2p1:value>9/18/2023 5:06 AM</d2p1:value>
    </KeyValuePairOfstringstring>
    <KeyValuePairOfstringstring>
      <d2p1:key>modifiedby</d2p1:key>
      <d2p1:value>System Administrator</d2p1:value>
    </KeyValuePairOfstringstring>
    <KeyValuePairOfstringstring>
      <d2p1:key>createdon</d2p1:key>
      <d2p1:value>9/18/2023 5:05 AM</d2p1:value>
    </KeyValuePairOfstringstring>
    <KeyValuePairOfstringstring>
      <d2p1:key>statecode</d2p1:key>
      <d2p1:value>Active</d2p1:value>
    </KeyValuePairOfstringstring>
  </FormattedValues>
  <Id>a60a9b05-e155-ee11-be6f-000d3a338c5d</Id>
  <KeyAttributes xmlns:d2p1="http://schemas.microsoft.com/xrm/7.1/Contracts" xmlns:d2p2="http://schemas.datacontract.org/2004/07/System.Collections.Generic" />
  <LogicalName>adx_webtemplate</LogicalName>
  <RelatedEntities xmlns:d2p1="http://schemas.datacontract.org/2004/07/System.Collections.Generic" />
  <RowVersion>6904478</RowVersion>
</Entity>