﻿<?xml version="1.0" encoding="utf-8"?>
<Entity xmlns:i="http://www.w3.org/2001/XMLSchema-instance" xmlns="http://schemas.microsoft.com/xrm/2011/Contracts">
  <Attributes xmlns:d2p1="http://schemas.datacontract.org/2004/07/System.Collections.Generic">
    <KeyValuePairOfstringanyType>
      <d2p1:key>adx_mimetype</d2p1:key>
      <d2p1:value i:nil="true" />
    </KeyValuePairOfstringanyType>
    <KeyValuePairOfstringanyType>
      <d2p1:key>adx_name</d2p1:key>
      <d2p1:value xmlns:d4p1="http://www.w3.org/2001/XMLSchema" i:type="d4p1:string">Poll Template</d2p1:value>
    </KeyValuePairOfstringanyType>
    <KeyValuePairOfstringanyType>
      <d2p1:key>adx_source</d2p1:key>
      <d2p1:value xmlns:d4p1="http://www.w3.org/2001/XMLSchema" i:type="d4p1:string">{% if poll %}
&lt;div&gt;
 {% unless poll.user_selected_option %}
 &lt;div class="poll-questionpanel" data-id="{{ poll.id | h }}" data-name="{{ poll.name | h }}"&gt;
  &lt;h5 class="poll-question"&gt;{{ poll.question }}&lt;/h5&gt;
  &lt;ul class="poll-options list-unstyled"&gt;
   {% for option in poll.options %}
   &lt;li class="radio"&gt;
    &lt;label for="poll_option_{{ option.id | h }}"&gt;
     &lt;input type="radio" name="{{ poll.name | h }}" value="{{ option.id | h }}" id="poll_option_{{ option.id | h }}" /&gt;
     &lt;span class="sr-only"&gt;{{ poll.question }}&lt;/span&gt;
     {{ option.answer | h }}
    &lt;/label&gt;
   &lt;/li&gt;
   {% endfor %}
  &lt;/ul&gt;
  &lt;button type="button" class="btn btn-primary poll-submit"&gt;{{ poll.submit_button_label | default: resx.Submit_Button_Label_Text | h }}&lt;/button&gt;
  &lt;button type="button" class="btn btn-default poll-viewresults"&gt;{{ snippets["polls/resultslabel"] | default: resx.Poll_Results_Label | h }}&lt;/button&gt;
 &lt;/div&gt;
 {% endunless %}
 &lt;div class="poll-resultspanel"&gt;
  &lt;h5 class="poll-question"&gt;{{ poll.question }}&lt;/h5&gt;
  &lt;div class="poll-results"&gt;
   {% for option in poll.options %}
   &lt;div class="poll-result"&gt;
    &lt;span class="poll-option"&gt;{{ option.answer | h }}&lt;/span&gt;
    &lt;span class="poll-percentage pull-right"&gt;{{ option.percentage | max_decimals: 0 }}%&lt;/span&gt;
    &lt;div class="progress"&gt;     
     &lt;div class="bar progress-bar" style="min-width:2em;width:{{ option.percentage | invariant_culture_decimal_value: 2 }}%"&gt;{{ option.percentage | max_decimals: 0 }}%&lt;/div&gt;
    &lt;/div&gt;
   &lt;/div&gt;
   {% endfor %}
  &lt;/div&gt;
  &lt;p&gt;{{ snippets["polls/totalslabel"] | default: resx.Poll_Totals_Label | h }} {{ poll.votes }}&lt;/p&gt;
  {% unless poll.user_selected_option %}
  &lt;button type="button" class="btn btn-default poll-return"&gt;{{ snippets["polls/returnlabel"] | default: resx.Poll_Return_Label | h }}&lt;/button&gt;
  {% endunless %}
 &lt;/div&gt;
&lt;/div&gt;
{% endif %}</d2p1:value>
    </KeyValuePairOfstringanyType>
    <KeyValuePairOfstringanyType>
      <d2p1:key>adx_websiteid</d2p1:key>
      <d2p1:value i:type="EntityReference">
        <Id>820a9b05-e155-ee11-be6f-000d3a338c5d</Id>
        <KeyAttributes xmlns:d5p1="http://schemas.microsoft.com/xrm/7.1/Contracts" />
        <LogicalName>adx_website</LogicalName>
        <Name>Healthcare Hackathon Portal - crm798846-hackathon</Name>
        <RowVersion i:nil="true" />
      </d2p1:value>
    </KeyValuePairOfstringanyType>
    <KeyValuePairOfstringanyType>
      <d2p1:key>adx_webtemplateid</d2p1:key>
      <d2p1:value xmlns:d4p1="http://schemas.microsoft.com/2003/10/Serialization/" i:type="d4p1:guid">aa0a9b05-e155-ee11-be6f-000d3a338c5d</d2p1:value>
    </KeyValuePairOfstringanyType>
    <KeyValuePairOfstringanyType>
      <d2p1:key>importsequencenumber</d2p1:key>
      <d2p1:value i:nil="true" />
    </KeyValuePairOfstringanyType>
    <KeyValuePairOfstringanyType>
      <d2p1:key>overriddencreatedon</d2p1:key>
      <d2p1:value i:nil="true" />
    </KeyValuePairOfstringanyType>
    <KeyValuePairOfstringanyType>
      <d2p1:key>statecode</d2p1:key>
      <d2p1:value i:type="OptionSetValue">
        <Value>0</Value>
      </d2p1:value>
    </KeyValuePairOfstringanyType>
    <KeyValuePairOfstringanyType>
      <d2p1:key>statuscode</d2p1:key>
      <d2p1:value i:type="OptionSetValue">
        <Value>1</Value>
      </d2p1:value>
    </KeyValuePairOfstringanyType>
    <KeyValuePairOfstringanyType>
      <d2p1:key>timezoneruleversionnumber</d2p1:key>
      <d2p1:value i:nil="true" />
    </KeyValuePairOfstringanyType>
    <KeyValuePairOfstringanyType>
      <d2p1:key>utcconversiontimezonecode</d2p1:key>
      <d2p1:value i:nil="true" />
    </KeyValuePairOfstringanyType>
  </Attributes>
  <EntityState i:nil="true" />
  <FormattedValues xmlns:d2p1="http://schemas.datacontract.org/2004/07/System.Collections.Generic">
    <KeyValuePairOfstringstring>
      <d2p1:key>organizationid</d2p1:key>
      <d2p1:value>org4b9694ba</d2p1:value>
    </KeyValuePairOfstringstring>
    <KeyValuePairOfstringstring>
      <d2p1:key>adx_websiteid</d2p1:key>
      <d2p1:value>Healthcare Hackathon Portal - crm798846-hackathon</d2p1:value>
    </KeyValuePairOfstringstring>
    <KeyValuePairOfstringstring>
      <d2p1:key>statuscode</d2p1:key>
      <d2p1:value>Active</d2p1:value>
    </KeyValuePairOfstringstring>
    <KeyValuePairOfstringstring>
      <d2p1:key>createdby</d2p1:key>
      <d2p1:value>System Administrator</d2p1:value>
    </KeyValuePairOfstringstring>
    <KeyValuePairOfstringstring>
      <d2p1:key>modifiedon</d2p1:key>
      <d2p1:value>9/18/2023 5:06 AM</d2p1:value>
    </KeyValuePairOfstringstring>
    <KeyValuePairOfstringstring>
      <d2p1:key>modifiedby</d2p1:key>
      <d2p1:value>System Administrator</d2p1:value>
    </KeyValuePairOfstringstring>
    <KeyValuePairOfstringstring>
      <d2p1:key>createdon</d2p1:key>
      <d2p1:value>9/18/2023 5:05 AM</d2p1:value>
    </KeyValuePairOfstringstring>
    <KeyValuePairOfstringstring>
      <d2p1:key>statecode</d2p1:key>
      <d2p1:value>Active</d2p1:value>
    </KeyValuePairOfstringstring>
  </FormattedValues>
  <Id>aa0a9b05-e155-ee11-be6f-000d3a338c5d</Id>
  <KeyAttributes xmlns:d2p1="http://schemas.microsoft.com/xrm/7.1/Contracts" xmlns:d2p2="http://schemas.datacontract.org/2004/07/System.Collections.Generic" />
  <LogicalName>adx_webtemplate</LogicalName>
  <RelatedEntities xmlns:d2p1="http://schemas.datacontract.org/2004/07/System.Collections.Generic" />
  <RowVersion>6904482</RowVersion>
</Entity>