<powerpagecomponent powerpagecomponentid="95af8fdc-7867-4432-b0f5-d937facaed09">
  <content>{"disablepagevalidation":false,"displayimageonly":false,"displayorder":1,"displaypagechildlinks":false,"openinnewwindow":false,"pageid":"bdab7ae8-95ff-4626-aac6-09f1cafdb561","publishingstateid":"98c3c40d-73b6-4b26-9791-e0b89a21706e","robotsfollowlink":true,"weblinksetid":"b9320263-aa4b-425f-b24a-cc4e5a385833"}</content>
  <iscustomizable>1</iscustomizable>
  <name>Profile</name>
  <powerpagecomponenttype>5</powerpagecomponenttype>
  <powerpagesiteid>
    <powerpagesiteid>0cd59409-6fec-4be9-bd09-8f1d362195e1</powerpagesiteid>
  </powerpagesiteid>
  <statecode>0</statecode>
  <statuscode>1</statuscode>
</powerpagecomponent>