﻿<?xml version="1.0" encoding="utf-8"?>
<ImportExportXml xmlns:xsi="http://www.w3.org/2001/XMLSchema-instance" OrganizationVersion="9.2.24124.162" OrganizationSchemaType="Standard" CRMServerServiceabilityVersion="9.2.25012.00174">
  <Entities />
  <Roles />
  <Workflows />
  <FieldSecurityProfiles />
  <Templates />
  <EntityMaps />
  <EntityRelationships />
  <OrganizationSettings />
  <optionsets />
  <CustomControls />
  <EntityDataProviders />
  <CanvasApps>
    <CanvasApp>
      <Name>crad7_dynamictaggallerycomponentlibrary_de9c6</Name>
      <AppVersion>2025-02-02T20:34:15Z</AppVersion>
      <Status>Ready</Status>
      <CreatedByClientVersion>3.25013.14.0</CreatedByClientVersion>
      <MinClientVersion>3.25013.14.0</MinClientVersion>
      <Tags>{"primaryDeviceWidth":"640","primaryDeviceHeight":"640","supportsPortrait":"true","supportsLandscape":"true","primaryFormFactor":"Phone","showStatusBar":"false","publisherVersion":"3.25013.14","minimumRequiredApiVersion":"2.2.0","hasComponent":"true","hasUnlockedComponent":"true","isUnifiedRootApp":"false"}</Tags>
      <IsCdsUpgraded>0</IsCdsUpgraded>
      <GalleryItemId xsi:nil="true"></GalleryItemId>
      <BackgroundColor>RGBA(251,101,60,1)</BackgroundColor>
      <DisplayName>Dynamic Tag Gallery Component Library</DisplayName>
      <Description xsi:nil="true"></Description>
      <CommitMessage xsi:nil="true"></CommitMessage>
      <Publisher xsi:nil="true"></Publisher>
      <AuthorizationReferences>[]</AuthorizationReferences>
      <ConnectionReferences>{}</ConnectionReferences>
      <DatabaseReferences>{}</DatabaseReferences>
      <AppComponents>[{"appComponentName":"a77fca6af24446eb8638a6b9a78dc07e","displayName":"cptTagGallery","appName":"59dc2f33-903f-4b07-b50c-aaadec9bb9a1","appVersion":"2025-02-02T20:34:15Z","appComponentLibraryLogicalName":"crad7_dynamictaggallerycomponentlibrary_de9c6","appDisplayName":"Dynamic Tag Gallery Component Library","environmentName":"6ca51c28-f05d-ee87-8afd-29fcc9ef7fad","owner":{"id":"cd350c02-a2b3-4e79-aa4d-c8260894d466","displayName":"James Williams","type":"User","tenantId":"bd78dee9-9abf-4401-b6d6-e142688c4654","userPrincipalName":"james@wjwdev.onmicrosoft.com"},"allowCustomization":true,"createdOn":"2025-02-02T20:34:19.162Z","lastModifiedOn":"2025-02-02T20:34:19.162Z","connectionReferences":{},"databaseReferences":{}}]</AppComponents>
      <AppComponentDependencies>[]</AppComponentDependencies>
      <CanConsumeAppPass>0</CanConsumeAppPass>
      <CanvasAppType>1</CanvasAppType>
      <BypassConsent>0</BypassConsent>
      <AdminControlBypassConsent>0</AdminControlBypassConsent>
      <EmbeddedApp xsi:nil="true"></EmbeddedApp>
      <IntroducedVersion>1.0</IntroducedVersion>
      <CdsDependencies>{"cdsdependencies":[]}</CdsDependencies>
      <IsCustomizable>1</IsCustomizable>
      <BackgroundImageUri>/CanvasApps/crad7_dynamictaggallerycomponentlibrary_de9c6_BackgroundImageUri</BackgroundImageUri>
      <DocumentUri>/CanvasApps/crad7_dynamictaggallerycomponentlibrary_de9c6_DocumentUri.msapp</DocumentUri>
      <AdditionalUris>
        <AdditionalUri>/CanvasApps/crad7_dynamictaggallerycomponentlibrary_de9c6_AdditionalUris0_identity.json</AdditionalUri>
      </AdditionalUris>
    </CanvasApp>
    <CanvasApp>
      <Name>wjw_dynamictagsgallerycomponentdemo_54be7</Name>
      <AppVersion>2025-02-02T13:45:41Z</AppVersion>
      <Status>Ready</Status>
      <CreatedByClientVersion>3.25013.14.0</CreatedByClientVersion>
      <MinClientVersion>3.25013.14.0</MinClientVersion>
      <Tags>{"primaryDeviceWidth":"1366","primaryDeviceHeight":"768","supportsPortrait":"true","supportsLandscape":"true","primaryFormFactor":"Tablet","showStatusBar":"false","publisherVersion":"3.25013.14","minimumRequiredApiVersion":"2.2.0","hasComponent":"true","hasUnlockedComponent":"true","isUnifiedRootApp":"false","sienaVersion":"20250201T204531Z-3.25013.14.0"}</Tags>
      <IsCdsUpgraded>0</IsCdsUpgraded>
      <GalleryItemId xsi:nil="true"></GalleryItemId>
      <BackgroundColor>rgba(255, 255, 255, 1)</BackgroundColor>
      <DisplayName>Dynamic Tags Gallery Component Demo</DisplayName>
      <Description xsi:nil="true"></Description>
      <CommitMessage xsi:nil="true"></CommitMessage>
      <Publisher xsi:nil="true"></Publisher>
      <AuthorizationReferences>[]</AuthorizationReferences>
      <ConnectionReferences>{}</ConnectionReferences>
      <DatabaseReferences>{}</DatabaseReferences>
      <AppComponents>[]</AppComponents>
      <AppComponentDependencies>[]</AppComponentDependencies>
      <CanConsumeAppPass>0</CanConsumeAppPass>
      <CanvasAppType>0</CanvasAppType>
      <BypassConsent>0</BypassConsent>
      <AdminControlBypassConsent>0</AdminControlBypassConsent>
      <EmbeddedApp xsi:nil="true"></EmbeddedApp>
      <IntroducedVersion>1.0</IntroducedVersion>
      <CdsDependencies>{"cdsdependencies":[]}</CdsDependencies>
      <IsCustomizable>1</IsCustomizable>
      <BackgroundImageUri>/CanvasApps/wjw_dynamictagsgallerycomponentdemo_54be7_BackgroundImageUri</BackgroundImageUri>
      <DocumentUri>/CanvasApps/wjw_dynamictagsgallerycomponentdemo_54be7_DocumentUri.msapp</DocumentUri>
      <AdditionalUris>
        <AdditionalUri>/CanvasApps/wjw_dynamictagsgallerycomponentdemo_54be7_AdditionalUris0_identity.json</AdditionalUri>
      </AdditionalUris>
    </CanvasApp>
  </CanvasApps>
  <Languages>
    <Language>1033</Language>
  </Languages>
</ImportExportXml>