<environmentvariabledefinition schemaname="alexmsft_BrokenLinksList">
  <apiid>/providers/microsoft.powerapps/apis/shared_sharepointonline</apiid>
  <description default="Broken links list">
    <label description="Broken links list" languagecode="1033" />
  </description>
  <displayname default="Broken Links List">
    <label description="Broken Links List" languagecode="1033" />
  </displayname>
  <introducedversion>1.0.0.0</introducedversion>
  <iscustomizable>1</iscustomizable>
  <isrequired>0</isrequired>
  <parameterkey>table</parameterkey>
  <parentdefinitionid>
    <schemaname>alexmsft_BrokenLinksSPOSite</schemaname>
  </parentdefinitionid>
  <secretstore>0</secretstore>
  <type>100000004</type>
</environmentvariabledefinition>