<environmentvariabledefinition schemaname="alexmsft_BrokenLinksSPORootSite">
  <apiid>/providers/microsoft.powerapps/apis/shared_sharepointonline</apiid>
  <description default="SharePoint root site">
    <label description="SharePoint root site" languagecode="1033" />
  </description>
  <displayname default="Broken Links SPO Root Site">
    <label description="Broken Links SPO Root Site" languagecode="1033" />
  </displayname>
  <introducedversion>1.0.0.0</introducedversion>
  <iscustomizable>1</iscustomizable>
  <isrequired>0</isrequired>
  <parameterkey>dataset</parameterkey>
  <secretstore>0</secretstore>
  <type>100000004</type>
</environmentvariabledefinition>