<environmentvariabledefinition schemaname="alexmsft_BrokenLinksSPOSite">
  <apiid>/providers/microsoft.powerapps/apis/shared_sharepointonline</apiid>
  <description default="SharePoint site for the Broken Links solution">
    <label description="SharePoint site for the Broken Links solution" languagecode="1033" />
  </description>
  <displayname default="Broken Links SPO Site">
    <label description="Broken Links SPO Site" languagecode="1033" />
  </displayname>
  <introducedversion>1.0.0.0</introducedversion>
  <iscustomizable>1</iscustomizable>
  <isrequired>0</isrequired>
  <parameterkey>dataset</parameterkey>
  <secretstore>0</secretstore>
  <type>100000004</type>
</environmentvariabledefinition>