<ImportExportXml version="9.2.23083.184" SolutionPackageVersion="9.2" languagecode="1033" generatedBy="CrmLive" xmlns:xsi="http://www.w3.org/2001/XMLSchema-instance">
  <SolutionManifest>
    <UniqueName>GlobalAIPowerPlatformHackathon</UniqueName>
    <LocalizedNames>
      <LocalizedName description="Global AI Power Platform Hackathon" languagecode="1033" />
    </LocalizedNames>
    <Descriptions />
    <Version>1.0.0.0</Version>
    <Managed>0</Managed>
    <Publisher>
      <UniqueName>Romaos</UniqueName>
      <LocalizedNames>
        <LocalizedName description="Douglas &amp; Renato Romão" languagecode="1033" />
      </LocalizedNames>
      <Descriptions />
      <EMailAddress xsi:nil="true"></EMailAddress>
      <SupportingWebsiteUrl xsi:nil="true"></SupportingWebsiteUrl>
      <CustomizationPrefix>rms</CustomizationPrefix>
      <CustomizationOptionValuePrefix>10000</CustomizationOptionValuePrefix>
      <Addresses>
        <Address>
          <AddressNumber>1</AddressNumber>
          <AddressTypeCode>1</AddressTypeCode>
          <City xsi:nil="true"></City>
          <County xsi:nil="true"></County>
          <Country xsi:nil="true"></Country>
          <Fax xsi:nil="true"></Fax>
          <FreightTermsCode xsi:nil="true"></FreightTermsCode>
          <ImportSequenceNumber xsi:nil="true"></ImportSequenceNumber>
          <Latitude xsi:nil="true"></Latitude>
          <Line1 xsi:nil="true"></Line1>
          <Line2 xsi:nil="true"></Line2>
          <Line3 xsi:nil="true"></Line3>
          <Longitude xsi:nil="true"></Longitude>
          <Name xsi:nil="true"></Name>
          <PostalCode xsi:nil="true"></PostalCode>
          <PostOfficeBox xsi:nil="true"></PostOfficeBox>
          <PrimaryContactName xsi:nil="true"></PrimaryContactName>
          <ShippingMethodCode>1</ShippingMethodCode>
          <StateOrProvince xsi:nil="true"></StateOrProvince>
          <Telephone1 xsi:nil="true"></Telephone1>
          <Telephone2 xsi:nil="true"></Telephone2>
          <Telephone3 xsi:nil="true"></Telephone3>
          <TimeZoneRuleVersionNumber xsi:nil="true"></TimeZoneRuleVersionNumber>
          <UPSZone xsi:nil="true"></UPSZone>
          <UTCOffset xsi:nil="true"></UTCOffset>
          <UTCConversionTimeZoneCode xsi:nil="true"></UTCConversionTimeZoneCode>
        </Address>
        <Address>
          <AddressNumber>2</AddressNumber>
          <AddressTypeCode>1</AddressTypeCode>
          <City xsi:nil="true"></City>
          <County xsi:nil="true"></County>
          <Country xsi:nil="true"></Country>
          <Fax xsi:nil="true"></Fax>
          <FreightTermsCode xsi:nil="true"></FreightTermsCode>
          <ImportSequenceNumber xsi:nil="true"></ImportSequenceNumber>
          <Latitude xsi:nil="true"></Latitude>
          <Line1 xsi:nil="true"></Line1>
          <Line2 xsi:nil="true"></Line2>
          <Line3 xsi:nil="true"></Line3>
          <Longitude xsi:nil="true"></Longitude>
          <Name xsi:nil="true"></Name>
          <PostalCode xsi:nil="true"></PostalCode>
          <PostOfficeBox xsi:nil="true"></PostOfficeBox>
          <PrimaryContactName xsi:nil="true"></PrimaryContactName>
          <ShippingMethodCode>1</ShippingMethodCode>
          <StateOrProvince xsi:nil="true"></StateOrProvince>
          <Telephone1 xsi:nil="true"></Telephone1>
          <Telephone2 xsi:nil="true"></Telephone2>
          <Telephone3 xsi:nil="true"></Telephone3>
          <TimeZoneRuleVersionNumber xsi:nil="true"></TimeZoneRuleVersionNumber>
          <UPSZone xsi:nil="true"></UPSZone>
          <UTCOffset xsi:nil="true"></UTCOffset>
          <UTCConversionTimeZoneCode xsi:nil="true"></UTCConversionTimeZoneCode>
        </Address>
      </Addresses>
    </Publisher>
    <RootComponents>
      <RootComponent type="1" schemaName="contact" behavior="1" />
      <RootComponent type="1" schemaName="rms_audioreference" behavior="0" />
      <RootComponent type="1" schemaName="rms_automation" behavior="0" />
      <RootComponent type="1" schemaName="rms_automationlog" behavior="0" />
      <RootComponent type="1" schemaName="rms_patient" behavior="0" />
      <RootComponent type="1" schemaName="rms_patientvisit" behavior="0" />
      <RootComponent type="1" schemaName="rms_picturereference" behavior="0" />
      <RootComponent type="1" schemaName="rms_visit" behavior="0" />
      <RootComponent type="1" schemaName="rms_visitchecklistitem" behavior="0" />
      <RootComponent type="29" id="{250983bb-1458-ee11-be6f-0022480b6a3f}" behavior="0" />
      <RootComponent type="29" id="{3931f17b-635e-ee11-be6f-0022480b6a3f}" behavior="0" />
      <RootComponent type="29" id="{5c8d2cbf-5f5e-ee11-be6f-0022480b6a3f}" behavior="0" />
      <RootComponent type="29" id="{a34fc04a-295e-ee11-be6f-0022480b6a3f}" behavior="0" />
      <RootComponent type="29" id="{f1430f70-2a5e-ee11-be6f-0022480b6a3f}" behavior="0" />
      <RootComponent type="29" id="{fd528b4b-545e-ee11-be6f-0022480b6a3f}" behavior="0" />
      <RootComponent type="61" schemaName="msdyncrm_/libs/ckeditor/plugins/smiley/images/envelope.gif" behavior="0" />
      <RootComponent type="61" schemaName="rms_audio" behavior="0" />
      <RootComponent type="61" schemaName="rms_checklist" behavior="0" />
      <RootComponent type="61" schemaName="rms_icon_person" behavior="0" />
      <RootComponent type="61" schemaName="rms_image" behavior="0" />
      <RootComponent type="61" schemaName="rms_visit" behavior="0" />
      <RootComponent type="62" schemaName="rms_RomaosHomecareApp" behavior="0" />
      <RootComponent type="80" schemaName="rms_RomaosHomecareApp" behavior="0" />
      <RootComponent type="300" schemaName="rms_romoshomecaremobileapp_a6bbb" behavior="0" />
      <RootComponent type="372" id="{9a4abbc3-17fb-4928-ad67-8f46396047b6}" schemaName="rms_whisper" behavior="0" />
      <RootComponent type="431" schemaName="rms_patient rms_photo" behavior="0" />
      <RootComponent type="432" schemaName="rms_patient" behavior="0" />
    </RootComponents>
    <MissingDependencies>
      <MissingDependency>
        <Required type="1" schemaName="powerpagecomponent" displayName="Site Component" solution="PowerPages_CoreBase (1.0.2308.2)">
          <package>PowerPages_Core (1.0.2309.59)</package>
        </Required>
        <Dependent type="300" schemaName="rms_romoshomecaremobileapp_a6bbb" displayName="Romão's Homecare Mobile app" />
      </MissingDependency>
      <MissingDependency>
        <Required type="60" displayName="Contact" parentDisplayName="Contact" solution="msdynce_AppCommon (9.0.4.0066)" id="{1fed44d1-ae68-4a41-bd2b-f13acac4acfa}">
          <package>msdynce_AppCommonAnchor (9.0.23083.10004)</package>
        </Required>
        <Dependent type="60" displayName="Contact" parentDisplayName="Contact" id="{1fed44d1-ae68-4a41-bd2b-f13acac4acfa}" />
      </MissingDependency>
      <MissingDependency>
        <Required type="61" schemaName="msdyn_/Images/AppModule_Default_Icon.png" displayName="msdyn_/Images/AppModule_Default_Icon.png" solution="AppModuleWebResources (2.5)" />
        <Dependent type="80" schemaName="rms_RomaosHomecareApp" displayName="Romão's Homecare App" />
      </MissingDependency>
      <MissingDependency>
        <Required type="61" schemaName="msdyncrm_/libs/ckeditor/plugins/smiley/images/envelope.gif" displayName="msdyncrm_/libs/ckeditor/plugins/smiley/images/envelope.gif" solution="SampleEditorCustomControl (1.70.180.0)" />
        <Dependent type="1" schemaName="rms_automation" displayName="Automation" />
      </MissingDependency>
      <MissingDependency>
        <Required type="61" schemaName="msdyncrm_/libs/ckeditor/plugins/smiley/images/envelope.gif" displayName="msdyncrm_/libs/ckeditor/plugins/smiley/images/envelope.gif" solution="SampleEditorCustomControl (1.70.180.0)" />
        <Dependent type="61" schemaName="msdyncrm_/libs/ckeditor/plugins/smiley/images/envelope.gif" displayName="msdyncrm_/libs/ckeditor/plugins/smiley/images/envelope.gif" />
      </MissingDependency>
      <MissingDependency>
        <Required type="66" schemaName="MscrmControls.CardFeedContainer.CardFeedContainer" displayName="MscrmControls.CardFeedContainer.CardFeedContainer" solution="BaseCustomControlsCore (9.0.2308.3014)" />
        <Dependent type="60" displayName="Contact" parentDisplayName="Contact" id="{1fed44d1-ae68-4a41-bd2b-f13acac4acfa}" />
      </MissingDependency>
    </MissingDependencies>
  </SolutionManifest>
</ImportExportXml>