{
  "properties": {
    "connectionReferences": {
      "shared_sharepointonline": {
        "runtimeSource": "invoker",
        "connection": {
          "connectionReferenceLogicalName": "book_sharedsharepointonline_2b162"
        },
        "api": {
          "name": "shared_sharepointonline"
        }
      },
      "shared_webcontents": {
        "runtimeSource": "invoker",
        "connection": {
          "connectionReferenceLogicalName": "merp_sharedwebcontents_cc5b6"
        },
        "api": {
          "name": "shared_webcontents"
        }
      }
    },
    "definition": {
      "$schema": "https://schema.management.azure.com/providers/Microsoft.Logic/schemas/2016-06-01/workflowdefinition.json#",
      "contentVersion": "1.0.0.0",
      "parameters": {
        "$connections": {
          "defaultValue": {},
          "type": "Object"
        },
        "$authentication": {
          "defaultValue": {},
          "type": "SecureObject"
        }
      },
      "triggers": {
        "manual": {
          "metadata": {
            "operationMetadataId": "76107b4f-5486-4c58-8e6b-48c58d4a080a"
          },
          "type": "Request",
          "kind": "PowerApp",
          "inputs": {
            "schema": {
              "type": "object",
              "properties": {
                "SendanHTTPrequesttoSharePoint_Uri": {
                  "type": "string",
                  "description": "Example: _api/web/lists/getbytitle('Documents'). This parameter is used as part of \"5F12F4FA-5362-4C05-A934-E433EA04BBC6\"",
                  "x-ms-powerflows-param-ispartial": true
                },
                "SendanHTTPrequesttoSharePoint_Uri_1": {
                  "type": "string"
                }
              },
              "required": [
                "SendanHTTPrequesttoSharePoint_Uri",
                "SendanHTTPrequesttoSharePoint_Uri_1"
              ]
            }
          }
        }
      },
      "actions": {
        "Send_an_HTTP_request_to_SharePoint": {
          "runAfter": {},
          "metadata": {
            "operationMetadataId": "3a005009-f610-4555-84ed-80e231a22384"
          },
          "type": "OpenApiConnection",
          "inputs": {
            "host": {
              "connectionName": "shared_sharepointonline",
              "operationId": "HttpRequest",
              "apiId": "/providers/Microsoft.PowerApps/apis/shared_sharepointonline"
            },
            "parameters": {
              "dataset": "https://merpsystems.sharepoint.com/sites/Canine",
              "parameters/method": "POST",
              "parameters/uri": "https://merpsystems.sharepoint.com/_api/v2.0/sites('merpsystems.sharepoint.com,62f44336-fafb-494e-897b-1cfbbc3b3092,b2f09c34-edf7-4855-b08a-95c83073097c')/drives/b!NkP0Yvv6TkmJexz7vDswkjSc8LL37VVIsIqVyDBzCXxEuk0pEmlxQosCCjlPmIxI/root:/@{triggerBody()['SendanHTTPrequesttoSharePoint_Uri']}.docx:/oneDrive.preview",
              "parameters/headers": {
                "Content-Type": "application/json",
                "Accept": "application/json"
              }
            },
            "authentication": {
              "type": "Raw",
              "value": "@json(decodeBase64(triggerOutputs().headers['X-MS-APIM-Tokens']))['$ConnectionKey']"
            }
          }
        },
        "Respond_to_a_PowerApp_or_flow": {
          "runAfter": {
            "Compose": [
              "Succeeded"
            ]
          },
          "metadata": {
            "operationMetadataId": "bca1d3ce-4970-4a4b-b3a9-9935500be87e"
          },
          "type": "Response",
          "kind": "PowerApp",
          "inputs": {
            "statusCode": 200,
            "body": {
              "previewurl": "@{outputs('Compose')}"
            },
            "schema": {
              "type": "object",
              "properties": {
                "previewurl": {
                  "title": "previewURL",
                  "x-ms-dynamically-added": true,
                  "type": "string"
                }
              }
            }
          }
        },
        "Compose": {
          "runAfter": {
            "Invoke_an_HTTP_request": [
              "Succeeded"
            ]
          },
          "metadata": {
            "operationMetadataId": "ca74bf16-188c-4a78-98a6-82b305f35208"
          },
          "type": "Compose",
          "inputs": "@body('Invoke_an_HTTP_request')?['getUrl']"
        },
        "Invoke_an_HTTP_request": {
          "runAfter": {
            "Send_an_HTTP_request_to_SharePoint": [
              "Succeeded"
            ]
          },
          "metadata": {
            "operationMetadataId": "ca8af4f2-c1c1-461e-a7c3-f9a7cfe8457a"
          },
          "type": "OpenApiConnection",
          "inputs": {
            "host": {
              "connectionName": "shared_webcontents",
              "operationId": "InvokeHttp",
              "apiId": "/providers/Microsoft.PowerApps/apis/shared_webcontents"
            },
            "parameters": {
              "request/method": "POST",
              "request/url": "https://graph.microsoft.com/v1.0/sites/merpsystems.sharepoint.com,62f44336-fafb-494e-897b-1cfbbc3b3092,b2f09c34-edf7-4855-b08a-95c83073097c/drives/b!NkP0Yvv6TkmJexz7vDswkjSc8LL37VVIsIqVyDBzCXxEuk0pEmlxQosCCjlPmIxI/root:/@{triggerBody()['SendanHTTPrequesttoSharePoint_Uri']}.docx:/preview"
            },
            "authentication": {
              "type": "Raw",
              "value": "@json(decodeBase64(triggerOutputs().headers['X-MS-APIM-Tokens']))['$ConnectionKey']"
            }
          }
        }
      }
    },
    "templateName": ""
  },
  "schemaVersion": "1.0.0.0"
}