{
  "properties": {
    "connectionReferences": {
      "shared_sharepointonline_1": {
        "runtimeSource": "invoker",
        "connection": {
          "connectionReferenceLogicalName": "book_sharedsharepointonline_2b162"
        },
        "api": {
          "name": "shared_sharepointonline"
        }
      }
    },
    "definition": {
      "$schema": "https://schema.management.azure.com/providers/Microsoft.Logic/schemas/2016-06-01/workflowdefinition.json#",
      "contentVersion": "1.0.0.0",
      "parameters": {
        "$connections": {
          "defaultValue": {},
          "type": "Object"
        },
        "$authentication": {
          "defaultValue": {},
          "type": "SecureObject"
        }
      },
      "triggers": {
        "manual": {
          "metadata": {
            "operationMetadataId": "5d56bdce-02e5-4f1f-86a1-37cf728dc566"
          },
          "type": "Request",
          "kind": "PowerApp",
          "inputs": {
            "schema": {
              "type": "object",
              "properties": {
                "Createfile_FileName": {
                  "type": "string",
                  "description": "Name of the file.. This parameter is used as part of \"B3FB02F8-7768-4A7B-AEF1-F297CCC90A76\"",
                  "x-ms-powerflows-param-ispartial": true
                },
                "Updatefileproperties_PolicyDetails": {
                  "type": "string",
                  "x-ms-powerflows-param-ispartial": false
                },
                "Createfile_FileName_1": {
                  "type": "string"
                }
              },
              "required": [
                "Createfile_FileName",
                "Updatefileproperties_PolicyDetails",
                "Createfile_FileName_1"
              ]
            }
          }
        }
      },
      "actions": {
        "Get_file_content_using_path": {
          "runAfter": {},
          "metadata": {
            "operationMetadataId": "ea300749-85df-475f-bf6c-b110ab497988"
          },
          "type": "OpenApiConnection",
          "inputs": {
            "host": {
              "connectionName": "shared_sharepointonline_1",
              "operationId": "GetFileContentByPath",
              "apiId": "/providers/Microsoft.PowerApps/apis/shared_sharepointonline"
            },
            "parameters": {
              "dataset": "https://merpsystems.sharepoint.com/sites/Canine",
              "path": "/SiteAssets/Policy Template3.docx",
              "inferContentType": true
            },
            "authentication": {
              "type": "Raw",
              "value": "@json(decodeBase64(triggerOutputs().headers['X-MS-APIM-Tokens']))['$ConnectionKey']"
            }
          }
        },
        "Scope": {
          "actions": {
            "Create_file": {
              "runAfter": {},
              "metadata": {
                "operationMetadataId": "3355e204-9d7f-4161-80ba-b4383dc30447"
              },
              "type": "OpenApiConnection",
              "inputs": {
                "host": {
                  "connectionName": "shared_sharepointonline_1",
                  "operationId": "CreateFile",
                  "apiId": "/providers/Microsoft.PowerApps/apis/shared_sharepointonline"
                },
                "parameters": {
                  "dataset": "https://merpsystems.sharepoint.com/sites/Canine",
                  "folderPath": "/Policies",
                  "name": "@{triggerBody()['Createfile_FileName']}.docx",
                  "body": "@body('Get_file_content_using_path')"
                },
                "authentication": {
                  "type": "Raw",
                  "value": "@json(decodeBase64(triggerOutputs().headers['X-MS-APIM-Tokens']))['$ConnectionKey']"
                }
              },
              "runtimeConfiguration": {
                "contentTransfer": {
                  "transferMode": "Chunked"
                }
              }
            },
            "Update_file_properties": {
              "runAfter": {
                "Create_file": [
                  "Succeeded"
                ]
              },
              "metadata": {
                "operationMetadataId": "dbdb915f-1d0d-4e57-8702-321c58576cfc"
              },
              "type": "OpenApiConnection",
              "inputs": {
                "host": {
                  "connectionName": "shared_sharepointonline_1",
                  "operationId": "PatchFileItem",
                  "apiId": "/providers/Microsoft.PowerApps/apis/shared_sharepointonline"
                },
                "parameters": {
                  "dataset": "https://merpsystems.sharepoint.com/sites/Canine",
                  "table": "294dba44-6912-4271-8b02-0a394f988c48",
                  "id": "@outputs('Create_file')?['body/ItemId']",
                  "item/Policy_x0020_Details": "@triggerBody()['Updatefileproperties_PolicyDetails']"
                },
                "authentication": {
                  "type": "Raw",
                  "value": "@json(decodeBase64(triggerOutputs().headers['X-MS-APIM-Tokens']))['$ConnectionKey']"
                }
              }
            }
          },
          "runAfter": {
            "Scope_2": [
              "Failed",
              "Skipped",
              "TimedOut"
            ]
          },
          "metadata": {
            "operationMetadataId": "342a5a67-f2d0-462f-8022-bbb1f69e6e10"
          },
          "type": "Scope"
        },
        "Get_file_metadata_using_path": {
          "runAfter": {
            "Get_file_content_using_path": [
              "Succeeded"
            ]
          },
          "metadata": {
            "operationMetadataId": "a70d83e7-6954-4e36-8ef2-47e0bb9807d9"
          },
          "type": "OpenApiConnection",
          "inputs": {
            "host": {
              "connectionName": "shared_sharepointonline_1",
              "operationId": "GetFileMetadataByPath",
              "apiId": "/providers/Microsoft.PowerApps/apis/shared_sharepointonline"
            },
            "parameters": {
              "dataset": "https://merpsystems.sharepoint.com/sites/Canine",
              "path": "/Policies/@{triggerBody()['Createfile_FileName']}.docx"
            },
            "authentication": {
              "type": "Raw",
              "value": "@json(decodeBase64(triggerOutputs().headers['X-MS-APIM-Tokens']))['$ConnectionKey']"
            }
          }
        },
        "Scope_2": {
          "actions": {
            "Update_file_properties_2": {
              "runAfter": {},
              "metadata": {
                "operationMetadataId": "dbdb915f-1d0d-4e57-8702-321c58576cfc"
              },
              "type": "OpenApiConnection",
              "inputs": {
                "host": {
                  "connectionName": "shared_sharepointonline_1",
                  "operationId": "PatchFileItem",
                  "apiId": "/providers/Microsoft.PowerApps/apis/shared_sharepointonline"
                },
                "parameters": {
                  "dataset": "https://merpsystems.sharepoint.com/sites/Canine",
                  "table": "294dba44-6912-4271-8b02-0a394f988c48",
                  "id": "@outputs('Get_file_metadata_using_path')?['body/ItemId']",
                  "item/Policy_x0020_Details": "@triggerBody()['Updatefileproperties_PolicyDetails']"
                },
                "authentication": {
                  "type": "Raw",
                  "value": "@json(decodeBase64(triggerOutputs().headers['X-MS-APIM-Tokens']))['$ConnectionKey']"
                }
              }
            }
          },
          "runAfter": {
            "Get_file_metadata_using_path": [
              "Succeeded"
            ]
          },
          "metadata": {
            "operationMetadataId": "4acb2195-5d5f-4cc4-8859-642bd213796b"
          },
          "type": "Scope"
        }
      }
    },
    "templateName": ""
  },
  "schemaVersion": "1.0.0.0"
}