{
  "properties": {
    "connectionReferences": {
      "shared_office365": {
        "runtimeSource": "invoker",
        "connection": {
          "connectionReferenceLogicalName": "book_sharedoffice365_e0191"
        },
        "api": {
          "name": "shared_office365"
        }
      },
      "shared_sharepointonline": {
        "runtimeSource": "invoker",
        "connection": {
          "connectionReferenceLogicalName": "book_sharedsharepointonline_2b162"
        },
        "api": {
          "name": "shared_sharepointonline"
        }
      }
    },
    "definition": {
      "$schema": "https://schema.management.azure.com/providers/Microsoft.Logic/schemas/2016-06-01/workflowdefinition.json#",
      "contentVersion": "1.0.0.0",
      "parameters": {
        "$connections": {
          "defaultValue": {},
          "type": "Object"
        },
        "$authentication": {
          "defaultValue": {},
          "type": "SecureObject"
        }
      },
      "triggers": {
        "manual": {
          "metadata": {
            "operationMetadataId": "2a55b9d4-9dde-4cd1-b866-e12e4da1f36f"
          },
          "type": "Request",
          "kind": "PowerApp",
          "inputs": {
            "schema": {
              "type": "object",
              "properties": {
                "Sendanemail(V2)_To": {
                  "type": "string",
                  "format": "email",
                  "description": "Specify email addresses separated by semicolons like someone@contoso.com",
                  "x-ms-powerflows-param-ispartial": false
                },
                "Getfilecontentusingpath_FilePath": {
                  "type": "string",
                  "description": "Select a file.. This parameter is used as part of \"3DEBD711-1104-4ADF-A473-30D651CF7EAB\"",
                  "x-ms-powerflows-param-ispartial": true
                },
                "Sendanemail(V2)_AttachmentsName": {
                  "type": "string",
                  "description": "Attachment name. This parameter is used as part of \"8E10E79F-4099-46D1-95E1-D9A617DEA620\"",
                  "x-ms-powerflows-param-ispartial": true
                }
              },
              "required": [
                "Sendanemail(V2)_To",
                "Getfilecontentusingpath_FilePath",
                "Sendanemail(V2)_AttachmentsName"
              ]
            }
          }
        }
      },
      "actions": {
        "Send_an_email_(V2)": {
          "runAfter": {
            "Get_file_content_using_path": [
              "Succeeded"
            ]
          },
          "metadata": {
            "operationMetadataId": "a218707e-3930-4ad2-8355-d4d7e949baca"
          },
          "type": "OpenApiConnection",
          "inputs": {
            "host": {
              "connectionName": "shared_office365",
              "operationId": "SendEmailV2",
              "apiId": "/providers/Microsoft.PowerApps/apis/shared_office365"
            },
            "parameters": {
              "emailMessage/To": "@triggerBody()['Sendanemail(V2)_To']",
              "emailMessage/Subject": "@triggerBody()['Sendanemail(V2)_AttachmentsName']",
              "emailMessage/Body": "<p><br></p>",
              "emailMessage/Attachments": [
                {
                  "Name": "@{triggerBody()['Sendanemail(V2)_AttachmentsName']}.docx",
                  "ContentBytes": "@body('Get_file_content_using_path')"
                }
              ],
              "emailMessage/Importance": "Normal"
            },
            "authentication": {
              "type": "Raw",
              "value": "@json(decodeBase64(triggerOutputs().headers['X-MS-APIM-Tokens']))['$ConnectionKey']"
            }
          }
        },
        "Get_file_content_using_path": {
          "runAfter": {},
          "metadata": {
            "operationMetadataId": "463d5ec9-4a73-4555-881c-55876b7a2b5b"
          },
          "type": "OpenApiConnection",
          "inputs": {
            "host": {
              "connectionName": "shared_sharepointonline",
              "operationId": "GetFileContentByPath",
              "apiId": "/providers/Microsoft.PowerApps/apis/shared_sharepointonline"
            },
            "parameters": {
              "dataset": "https://merpsystems.sharepoint.com/sites/Canine",
              "path": "/Policies/@{triggerBody()['Getfilecontentusingpath_FilePath']}.docx",
              "inferContentType": true
            },
            "authentication": {
              "type": "Raw",
              "value": "@json(decodeBase64(triggerOutputs().headers['X-MS-APIM-Tokens']))['$ConnectionKey']"
            }
          }
        }
      }
    },
    "templateName": ""
  },
  "schemaVersion": "1.0.0.0"
}