{
  "properties": {
    "connectionReferences": {
      "shared_sharepointonline": {
        "runtimeSource": "invoker",
        "connection": {
          "connectionReferenceLogicalName": "book_sharedsharepointonline_0a6a0"
        },
        "api": {
          "name": "shared_sharepointonline"
        }
      }
    },
    "definition": {
      "$schema": "https://schema.management.azure.com/providers/Microsoft.Logic/schemas/2016-06-01/workflowdefinition.json#",
      "contentVersion": "1.0.0.0",
      "parameters": {
        "$connections": {
          "defaultValue": {},
          "type": "Object"
        },
        "$authentication": {
          "defaultValue": {},
          "type": "SecureObject"
        }
      },
      "triggers": {
        "manual": {
          "metadata": {
            "operationMetadataId": "b7cd82b2-e24e-4222-ba93-94db3c9a4386"
          },
          "type": "Request",
          "kind": "Button",
          "inputs": {
            "schema": {
              "type": "object",
              "properties": {},
              "required": []
            }
          }
        }
      },
      "actions": {
        "Get_files_(properties_only)": {
          "runAfter": {},
          "metadata": {
            "operationMetadataId": "97556fb3-788f-4599-a442-6dbcf26cf808"
          },
          "type": "OpenApiConnection",
          "inputs": {
            "host": {
              "connectionName": "shared_sharepointonline",
              "operationId": "GetFileItems",
              "apiId": "/providers/Microsoft.PowerApps/apis/shared_sharepointonline"
            },
            "parameters": {
              "dataset": "https://merpsystems.sharepoint.com/sites/Canine",
              "table": "294dba44-6912-4271-8b02-0a394f988c48",
              "$filter": "FileLeafRef eq 'hr policy.docx'"
            },
            "authentication": {
              "type": "Raw",
              "value": "@json(decodeBase64(triggerOutputs().headers['X-MS-APIM-Tokens']))['$ConnectionKey']"
            }
          }
        },
        "Apply_to_each": {
          "foreach": "@outputs('Get_files_(properties_only)')?['body/value']",
          "actions": {
            "Compose": {
              "runAfter": {},
              "metadata": {
                "operationMetadataId": "d57253e3-78a7-4cca-8119-2524060fde61"
              },
              "type": "Compose",
              "inputs": "@items('Apply_to_each')?['{FilenameWithExtension}']"
            }
          },
          "runAfter": {
            "Get_files_(properties_only)": [
              "Succeeded"
            ]
          },
          "metadata": {
            "operationMetadataId": "fd2e153c-a332-4388-ab82-a3fdaefc8644"
          },
          "type": "Foreach"
        }
      }
    },
    "templateName": null
  },
  "schemaVersion": "1.0.0.0"
}