{"name":"41914591-fa7a-4fb0-bc40-025179fb255e","id":"/providers/Microsoft.Flow/flows/41914591-fa7a-4fb0-bc40-025179fb255e","type":"Microsoft.Flow/flows","properties":{"apiId":"/providers/Microsoft.PowerApps/apis/shared_logicflows","displayName":"Get last working day","definition":{"metadata":{"workflowEntityId":null,"processAdvisorMetadata":null,"flowChargedByPaygo":null,"flowclientsuspensionreason":"None","flowclientsuspensiontime":null,"flowclientsuspensionreasondetails":null,"creator":{"id":"8e1962d6-5c17-4c03-a5c6-45e9bb81af78","type":"User","tenantId":"d1af847b-2ce1-44cb-bb50-d5802bb43c8b"},"provisioningMethod":"FromDefinition","failureAlertSubscription":true,"clientLastModifiedTime":"2024-07-22T02:21:47.2374954Z","connectionKeySavedTimeKey":"2024-07-22T02:21:47.2374954Z"},"$schema":"https://schema.management.azure.com/providers/Microsoft.Logic/schemas/2016-06-01/workflowdefinition.json#","contentVersion":"undefined","parameters":{"$authentication":{"defaultValue":{},"type":"SecureObject"}},"triggers":{"manual":{"metadata":{"operationMetadataId":"da9e7fd4-caab-4795-acc8-4638b65baba5"},"type":"Request","kind":"Button","inputs":{"schema":{"type":"object","properties":{},"required":[]}}}},"actions":{"Compose_-__Get_current_date":{"runAfter":{"Initialize_variable_-_Last_Day":["Succeeded"]},"metadata":{"operationMetadataId":"a9549860-f827-4e56-b59e-65dcf0e7d57e"},"type":"Compose","inputs":"@utcNow()"},"Compose_-_Get_last_day":{"runAfter":{"Compose_-__Get_current_date":["Succeeded"]},"metadata":{"operationMetadataId":"e996f94a-d4b0-40e9-9e5a-bd17d3240195"},"type":"Compose","inputs":"@formatDateTime(subtractFromTime(startOfMonth(addToTime(outputs('Compose_-__Get_current_date'), 1, 'Month')), 1, 'Day'), 'yyyy-MM-dd')"},"Switch":{"runAfter":{"Compose_-_Get_last_day":["Succeeded"]},"cases":{"Case_-_Sunday":{"case":0,"actions":{"Set_variable_-_Last_day":{"runAfter":{},"metadata":{"operationMetadataId":"f15f9599-baa0-42fa-995f-9b07eda96d7b"},"type":"SetVariable","inputs":{"name":"Last Day","value":"@{addDays(outputs('Compose_-_Get_last_day'),-2)}"}}}},"Case_-_Saturday":{"case":6,"actions":{"Set_variable_-_Last_Day_1":{"runAfter":{},"metadata":{"operationMetadataId":"f15f9599-baa0-42fa-995f-9b07eda96d7b"},"type":"SetVariable","inputs":{"name":"Last Day","value":"@{addDays(outputs('Compose_-_Get_last_day'),-2)}"}}}}},"default":{"actions":{"Set_variable_-_Last_day_2":{"runAfter":{},"metadata":{"operationMetadataId":"f15f9599-baa0-42fa-995f-9b07eda96d7b"},"type":"SetVariable","inputs":{"name":"Last Day","value":"@outputs('Compose_-_Get_last_day')"}}}},"expression":"@dayOfWeek(outputs('Compose_-_Get_last_day'))","metadata":{"operationMetadataId":"bfd77bf0-81a7-424d-80b5-34b7c65a9b75"},"type":"Switch"},"Initialize_variable_-_Last_Day":{"runAfter":{},"metadata":{"operationMetadataId":"5987c86b-631c-4ca3-84b1-9d51a763f47d"},"type":"InitializeVariable","inputs":{"variables":[{"name":"Last Day","type":"string"}]}},"Compose_-_Last_Working_Day":{"runAfter":{"Switch":["Succeeded"]},"metadata":{"operationMetadataId":"c197d387-f319-4426-84ba-6ca9508f05e3"},"type":"Compose","inputs":"@variables('Last Day')"}}},"connectionReferences":{},"flowFailureAlertSubscribed":false,"isManaged":false}}