<powerpagecomponent powerpagecomponentid="765a89c0-5e03-40f6-84ee-a617c302a9c8">
  <content>{"displayorder":1,"enabletracking":false,"excludefromsearch":true,"hiddenfromsitemap":true,"parentpageid":"c56a2cdf-2101-4a37-9797-240630eeab31","partialurl":"bootstrap.min.css","publishingstateid":"98c3c40d-73b6-4b26-9791-e0b89a21706e"}</content>
  <filecontent mimetype="application/octet-stream">bootstrap.min.css</filecontent>
  <iscustomizable>1</iscustomizable>
  <name>bootstrap.min.css</name>
  <powerpagecomponenttype>3</powerpagecomponenttype>
  <powerpagesiteid>
    <powerpagesiteid>0cd59409-6fec-4be9-bd09-8f1d362195e1</powerpagesiteid>
  </powerpagesiteid>
  <statecode>0</statecode>
  <statuscode>1</statuscode>
</powerpagecomponent>