<powerpagecomponent powerpagecomponentid="32ce3ce8-a40c-5569-fb0b-6948455cccb6">
  <content>{
  "displayorder": 2,
  "parentweblinkid": "6c5aba18-31ae-6d56-9cec-7c529d2d54b6",
  "weblinksetid": "8be3b635-8771-4386-9361-87ff0d106b8a",
  "pageid": "990f69a5-aa04-9d45-ce52-d78ff5e15348",
  "publishingstateid": "98c3c40d-73b6-4b26-9791-e0b89a21706e",
  "displaypagevalidation": false,
  "displayimageonly": false,
  "displaypagechildlinks": false,
  "openinnewwindow": false,
  "robotsfollowlink": true
}</content>
  <iscustomizable>1</iscustomizable>
  <name>Referral-deleted</name>
  <powerpagecomponenttype>5</powerpagecomponenttype>
  <powerpagesiteid>
    <powerpagesiteid>0cd59409-6fec-4be9-bd09-8f1d362195e1</powerpagesiteid>
  </powerpagesiteid>
  <statecode>1</statecode>
  <statuscode>2</statuscode>
</powerpagecomponent>