﻿<?xml version="1.0" encoding="utf-8"?>
<ImportExportXml xmlns:xsi="http://www.w3.org/2001/XMLSchema-instance" OrganizationVersion="9.2.25033.218" OrganizationSchemaType="Standard" CRMServerServiceabilityVersion="9.2.25034.00218">
  <Entities />
  <Roles />
  <Workflows />
  <FieldSecurityProfiles />
  <Templates />
  <EntityMaps />
  <EntityRelationships />
  <OrganizationSettings />
  <optionsets />
  <CustomControls />
  <EntityDataProviders />
  <CanvasApps>
    <CanvasApp>
      <Name>natiturt_timelinecomponent_5b49b</Name>
      <AppVersion>2025-04-25T12:15:34Z</AppVersion>
      <Status>Ready</Status>
      <CreatedByClientVersion>3.25042.10.0</CreatedByClientVersion>
      <MinClientVersion>3.25042.10.0</MinClientVersion>
      <Tags>{"primaryDeviceWidth":"1366","primaryDeviceHeight":"768","supportsPortrait":"true","supportsLandscape":"true","primaryFormFactor":"Tablet","showStatusBar":"false","publisherVersion":"3.25042.10","minimumRequiredApiVersion":"2.2.0","hasComponent":"false","hasUnlockedComponent":"false","isUnifiedRootApp":"false","sienaVersion":"20250421T153203Z-3.25041.10.0"}</Tags>
      <IsCdsUpgraded>0</IsCdsUpgraded>
      <GalleryItemId xsi:nil="true"></GalleryItemId>
      <BackgroundColor>rgba(197, 24, 128, 1)</BackgroundColor>
      <DisplayName>Timeline Component</DisplayName>
      <Description>Streamline your workflow with the Timeline Component app. Efficiently manage and organize notes, appointments, phone calls, emails, and tasks related to contacts.</Description>
      <CommitMessage xsi:nil="true"></CommitMessage>
      <Publisher xsi:nil="true"></Publisher>
      <AuthorizationReferences>[]</AuthorizationReferences>
      <ConnectionReferences>{}</ConnectionReferences>
      <DatabaseReferences>{"default.cds":{"databaseDetails":{"referenceType":"Environmental","environmentName":"default.cds","overrideValues":{"status":"NotSpecified","environmentVariableName":""}},"dataSources":{"Notes":{"entitySetName":"annotations","logicalName":"annotation"},"Appointments":{"entitySetName":"appointments","logicalName":"appointment"},"Phone Calls":{"entitySetName":"phonecalls","logicalName":"phonecall"},"Email Messages":{"entitySetName":"emails","logicalName":"email"},"Tasks":{"entitySetName":"tasks","logicalName":"task"},"Users":{"entitySetName":"systemusers","logicalName":"systemuser"},"Teams":{"entitySetName":"teams","logicalName":"team"},"Contacts":{"entitySetName":"contacts","logicalName":"contact"},"Accounts":{"entitySetName":"accounts","logicalName":"account"}}}}</DatabaseReferences>
      <AppComponents>[]</AppComponents>
      <AppComponentDependencies>[]</AppComponentDependencies>
      <CanConsumeAppPass>0</CanConsumeAppPass>
      <CanvasAppType>0</CanvasAppType>
      <BypassConsent>0</BypassConsent>
      <AdminControlBypassConsent>0</AdminControlBypassConsent>
      <EmbeddedApp xsi:nil="true"></EmbeddedApp>
      <IntroducedVersion>1.0</IntroducedVersion>
      <CdsDependencies>{"cdsdependencies":[{"logicalname":"annotation","componenttype":1},{"logicalname":"appointment","componenttype":1},{"logicalname":"phonecall","componenttype":1},{"logicalname":"email","componenttype":1},{"logicalname":"task","componenttype":1},{"logicalname":"systemuser","componenttype":1},{"logicalname":"team","componenttype":1},{"logicalname":"contact","componenttype":1},{"logicalname":"account","componenttype":1}]}</CdsDependencies>
      <IsCustomizable>1</IsCustomizable>
      <BackgroundImageUri>/CanvasApps/natiturt_timelinecomponent_5b49b_BackgroundImageUri</BackgroundImageUri>
      <DocumentUri>/CanvasApps/natiturt_timelinecomponent_5b49b_DocumentUri.msapp</DocumentUri>
      <AdditionalUris>
        <AdditionalUri>/CanvasApps/natiturt_timelinecomponent_5b49b_AdditionalUris0_identity.json</AdditionalUri>
      </AdditionalUris>
    </CanvasApp>
  </CanvasApps>
  <Languages>
    <Language>1033</Language>
  </Languages>
</ImportExportXml>