﻿<?xml version="1.0" encoding="utf-8"?>
<ImportExportXml xmlns:xsi="http://www.w3.org/2001/XMLSchema-instance" OrganizationVersion="9.2.24124.140" OrganizationSchemaType="Standard" CRMServerServiceabilityVersion="9.2.24124.00146">
  <Entities />
  <Roles />
  <Workflows>
    <Workflow WorkflowId="{6b53c887-2bd0-ef11-a72e-0022481ef946}" Name="Notify team of unresponsive channel post" Description="This flow will monitor a teams channel for not replying to message post. It will reply back with reminder text for team to take action on unresponsive message posts.">
      <JsonFileName>/Workflows/Notifyteamofunresponsivechannelpost-6B53C887-2BD0-EF11-A72E-0022481EF946.json</JsonFileName>
      <Type>1</Type>
      <Subprocess>0</Subprocess>
      <Category>5</Category>
      <Mode>0</Mode>
      <Scope>4</Scope>
      <OnDemand>0</OnDemand>
      <TriggerOnCreate>0</TriggerOnCreate>
      <TriggerOnDelete>0</TriggerOnDelete>
      <AsyncAutodelete>0</AsyncAutodelete>
      <SyncWorkflowLogOnFailure>0</SyncWorkflowLogOnFailure>
      <StateCode>1</StateCode>
      <StatusCode>2</StatusCode>
      <RunAs>1</RunAs>
      <IsTransacted>1</IsTransacted>
      <IntroducedVersion>1.0.0.0</IntroducedVersion>
      <IsCustomizable>1</IsCustomizable>
      <BusinessProcessType>0</BusinessProcessType>
      <IsCustomProcessingStepAllowedForOtherPublishers>1</IsCustomProcessingStepAllowedForOtherPublishers>
      <PrimaryEntity>none</PrimaryEntity>
      <LocalizedNames>
        <LocalizedName languagecode="1033" description="Notify team of unresponsive channel post" />
      </LocalizedNames>
      <Descriptions>
        <Description languagecode="1033" description="This flow will monitor a teams channel for not replying to message post. It will reply back with reminder text for team to take action on unresponsive message posts." />
      </Descriptions>
    </Workflow>
  </Workflows>
  <FieldSecurityProfiles />
  <Templates />
  <EntityMaps />
  <EntityRelationships />
  <OrganizationSettings />
  <optionsets />
  <CustomControls />
  <EntityDataProviders />
  <connectionreferences>
    <connectionreference connectionreferencelogicalname="pnp_sharedteams_c1c4a">
      <connectionreferencedisplayname>Microsoft Teams MonitorChannelPosts-c1c4a</connectionreferencedisplayname>
      <connectorid>/providers/Microsoft.PowerApps/apis/shared_teams</connectorid>
      <iscustomizable>1</iscustomizable>
      <promptingbehavior>0</promptingbehavior>
      <statecode>0</statecode>
      <statuscode>1</statuscode>
    </connectionreference>
  </connectionreferences>
  <Languages>
    <Language>1033</Language>
  </Languages>
</ImportExportXml>