<powerpagecomponent powerpagecomponentid="69e7cefd-7752-4771-bb8b-c2091bef67ba">
  <content>{"description":"Sets whether or not the portal can redirect the user to the profile page after successful sign-in. By default, it is set to true.","value":"true"}</content>
  <iscustomizable>1</iscustomizable>
  <name>Authentication/Registration/ProfileRedirectEnabled</name>
  <powerpagecomponenttype>9</powerpagecomponenttype>
  <powerpagesiteid>
    <powerpagesiteid>0cd59409-6fec-4be9-bd09-8f1d362195e1</powerpagesiteid>
  </powerpagesiteid>
  <statecode>0</statecode>
  <statuscode>1</statuscode>
</powerpagecomponent>