<powerpagecomponent powerpagecomponentid="293bfde0-1cc7-439f-8845-c94accde3695">
  <content>{"adx_webpageaccesscontrolrule_webrole":["7454d357-2f17-4b6b-ae67-440f38495ffc"],"right":1,"webpageid":"c56a2cdf-2101-4a37-9797-240630eeab31"}</content>
  <iscustomizable>1</iscustomizable>
  <name>Grant Change to Administrators</name>
  <powerpagecomponenttype>10</powerpagecomponenttype>
  <powerpagesiteid>
    <powerpagesiteid>0cd59409-6fec-4be9-bd09-8f1d362195e1</powerpagesiteid>
  </powerpagesiteid>
  <statecode>0</statecode>
  <statuscode>1</statuscode>
</powerpagecomponent>