{
  "properties": {
    "connectionReferences": {
      "shared_sharepointonline": {
        "runtimeSource": "embedded",
        "connection": {
          "connectionReferenceLogicalName": "gym_sharedsharepointonline_4e1f2"
        },
        "api": {
          "name": "shared_sharepointonline"
        }
      }
    },
    "definition": {
      "$schema": "https://schema.management.azure.com/providers/Microsoft.Logic/schemas/2016-06-01/workflowdefinition.json#",
      "contentVersion": "1.0.0.0",
      "parameters": {
        "$connections": {
          "defaultValue": {},
          "type": "Object"
        },
        "$authentication": {
          "defaultValue": {},
          "type": "SecureObject"
        }
      },
      "triggers": {
        "When_an_item_is_created": {
          "recurrence": {
            "interval": 1,
            "frequency": "Minute"
          },
          "splitOn": "@triggerOutputs()?['body/value']",
          "metadata": {
            "operationMetadataId": "161f016f-421c-46cc-8041-bb5d8647915a"
          },
          "type": "OpenApiConnection",
          "inputs": {
            "parameters": {
              "dataset": "https://1zvkt.sharepoint.com/sites/DRMARV",
              "table": "09aa8fc4-4921-4bf3-b46b-c01e666f9949"
            },
            "host": {
              "connectionName": "shared_sharepointonline",
              "operationId": "GetOnNewItems",
              "apiId": "/providers/Microsoft.PowerApps/apis/shared_sharepointonline"
            },
            "authentication": "@parameters('$authentication')"
          }
        }
      },
      "actions": {
        "Update_item": {
          "runAfter": {},
          "metadata": {
            "operationMetadataId": "770a9b4d-6ce5-4752-9068-d5637a81bd1e"
          },
          "type": "OpenApiConnection",
          "inputs": {
            "parameters": {
              "dataset": "https://1zvkt.sharepoint.com/sites/DRMARV",
              "table": "09aa8fc4-4921-4bf3-b46b-c01e666f9949",
              "id": "@triggerBody()?['ID']",
              "item/Title": "@triggerBody()?['Title']",
              "item/Date": "@triggerBody()?['Date']",
              "item/E_x002d_mail": "@triggerBody()?['E_x002d_mail']",
              "item/Phone": "@triggerBody()?['Phone']",
              "item/PersonalTraining/Value": "@triggerBody()?['PersonalTraining']?['Value']",
              "item/DueDate2": "@triggerBody()?['Due_x0020_Date']"
            },
            "host": {
              "connectionName": "shared_sharepointonline",
              "operationId": "PatchItem",
              "apiId": "/providers/Microsoft.PowerApps/apis/shared_sharepointonline"
            },
            "authentication": "@parameters('$authentication')"
          }
        }
      },
      "outputs": {}
    },
    "templateName": ""
  },
  "schemaVersion": "1.0.0.0"
}