{
  "properties": {
    "connectionReferences": {
      "shared_sharepointonline_1": {
        "runtimeSource": "embedded",
        "connection": {
          "connectionReferenceLogicalName": "gym_sharedsharepointonline_4e1f2"
        },
        "api": {
          "name": "shared_sharepointonline"
        }
      },
      "shared_office365": {
        "runtimeSource": "embedded",
        "connection": {
          "connectionReferenceLogicalName": "gym_sharedoffice365_348d8"
        },
        "api": {
          "name": "shared_office365"
        }
      }
    },
    "definition": {
      "$schema": "https://schema.management.azure.com/providers/Microsoft.Logic/schemas/2016-06-01/workflowdefinition.json#",
      "contentVersion": "1.0.0.0",
      "parameters": {
        "$authentication": {
          "defaultValue": {},
          "type": "SecureObject"
        },
        "$connections": {
          "defaultValue": {},
          "type": "Object"
        }
      },
      "triggers": {
        "When_a_new_item_is_created": {
          "recurrence": {
            "frequency": "Minute",
            "interval": 1
          },
          "splitOn": "@triggerOutputs()?['body/value']",
          "metadata": {
            "operationMetadataId": "32abbfe7-b0ee-4b6d-8a1a-59493b60a086"
          },
          "type": "OpenApiConnection",
          "inputs": {
            "parameters": {
              "dataset": "https://1zvkt.sharepoint.com/sites/DRMARV",
              "table": "09aa8fc4-4921-4bf3-b46b-c01e666f9949"
            },
            "host": {
              "apiId": "/providers/Microsoft.PowerApps/apis/shared_sharepointonline",
              "connectionName": "shared_sharepointonline_1",
              "operationId": "GetOnNewItems"
            },
            "authentication": "@parameters('$authentication')"
          }
        }
      },
      "actions": {
        "Send_an_email_(V2)": {
          "runAfter": {},
          "type": "OpenApiConnection",
          "inputs": {
            "parameters": {
              "emailMessage/To": "@triggerBody()?['E_x002d_mail']",
              "emailMessage/Subject": "Welcome to 703 Fitness Gym!",
              "emailMessage/Body": "<b>Dear @{triggerBody()?['Title']}</b>,<br><br>On behalf of the entire team at 703 Fitness Gym, we would like to extend a warm welcome to you as our newest member! We're thrilled to have you join our fitness community and embark on this journey toward health and wellness together.<br>Your decision to prioritize your fitness and well-being is commendable, and we're here to support you every step of the way. At 703 Fitness Gym, we're committed to providing you with top-notch facilities, expert guidance, and a welcoming environment where you can achieve your fitness goals.<br>As a valued member, you now have access to our state-of-the-art gym equipment, a variety of fitness classes, personalized training sessions, and a supportive community of fellow members and staff.<br><br><b>Your membership is active until [@{triggerBody()?['Due_x0020_Date']}].</b><br><br>We're here to support you on your fitness journey.<br>If you have any questions, feel free to ask. We look forward to seeing you at the gym!<br><br><b>Best regards,</b><br><b>703 Fitness Gym</b>",
              "emailMessage/From": "703fitness@1zvkt.onmicrosoft.com",
              "emailMessage/ReplyTo": "Marvelous223@1zvkt.onmicrosoft.com",
              "emailMessage/Importance": "Normal"
            },
            "host": {
              "apiId": "/providers/Microsoft.PowerApps/apis/shared_office365",
              "connectionName": "shared_office365",
              "operationId": "SendEmailV2"
            },
            "authentication": "@parameters('$authentication')"
          }
        }
      },
      "outputs": {}
    },
    "templateName": "3999d042ec7a49c5b91ae2229037fdb7"
  },
  "schemaVersion": "1.0.0.0"
}