<ImportExportXml xmlns:xsi="http://www.w3.org/2001/XMLSchema-instance">
  <Entities></Entities>
  <Roles></Roles>
  <Workflows>
    <Workflow WorkflowId="{8e45d378-817a-ee11-8178-002248c6b93d}" Name="Get user followed sites">
      <JsonFileName>/Workflows/Getuserfollowedsites-8E45D378-817A-EE11-8178-002248C6B93D.json</JsonFileName>
      <Type>1</Type>
      <Subprocess>0</Subprocess>
      <Category>5</Category>
      <Mode>0</Mode>
      <Scope>4</Scope>
      <OnDemand>0</OnDemand>
      <TriggerOnCreate>0</TriggerOnCreate>
      <TriggerOnDelete>0</TriggerOnDelete>
      <AsyncAutodelete>0</AsyncAutodelete>
      <SyncWorkflowLogOnFailure>0</SyncWorkflowLogOnFailure>
      <StateCode>1</StateCode>
      <StatusCode>2</StatusCode>
      <RunAs>1</RunAs>
      <IsTransacted>1</IsTransacted>
      <IntroducedVersion>1.0</IntroducedVersion>
      <IsCustomizable>1</IsCustomizable>
      <BusinessProcessType>0</BusinessProcessType>
      <IsCustomProcessingStepAllowedForOtherPublishers>1</IsCustomProcessingStepAllowedForOtherPublishers>
      <PrimaryEntity>none</PrimaryEntity>
      <LocalizedNames>
        <LocalizedName languagecode="1033" description="Get user followed sites" />
      </LocalizedNames>
    </Workflow>
    <Workflow WorkflowId="{3e587800-9a7c-ee11-8178-002248c6b93d}" Name="Find sites">
      <JsonFileName>/Workflows/Findsites-3E587800-9A7C-EE11-8178-002248C6B93D.json</JsonFileName>
      <Type>1</Type>
      <Subprocess>0</Subprocess>
      <Category>5</Category>
      <Mode>0</Mode>
      <Scope>4</Scope>
      <OnDemand>0</OnDemand>
      <TriggerOnCreate>0</TriggerOnCreate>
      <TriggerOnDelete>0</TriggerOnDelete>
      <AsyncAutodelete>0</AsyncAutodelete>
      <SyncWorkflowLogOnFailure>0</SyncWorkflowLogOnFailure>
      <StateCode>1</StateCode>
      <StatusCode>2</StatusCode>
      <RunAs>1</RunAs>
      <IsTransacted>1</IsTransacted>
      <IntroducedVersion>1.0</IntroducedVersion>
      <IsCustomizable>1</IsCustomizable>
      <BusinessProcessType>0</BusinessProcessType>
      <IsCustomProcessingStepAllowedForOtherPublishers>1</IsCustomProcessingStepAllowedForOtherPublishers>
      <PrimaryEntity>none</PrimaryEntity>
      <LocalizedNames>
        <LocalizedName languagecode="1033" description="Find sites" />
      </LocalizedNames>
    </Workflow>
    <Workflow WorkflowId="{3ae68a7e-c078-ee11-8179-002248c6b93d}" Name="Follow Unfollow site">
      <JsonFileName>/Workflows/FollowUnfollowsite-3AE68A7E-C078-EE11-8179-002248C6B93D.json</JsonFileName>
      <Type>1</Type>
      <Subprocess>0</Subprocess>
      <Category>5</Category>
      <Mode>0</Mode>
      <Scope>4</Scope>
      <OnDemand>0</OnDemand>
      <TriggerOnCreate>0</TriggerOnCreate>
      <TriggerOnDelete>0</TriggerOnDelete>
      <AsyncAutodelete>0</AsyncAutodelete>
      <SyncWorkflowLogOnFailure>0</SyncWorkflowLogOnFailure>
      <StateCode>1</StateCode>
      <StatusCode>2</StatusCode>
      <RunAs>1</RunAs>
      <IsTransacted>1</IsTransacted>
      <IntroducedVersion>1.0.0.0</IntroducedVersion>
      <IsCustomizable>1</IsCustomizable>
      <BusinessProcessType>0</BusinessProcessType>
      <IsCustomProcessingStepAllowedForOtherPublishers>1</IsCustomProcessingStepAllowedForOtherPublishers>
      <PrimaryEntity>none</PrimaryEntity>
      <LocalizedNames>
        <LocalizedName languagecode="1033" description="Follow Unfollow site" />
      </LocalizedNames>
    </Workflow>
  </Workflows>
  <FieldSecurityProfiles></FieldSecurityProfiles>
  <Templates />
  <EntityMaps />
  <EntityRelationships />
  <OrganizationSettings />
  <optionsets />
  <CustomControls />
  <EntityDataProviders />
  <CanvasApps>
    <CanvasApp>
      <Name>alexmsft_followsites_7d504</Name>
      <AppVersion>2023-11-07T13:25:44Z</AppVersion>
      <Status>Ready</Status>
      <CreatedByClientVersion>3.23104.17.0</CreatedByClientVersion>
      <MinClientVersion>3.23104.17.0</MinClientVersion>
      <Tags>{"primaryDeviceWidth":"1366","primaryDeviceHeight":"768","sienaVersion":"20231107T115939Z-3.23104.17.0","deviceCapabilities":"","supportsPortrait":"true","supportsLandscape":"true","primaryFormFactor":"Tablet","publisherVersion":"3.23104.17","minimumRequiredApiVersion":"2.2.0","hasComponent":"false","hasUnlockedComponent":"false","isUnifiedRootApp":"false","showStatusBar":"false"}</Tags>
      <IsCdsUpgraded>0</IsCdsUpgraded>
      <GalleryItemId xsi:nil="true"></GalleryItemId>
      <BackgroundColor>rgba(0, 120, 212, 1)</BackgroundColor>
      <DisplayName>Follow Sites</DisplayName>
      <Description>Follow sites displays SharePoint sites a user follows, allows them to discover sites and provides the ability to follow/unfollow them.</Description>
      <CommitMessage xsi:nil="true"></CommitMessage>
      <Publisher xsi:nil="true"></Publisher>
      <AuthorizationReferences>[]</AuthorizationReferences>
      <ConnectionReferences>{"d564f7b7-9c38-417a-b033-2f855b475ed5":{"id":"/providers/microsoft.powerapps/apis/shared_sharepointonline","displayName":"SharePoint","iconUri":"https://connectoricons-prod.azureedge.net/releases/v1.0.1664/1.0.1664.3477/sharepointonline/icon.png","dataSources":["Sites"],"dependencies":[],"dependents":["9d164608-57c3-4de1-8aee-d49ba137c2c7","68d63eae-5877-4fef-ac4b-36e0e1ad628b","df298ebe-b39a-42f2-85d9-17207e8dd6c6"],"parameterHints":{},"parameterHintsV2":{},"isOnPremiseConnection":false,"bypassConsent":false,"dataSets":{"https://m365x765471.sharepoint.com/":{"dataSources":{"Sites":{"tableName":"308bcc00-64c4-44e7-8098-eda0574391ce"}}}},"apiTier":"Standard"},"9d164608-57c3-4de1-8aee-d49ba137c2c7":{"id":"/providers/microsoft.powerapps/apis/shared_logicflows","displayName":"Logic flows","iconUri":"https://connectoricons-prod.azureedge.net/releases/v1.0.1664/1.0.1664.3477/logicflows/icon.png","dataSources":["Getuserfollowedsites"],"dependencies":["d564f7b7-9c38-417a-b033-2f855b475ed5"],"dependents":[],"parameterHints":{"workflowName":{"value":"3fd0dd9a-115b-417f-b1a2-4c674ef08604"},"workflowEntityId":{"value":"8e45d378-817a-ee11-8178-002248c6b93d"},"d564f7b7-9c38-417a-b033-2f855b475ed5":{"value":"shared_sharepointonline"}},"parameterHintsV2":{"workflowName":{"value":"3fd0dd9a-115b-417f-b1a2-4c674ef08604"},"workflowEntityId":{"value":"8e45d378-817a-ee11-8178-002248c6b93d"},"shared_sharepointonline":{"value":"d564f7b7-9c38-417a-b033-2f855b475ed5"}},"isOnPremiseConnection":false,"bypassConsent":false,"dataSets":{},"apiTier":"Standard","actions":["Run"]},"68d63eae-5877-4fef-ac4b-36e0e1ad628b":{"id":"/providers/microsoft.powerapps/apis/shared_logicflows","displayName":"Logic flows","iconUri":"https://connectoricons-prod.azureedge.net/releases/v1.0.1664/1.0.1664.3477/logicflows/icon.png","dataSources":["FollowUnfollowsite"],"dependencies":["d564f7b7-9c38-417a-b033-2f855b475ed5"],"dependents":[],"parameterHints":{"workflowName":{"value":"1d3c0e12-67cd-4688-8019-08da0bad63b4"},"workflowEntityId":{"value":"3ae68a7e-c078-ee11-8179-002248c6b93d"},"d564f7b7-9c38-417a-b033-2f855b475ed5":{"value":"shared_sharepointonline_1"}},"parameterHintsV2":{"workflowName":{"value":"1d3c0e12-67cd-4688-8019-08da0bad63b4"},"workflowEntityId":{"value":"3ae68a7e-c078-ee11-8179-002248c6b93d"},"shared_sharepointonline_1":{"value":"d564f7b7-9c38-417a-b033-2f855b475ed5"}},"isOnPremiseConnection":false,"bypassConsent":false,"dataSets":{},"apiTier":"Standard","actions":["Run"]},"df298ebe-b39a-42f2-85d9-17207e8dd6c6":{"id":"/providers/microsoft.powerapps/apis/shared_logicflows","displayName":"Logic flows","iconUri":"https://connectoricons-prod.azureedge.net/releases/v1.0.1664/1.0.1664.3477/logicflows/icon.png","dataSources":["Findsites"],"dependencies":["d564f7b7-9c38-417a-b033-2f855b475ed5"],"dependents":[],"parameterHints":{"workflowName":{"value":"65c84923-403e-4f8d-8e49-8127fa0b1576"},"workflowEntityId":{"value":"3e587800-9a7c-ee11-8178-002248c6b93d"},"d564f7b7-9c38-417a-b033-2f855b475ed5":{"value":"shared_sharepointonline_1"}},"parameterHintsV2":{"workflowName":{"value":"65c84923-403e-4f8d-8e49-8127fa0b1576"},"workflowEntityId":{"value":"3e587800-9a7c-ee11-8178-002248c6b93d"},"shared_sharepointonline_1":{"value":"d564f7b7-9c38-417a-b033-2f855b475ed5"}},"isOnPremiseConnection":false,"bypassConsent":false,"dataSets":{},"apiTier":"Standard","actions":["Run"]}}</ConnectionReferences>
      <DatabaseReferences>{}</DatabaseReferences>
      <AppComponents>[]</AppComponents>
      <AppComponentDependencies>[]</AppComponentDependencies>
      <CanConsumeAppPass>1</CanConsumeAppPass>
      <CanvasAppType>0</CanvasAppType>
      <BypassConsent>0</BypassConsent>
      <AdminControlBypassConsent>0</AdminControlBypassConsent>
      <EmbeddedApp xsi:nil="true"></EmbeddedApp>
      <IntroducedVersion>1.0</IntroducedVersion>
      <CdsDependencies>{"cdsdependencies":[{"dependencyid":"8e45d378-817a-ee11-8178-002248c6b93d","componenttype":29,"componenttypeplatformname":"Workflow"},{"dependencyid":"3ae68a7e-c078-ee11-8179-002248c6b93d","componenttype":29,"componenttypeplatformname":"Workflow"},{"dependencyid":"3e587800-9a7c-ee11-8178-002248c6b93d","componenttype":29,"componenttypeplatformname":"Workflow"}]}</CdsDependencies>
      <IsCustomizable>1</IsCustomizable>
      <BackgroundImageUri>/CanvasApps/alexmsft_followsites_7d504_BackgroundImageUri</BackgroundImageUri>
      <DocumentUri>/CanvasApps/alexmsft_followsites_7d504_DocumentUri.msapp</DocumentUri>
    </CanvasApp>
  </CanvasApps>
  <connectionreferences>
    <connectionreference connectionreferencelogicalname="alexmsft_SharePointConnectionFollowSites">
      <connectionreferencedisplayname>Follow Sites SharePoint Connection</connectionreferencedisplayname>
      <connectorid>/providers/Microsoft.PowerApps/apis/shared_sharepointonline</connectorid>
      <description>Connection to SharePoint</description>
      <iscustomizable>1</iscustomizable>
      <statecode>0</statecode>
      <statuscode>1</statuscode>
    </connectionreference>
  </connectionreferences>
  <Languages>
    <Language>1033</Language>
  </Languages>
</ImportExportXml>