<powerpagecomponent powerpagecomponentid="a2cfd9bf-ea49-4463-a621-5623f4fd2aee">
  <content>{"enablerating":false,"enabletracking":false,"excludefromsearch":true,"hiddenfromsitemap":true,"isroot":true,"pagetemplateid":"24ef4cfc-9aea-4ffb-ae57-e19531d5db47","parentpageid":"c56a2cdf-2101-4a37-9797-240630eeab31","partialurl":"access-denied","publishingstateid":"98c3c40d-73b6-4b26-9791-e0b89a21706e","sharedpageconfiguration":false}</content>
  <iscustomizable>1</iscustomizable>
  <name>Access Denied</name>
  <powerpagecomponenttype>2</powerpagecomponenttype>
  <powerpagesiteid>
    <powerpagesiteid>0cd59409-6fec-4be9-bd09-8f1d362195e1</powerpagesiteid>
  </powerpagesiteid>
  <searchcontent>Access Denied</searchcontent>
  <statecode>0</statecode>
  <statuscode>1</statuscode>
</powerpagecomponent>