<powerpagecomponent powerpagecomponentid="24e39812-88dc-d946-1bcf-f69832f73e68">
  <content>{
  "displayorder": 4,
  "weblinksetid": "8be3b635-8771-4386-9361-87ff0d106b8a",
  "pageid": "d8e27b7b-be64-3d98-35d6-ad95252d35dd",
  "publishingstateid": "98c3c40d-73b6-4b26-9791-e0b89a21706e",
  "displaypagevalidation": false,
  "displayimageonly": false,
  "displaypagechildlinks": false,
  "openinnewwindow": false,
  "robotsfollowlink": true
}</content>
  <iscustomizable>1</iscustomizable>
  <name>Access Details</name>
  <powerpagecomponenttype>5</powerpagecomponenttype>
  <powerpagesiteid>
    <powerpagesiteid>0cd59409-6fec-4be9-bd09-8f1d362195e1</powerpagesiteid>
  </powerpagesiteid>
  <statecode>1</statecode>
  <statuscode>2</statuscode>
</powerpagecomponent>