<environmentvariabledefinition schemaname="acs_AzureCommunicationServicesPhoneNumber">
  <description default="Phone number for Azure Communication Services">
    <label description="Phone number for Azure Communication Services" languagecode="1033" />
  </description>
  <displayname default="Azure Communication Services Phone Number">
    <label description="Azure Communication Services Phone Number" languagecode="1033" />
  </displayname>
  <introducedversion>1.1.0.2</introducedversion>
  <iscustomizable>1</iscustomizable>
  <isrequired>0</isrequired>
  <secretstore>0</secretstore>
  <type>100000000</type>
</environmentvariabledefinition>