<powerpagecomponent powerpagecomponentid="be775322-2512-d761-8710-802728448bcf">
  <content>{
  "displayorder": 2,
  "customcss": "",
  "customjavascript": "",
  "pagetemplateid": "24ef4cfc-9aea-4ffb-ae57-e19531d5db47",
  "parentpageid": "4e54be81-c750-c65e-a67e-a2b842b97892",
  "partialurl": "Feedback",
  "isroot": true,
  "title": "Feedback",
  "summary": "&lt;p&gt;This is a sample landing page designed to be a starting point for your website&lt;/p&gt;",
  "copy": "",
  "publishingstateid": "98c3c40d-73b6-4b26-9791-e0b89a21706e",
  "enablerating": false,
  "enabletracking": false,
  "excludefromsearch": false,
  "hiddenfromsitemap": true,
  "sharedpageconfiguration": false
}</content>
  <iscustomizable>1</iscustomizable>
  <name>Feedback</name>
  <powerpagecomponenttype>2</powerpagecomponenttype>
  <powerpagesiteid>
    <powerpagesiteid>0cd59409-6fec-4be9-bd09-8f1d362195e1</powerpagesiteid>
  </powerpagesiteid>
  <searchcontent>FeedbackFeedback</searchcontent>
  <statecode>0</statecode>
  <statuscode>1</statuscode>
</powerpagecomponent>