<powerpagecomponent powerpagecomponentid="e4d617e5-c5e4-4905-9d8d-fbadd5950937">
  <content>{"source":"&lt;div class=\"page-header\"&gt;\r\n    &lt;h1&gt;{% editable page 'adx_title' type: 'html', liquid: true %}&lt;/h1&gt;\r\n&lt;/div&gt;"}</content>
  <iscustomizable>1</iscustomizable>
  <name>Page Header</name>
  <powerpagecomponenttype>8</powerpagecomponenttype>
  <powerpagesiteid>
    <powerpagesiteid>0cd59409-6fec-4be9-bd09-8f1d362195e1</powerpagesiteid>
  </powerpagesiteid>
  <statecode>0</statecode>
  <statuscode>1</statuscode>
</powerpagecomponent>