﻿<?xml version="1.0" encoding="utf-8"?>
<ImportExportXml xmlns:xsi="http://www.w3.org/2001/XMLSchema-instance">
  <Entities />
  <Roles />
  <Workflows>
    <Workflow WorkflowId="{c88347d4-93f9-ed11-8f6d-6045bd0cf003}" Name="Add a new AAD Group and associated team" Description="Create a new Azure AD Group and associated Dataverse team">
      <JsonFileName>/Workflows/AddanewAADGroupandassociatedteam-C88347D4-93F9-ED11-8F6D-6045BD0CF003.json</JsonFileName>
      <Type>1</Type>
      <Subprocess>0</Subprocess>
      <Category>5</Category>
      <Mode>0</Mode>
      <Scope>4</Scope>
      <OnDemand>0</OnDemand>
      <TriggerOnCreate>0</TriggerOnCreate>
      <TriggerOnDelete>0</TriggerOnDelete>
      <AsyncAutodelete>0</AsyncAutodelete>
      <SyncWorkflowLogOnFailure>0</SyncWorkflowLogOnFailure>
      <StateCode>0</StateCode>
      <StatusCode>1</StatusCode>
      <RunAs>1</RunAs>
      <IsTransacted>1</IsTransacted>
      <IntroducedVersion>1.0.0.2</IntroducedVersion>
      <IsCustomizable>1</IsCustomizable>
      <IsCustomProcessingStepAllowedForOtherPublishers>1</IsCustomProcessingStepAllowedForOtherPublishers>
      <PrimaryEntity>none</PrimaryEntity>
      <LocalizedNames>
        <LocalizedName languagecode="1033" description="Add a new AAD Group and associated team" />
      </LocalizedNames>
      <Descriptions>
        <Description languagecode="1033" description="Create a new Azure AD Group and associated Dataverse team" />
      </Descriptions>
    </Workflow>
  </Workflows>
  <FieldSecurityProfiles />
  <Templates />
  <EntityMaps />
  <EntityRelationships />
  <OrganizationSettings />
  <optionsets />
  <CustomControls />
  <EntityDataProviders />
  <CanvasApps>
    <CanvasApp>
      <Name>sbax_securityrolesmanagercanvasapp_ce7bf</Name>
      <AppVersion>2023-07-22T16:23:09Z</AppVersion>
      <Status>Ready</Status>
      <CreatedByClientVersion>3.23072.22.0</CreatedByClientVersion>
      <MinClientVersion>3.23072.22.0</MinClientVersion>
      <Tags>{"primaryDeviceWidth":"375","primaryDeviceHeight":"812","supportsPortrait":"true","supportsLandscape":"true","primaryFormFactor":"Tablet","publisherVersion":"3.23072.22","minimumRequiredApiVersion":"2.2.0","hasComponent":"true","hasUnlockedComponent":"false","isUnifiedRootApp":"false","sienaVersion":"20230722T154732Z-3.23072.22.0"}</Tags>
      <IsCdsUpgraded>0</IsCdsUpgraded>
      <GalleryItemId xsi:nil="true"></GalleryItemId>
      <BackgroundColor>rgba(50, 205, 50, 1)</BackgroundColor>
      <DisplayName>Manage Power Platforms Teams Canvas App</DisplayName>
      <Description>Canvas App to manage Power Platform Teams</Description>
      <CommitMessage></CommitMessage>
      <Publisher></Publisher>
      <AuthorizationReferences>[]</AuthorizationReferences>
      <ConnectionReferences>{"93519bc4-14c3-4f10-8392-22a6f51a065c":{"id":"/providers/microsoft.powerapps/apis/shared_office365users","displayName":"Office 365 Users","iconUri":"https://connectoricons-prod.azureedge.net/releases/v1.0.1644/1.0.1644.3342/office365users/icon.png","dataSources":["Office365Users"],"dependencies":[],"dependents":[],"parameterHints":{},"parameterHintsV2":{},"isOnPremiseConnection":false,"bypassConsent":false,"dataSets":{},"apiTier":"Standard"},"c862b8f5-4efb-468b-be8d-2094d27555a7":{"id":"/providers/microsoft.powerapps/apis/shared_azuread","displayName":"Azure AD","iconUri":"https://connectoricons-prod.azureedge.net/releases/v1.0.1626/1.0.1626.3238/azuread/icon.png","dataSources":["AzureAD"],"dependencies":[],"dependents":[],"parameterHints":{},"parameterHintsV2":{},"isOnPremiseConnection":false,"bypassConsent":false,"dataSets":{},"apiTier":"Standard","actions":["GetGroupMembers","RemoveMemberFromGroup","AddUserToGroup"]},"4e94a0db-dfb5-4e6e-bf33-587080ed8e8c":{"id":"/providers/microsoft.powerapps/apis/shared_powerappsforappmakers","displayName":"Power Apps for Makers","iconUri":"https://connectoricons-prod.azureedge.net/u/shgogna/globalperconnector-train1/1.0.1639.3312/powerappsforappmakers/icon.png","dataSources":["PowerAppsforMakers"],"dependencies":[],"dependents":[],"parameterHints":{},"parameterHintsV2":{},"isOnPremiseConnection":false,"bypassConsent":false,"dataSets":{},"apiTier":"Standard","actions":["Get-AppVersions"]}}</ConnectionReferences>
      <DatabaseReferences>{"default.cds":{"databaseDetails":{"referenceType":"Environmental","environmentName":"default.cds","overrideValues":{"status":"NotSpecified"}},"dataSources":{"Teams":{"entitySetName":"teams","logicalName":"team"},"Security Roles":{"entitySetName":"roles","logicalName":"role"},"Users":{"entitySetName":"systemusers","logicalName":"systemuser"},"Field Security Profiles":{"entitySetName":"fieldsecurityprofiles","logicalName":"fieldsecurityprofile"}}}}</DatabaseReferences>
      <CanConsumeAppPass>1</CanConsumeAppPass>
      <CanvasAppType>0</CanvasAppType>
      <BypassConsent>0</BypassConsent>
      <EmbeddedApp xsi:nil="true"></EmbeddedApp>
      <IntroducedVersion>1.0</IntroducedVersion>
      <CdsDependencies>{"cdsdependencies":[{"componenttype":1,"logicalname":"team"},{"componenttype":1,"logicalname":"role"},{"componenttype":1,"logicalname":"systemuser"},{"componenttype":1,"logicalname":"fieldsecurityprofile"},{"componenttype":300,"logicalname":"sbax_managesecurityrolescomponentlibrary_ce324","componenttypeplatformname":"CanvasApp"}]}</CdsDependencies>
      <IsCustomizable>1</IsCustomizable>
      <BackgroundImageUri>/CanvasApps/sbax_securityrolesmanagercanvasapp_ce7bf_BackgroundImageUri</BackgroundImageUri>
      <DocumentUri>/CanvasApps/sbax_securityrolesmanagercanvasapp_ce7bf_DocumentUri.msapp</DocumentUri>
    </CanvasApp>
    <CanvasApp>
      <Name>sbax_managesecurityrolescomponentlibrary_ce324</Name>
      <AppVersion>2023-07-22T16:23:08Z</AppVersion>
      <Status>Ready</Status>
      <CreatedByClientVersion>3.23072.22.0</CreatedByClientVersion>
      <MinClientVersion>3.23072.22.0</MinClientVersion>
      <Tags>{"primaryDeviceWidth":"2732","primaryDeviceHeight":"2048","supportsPortrait":"true","supportsLandscape":"true","primaryFormFactor":"Phone","publisherVersion":"3.23072.22","minimumRequiredApiVersion":"2.2.0","hasComponent":"true","hasUnlockedComponent":"true","isUnifiedRootApp":"false","sienaVersion":"20230722T150930Z-3.23072.22.0"}</Tags>
      <IsCdsUpgraded>0</IsCdsUpgraded>
      <GalleryItemId xsi:nil="true"></GalleryItemId>
      <BackgroundColor>rgba(50, 205, 50, 1)</BackgroundColor>
      <DisplayName>Manage Security Roles Component Library</DisplayName>
      <Description>Component Library for Manage Security Roles Apps</Description>
      <CommitMessage></CommitMessage>
      <Publisher></Publisher>
      <AuthorizationReferences>[]</AuthorizationReferences>
      <ConnectionReferences>{}</ConnectionReferences>
      <DatabaseReferences>{}</DatabaseReferences>
      <CanConsumeAppPass>1</CanConsumeAppPass>
      <CanvasAppType>1</CanvasAppType>
      <BypassConsent>0</BypassConsent>
      <EmbeddedApp xsi:nil="true"></EmbeddedApp>
      <IntroducedVersion>1.0</IntroducedVersion>
      <CdsDependencies>{"cdsdependencies":[]}</CdsDependencies>
      <IsCustomizable>1</IsCustomizable>
      <BackgroundImageUri>/CanvasApps/sbax_managesecurityrolescomponentlibrary_ce324_BackgroundImageUri</BackgroundImageUri>
      <DocumentUri>/CanvasApps/sbax_managesecurityrolescomponentlibrary_ce324_DocumentUri.msapp</DocumentUri>
    </CanvasApp>
  </CanvasApps>
  <connectionreferences>
    <connectionreference connectionreferencelogicalname="sbax_AADManageSecurityRoles">
      <connectionreferencedisplayname>AAD Manage Security Roles</connectionreferencedisplayname>
      <connectorid>/providers/Microsoft.PowerApps/apis/shared_azuread</connectorid>
      <iscustomizable>1</iscustomizable>
      <statecode>0</statecode>
      <statuscode>1</statuscode>
    </connectionreference>
    <connectionreference connectionreferencelogicalname="sbax_DataverseManageSecurityRoles">
      <connectionreferencedisplayname>Dataverse Manage Security Roles</connectionreferencedisplayname>
      <connectorid>/providers/Microsoft.PowerApps/apis/shared_commondataserviceforapps</connectorid>
      <iscustomizable>1</iscustomizable>
      <statecode>0</statecode>
      <statuscode>1</statuscode>
    </connectionreference>
  </connectionreferences>
  <Languages>
    <Language>1033</Language>
  </Languages>
</ImportExportXml>