{"schemaVersion":"1.0","appDefinitionTemplate":{"id":"/providers/Microsoft.PowerApps/apps/","type":"Microsoft.PowerApps/apps","tags":{"sp-site-id":"https://giftedworld.sharepoint.com/sites/FULokoja_Library","sp-list-id":"ede55908-9233-4be9-b419-76a7421dd29f","https://giftedworld.sharepoint.com/sites/FULokoja_Library":"ede55908-9233-4be9-b419-76a7421dd29f","primaryDeviceWidth":"640","primaryDeviceHeight":"1136","supportsPortrait":"true","supportsLandscape":"true","primaryFormFactor":"Phone","publisherVersion":"3.22094.17","minimumRequiredApiVersion":"2.2.0","hasComponent":"false","hasUnlockedComponent":"false","isUnifiedRootApp":"false","sienaVersion":"20221006T205418Z-3.22094.17.0"},"properties":{"appVersion":"2022-10-06T20:54:18Z","lifeCycleId":"Published","createdByClientVersion":{"major":3,"minor":22094,"build":17,"revision":0,"majorRevision":0,"minorRevision":0},"minClientVersion":{"major":3,"minor":22094,"build":17,"revision":0,"majorRevision":0,"minorRevision":0},"backgroundColor":"white","backgroundImageUri":"/16202720679817920841/Ned4e5586-847b-4112-a212-b5592a3504f1-logoSmallFile","displayName":"FULLibrary2","description":"","commitMessage":"","appUris":{"documentUri":{"value":"/16202720679817920841/N19fddaf2-23a2-4c61-9515-de84673557ac-document.msapp"},"imageUris":[],"additionalUris":[]},"createdTime":"0001-01-01T00:00:00Z","lastModifiedTime":"0001-01-01T00:00:00Z","sharedGroupsCount":0,"sharedUsersCount":0,"connectionReferences":{"312cbbb1-fb83-42d2-8592-9e456bb4b266":{"id":"9b9eefc5-0cf3-4828-8808-a539aa634a37","displayName":"SharePoint","iconUri":"https://connectoricons-prod.azureedge.net/releases/v1.0.1591/1.0.1591.2961/sharepointonline/icon.png","dataSources":["FULokoja Books"],"dependencies":[],"dependents":[],"parameterHints":{},"parameterHintsV2":{},"isOnPremiseConnection":false,"dataSets":{"https://giftedworld.sharepoint.com/sites/FULokoja_Library":{"dataSources":{"FULokoja Books":{"tableName":"ede55908-9233-4be9-b419-76a7421dd29f"}}}},"apiTier":"Standard","isCustomApiConnection":false,"actions":["providers/PowerPlatform.Governance/Operations/Read","providers/PowerPlatform.Governance/Operations/Write","providers/PowerPlatform.Governance/Operations/Delete"]}},"databaseReferences":{},"almMode":"Environment","performanceOptimizationEnabled":true,"canConsumeAppPass":true,"enableModernRuntimeMode":false,"executionRestrictions":{"isTeamsOnly":false,"dataLossPreventionEvaluationResult":{"status":"Compliant","lastEvaluationDate":"2022-10-06T20:54:37.2887115Z","violations":[],"violationsByPolicy":[],"violationErrorMessage":"The app uses the following connectors: shared_sharepointonline."}}},"appType":"ClassicCanvasApp","appComponents":[]}}