<environmentvariabledefinition schemaname="pnp_TeamsID">
  <description default="ID of the Microsoft Team Group">
    <label description="ID of the Microsoft Team Group" languagecode="1033" />
  </description>
  <displayname default="Teams ID">
    <label description="Teams ID" languagecode="1033" />
  </displayname>
  <introducedversion>1.0.0.0</introducedversion>
  <iscustomizable>1</iscustomizable>
  <isrequired>0</isrequired>
  <secretstore>0</secretstore>
  <type>100000000</type>
</environmentvariabledefinition>