<powerpagecomponent powerpagecomponentid="2378d662-3c27-4b19-b6a4-ecbc1c60313f">
  <content>{"description":"Site setting that controls the depth of the webpage hierarchy that’s cloned in a newly-added supported language. Web link sets and content snippets are cloned in the newly-added language when webpages are cloned.","value":"3"}</content>
  <iscustomizable>1</iscustomizable>
  <name>MultiLanguage/MaximumDepthToClone</name>
  <powerpagecomponenttype>9</powerpagecomponenttype>
  <powerpagesiteid>
    <powerpagesiteid>0cd59409-6fec-4be9-bd09-8f1d362195e1</powerpagesiteid>
  </powerpagesiteid>
  <statecode>0</statecode>
  <statuscode>1</statuscode>
</powerpagecomponent>