<powerpagecomponent powerpagecomponentid="5a2d4898-72ec-ef11-be20-6045bdef6d3f">
  <content>{
  "filecontent": null,
  "tabname": "tab_AccessRequest",
  "formname": "Power Pages User Form",
  "entityname": "mass_contactaccess",
  "referenceentityshowreadonlyform": false,
  "referencequerystringisprimarykey": true,
  "populatereferenceentitylookupfield": false,
  "setentityreference": false,
  "geolocation_displaymap": false,
  "geolocation_enabled": false,
  "attachfilerestrictaccept": false,
  "attachfilerequired": false,
  "attachfileallowmultiple": false,
  "attachfile": false,
  "portaluserlookupattributeisactivityparty": false,
  "associatecurrentportaluser": true,
  "redirecturlappendentityidquerystring": false,
  "appendquerystring": false,
  "hideformonsuccess": true,
  "onsuccess": "756150000",
  "validationsummarylinksenabled": true,
  "forceallfieldsrequired": false,
  "recommendedfieldsrequired": false,
  "showunsupportedfields": false,
  "showownerfields": false,
  "tooltipenabled": false,
  "renderwebresourcesinline": false,
  "autogeneratesteps": false,
  "showcaptchaforauthenticatedusers": false,
  "captcharequired": true,
  "recordsourceallowcreateonnull": false,
  "entitypermissionsenabled": true,
  "mode": 100000000,
  "geolocation_maptype": 756150000,
  "targetentityportaluserlookupattribute": "mass_contact",
  "entityFormMetadatas": [
    "d79086ce-72ec-ef11-be20-6045bdef6d3f",
    "d96cb8d7-72ec-ef11-be20-6045bdef6d3f",
    "d06e6ef4-72ec-ef11-be20-6045bdef6d3f",
    "d60a0b87-c8ee-ef11-be20-7c1e5248186a"
  ],
  "lcid": 1033,
  "attachfilemaxsize": null,
  "entitysourcetype": null,
  "recordidquerystringparametername": null,
  "redirecturl": null,
  "redirectwebpage": null,
  "successmessage": "[{\"LCID\":1033,\"Value\":\"\"}]",
  "attachfilelabel": "",
  "attachfilestoragelocation": 756150000,
  "maximumnooffiles": 5,
  "containername": "",
  "storageaccountname": ""
}</content>
  <iscustomizable>1</iscustomizable>
  <name>Contact Access - Add</name>
  <powerpagecomponenttype>15</powerpagecomponenttype>
  <powerpagesiteid>
    <powerpagesiteid>0cd59409-6fec-4be9-bd09-8f1d362195e1</powerpagesiteid>
  </powerpagesiteid>
  <statecode>0</statecode>
  <statuscode>1</statuscode>
</powerpagecomponent>