<environmentvariabledefinition schemaname="archer_ButtonMain">
  <description default="Sample: #0286F2">
    <label description="Sample: #0286F2" languagecode="1033" />
  </description>
  <displayname default="ButtonMain">
    <label description="ButtonMain" languagecode="1033" />
  </displayname>
  <introducedversion>1.0.0.0</introducedversion>
  <iscustomizable>1</iscustomizable>
  <isrequired>0</isrequired>
  <secretstore>0</secretstore>
  <type>100000000</type>
</environmentvariabledefinition>