<ImportExportXml version="9.2.25023.146" SolutionPackageVersion="9.2" languagecode="1033" generatedBy="CrmLive" xmlns:xsi="http://www.w3.org/2001/XMLSchema-instance" OrganizationVersion="9.2.25023.146" OrganizationSchemaType="Standard" CRMServerServiceabilityVersion="9.2.25023.00154">
  <SolutionManifest>
    <UniqueName>MASSTravelCore</UniqueName>
    <LocalizedNames>
      <LocalizedName description="MASS Travel Core" languagecode="1033" />
    </LocalizedNames>
    <Descriptions />
    <Version>1.0.0.6</Version>
    <Managed>1</Managed>
    <Publisher>
      <UniqueName>Mass</UniqueName>
      <LocalizedNames>
        <LocalizedName description="mass" languagecode="1033" />
      </LocalizedNames>
      <Descriptions>
        <Description description="Publisher for Hackathon 2025 MASS Team" languagecode="1033" />
      </Descriptions>
      <EMailAddress xsi:nil="true"></EMailAddress>
      <SupportingWebsiteUrl xsi:nil="true"></SupportingWebsiteUrl>
      <CustomizationPrefix>mass</CustomizationPrefix>
      <CustomizationOptionValuePrefix>29028</CustomizationOptionValuePrefix>
      <Addresses>
        <Address>
          <AddressNumber>1</AddressNumber>
          <AddressTypeCode>1</AddressTypeCode>
          <City xsi:nil="true"></City>
          <County xsi:nil="true"></County>
          <Country xsi:nil="true"></Country>
          <Fax xsi:nil="true"></Fax>
          <FreightTermsCode xsi:nil="true"></FreightTermsCode>
          <ImportSequenceNumber xsi:nil="true"></ImportSequenceNumber>
          <Latitude xsi:nil="true"></Latitude>
          <Line1 xsi:nil="true"></Line1>
          <Line2 xsi:nil="true"></Line2>
          <Line3 xsi:nil="true"></Line3>
          <Longitude xsi:nil="true"></Longitude>
          <Name xsi:nil="true"></Name>
          <PostalCode xsi:nil="true"></PostalCode>
          <PostOfficeBox xsi:nil="true"></PostOfficeBox>
          <PrimaryContactName xsi:nil="true"></PrimaryContactName>
          <ShippingMethodCode>1</ShippingMethodCode>
          <StateOrProvince xsi:nil="true"></StateOrProvince>
          <Telephone1 xsi:nil="true"></Telephone1>
          <Telephone2 xsi:nil="true"></Telephone2>
          <Telephone3 xsi:nil="true"></Telephone3>
          <TimeZoneRuleVersionNumber xsi:nil="true"></TimeZoneRuleVersionNumber>
          <UPSZone xsi:nil="true"></UPSZone>
          <UTCOffset xsi:nil="true"></UTCOffset>
          <UTCConversionTimeZoneCode xsi:nil="true"></UTCConversionTimeZoneCode>
        </Address>
        <Address>
          <AddressNumber>2</AddressNumber>
          <AddressTypeCode>1</AddressTypeCode>
          <City xsi:nil="true"></City>
          <County xsi:nil="true"></County>
          <Country xsi:nil="true"></Country>
          <Fax xsi:nil="true"></Fax>
          <FreightTermsCode xsi:nil="true"></FreightTermsCode>
          <ImportSequenceNumber xsi:nil="true"></ImportSequenceNumber>
          <Latitude xsi:nil="true"></Latitude>
          <Line1 xsi:nil="true"></Line1>
          <Line2 xsi:nil="true"></Line2>
          <Line3 xsi:nil="true"></Line3>
          <Longitude xsi:nil="true"></Longitude>
          <Name xsi:nil="true"></Name>
          <PostalCode xsi:nil="true"></PostalCode>
          <PostOfficeBox xsi:nil="true"></PostOfficeBox>
          <PrimaryContactName xsi:nil="true"></PrimaryContactName>
          <ShippingMethodCode>1</ShippingMethodCode>
          <StateOrProvince xsi:nil="true"></StateOrProvince>
          <Telephone1 xsi:nil="true"></Telephone1>
          <Telephone2 xsi:nil="true"></Telephone2>
          <Telephone3 xsi:nil="true"></Telephone3>
          <TimeZoneRuleVersionNumber xsi:nil="true"></TimeZoneRuleVersionNumber>
          <UPSZone xsi:nil="true"></UPSZone>
          <UTCOffset xsi:nil="true"></UTCOffset>
          <UTCConversionTimeZoneCode xsi:nil="true"></UTCConversionTimeZoneCode>
        </Address>
      </Addresses>
    </Publisher>
    <RootComponents>
      <RootComponent type="1" schemaName="account" behavior="2" />
      <RootComponent type="1" schemaName="contact" behavior="2" />
      <RootComponent type="1" schemaName="mass_cityinformation1" behavior="0" />
      <RootComponent type="1" schemaName="mass_clientfeedback" behavior="0" />
      <RootComponent type="1" schemaName="mass_clientrequest" behavior="0" />
      <RootComponent type="1" schemaName="mass_contactaccess" behavior="0" />
      <RootComponent type="1" schemaName="mass_referral" behavior="0" />
      <RootComponent type="1" schemaName="mspp_webrole" behavior="0" />
      <RootComponent type="1" schemaName="mspp_website" behavior="0" />
      <RootComponent type="9" schemaName="mass_accommodationroompreference" behavior="0" />
      <RootComponent type="9" schemaName="mass_accommodationspecialrequest" behavior="0" />
      <RootComponent type="9" schemaName="mass_agencydestinationspecialchoices" behavior="0" />
      <RootComponent type="9" schemaName="mass_agencyservicetypechoices" behavior="0" />
      <RootComponent type="9" schemaName="mass_budgetrange" behavior="0" />
      <RootComponent type="9" schemaName="mass_departuretime" behavior="0" />
      <RootComponent type="9" schemaName="mass_preferredactivities" behavior="0" />
      <RootComponent type="9" schemaName="mass_preferredcompanyfortransport" behavior="0" />
      <RootComponent type="9" schemaName="mass_preferredhoteltype" behavior="0" />
      <RootComponent type="9" schemaName="mass_preferredmodeoftravel" behavior="0" />
      <RootComponent type="9" schemaName="mass_requeststatuschoices" behavior="0" />
      <RootComponent type="9" schemaName="mass_returntime" behavior="0" />
      <RootComponent type="9" schemaName="mass_seatingpreference" behavior="0" />
      <RootComponent type="9" schemaName="mass_servicequalitychoices" behavior="0" />
      <RootComponent type="9" schemaName="mass_typeofrentalcar" behavior="0" />
      <RootComponent type="9" schemaName="mass_typeoftravelinsurance" behavior="0" />
      <RootComponent type="29" id="{7ae4aadd-81f3-ef11-be20-000d3a565cea}" behavior="0" />
      <RootComponent type="29" id="{b37fec4c-b9ef-ef11-be20-000d3a1620e0}" behavior="0" />
      <RootComponent type="29" id="{c7e87389-82f3-ef11-be20-000d3a565cea}" behavior="0" />
      <RootComponent type="60" id="{fb10f680-65f2-ef11-be20-000d3a1e6640}" behavior="0" />
      <RootComponent type="61" schemaName="mass_contactdetails" behavior="0" />
      <RootComponent type="61" schemaName="mass_feedback" behavior="0" />
      <RootComponent type="61" schemaName="mass_referral" behavior="0" />
      <RootComponent type="61" schemaName="mass_request" behavior="0" />
      <RootComponent type="62" schemaName="mass_MASSAgencyTravelhub" behavior="0" />
      <RootComponent type="80" schemaName="mass_MASSAgencyTravelhub" behavior="0" />
      <RootComponent type="300" schemaName="mass_homepage_4cb64" behavior="0" />
      <RootComponent type="300" schemaName="mass_reportpage_85c47" behavior="0" />
      <RootComponent type="300" schemaName="mass_testingcustompages_7759c" behavior="0" />
    </RootComponents>
    <MissingDependencies>
      <MissingDependency>
        <Required type="1" schemaName="mspp_adplacement" displayName="Ad Placement" solution="PowerPages_Apps (1.0.2407.8)">
          <package appName="Power Pages Core Package" version="1.0.2409.121">PowerPages_Core (1.0.2409.121)</package>
        </Required>
        <Dependent type="1" schemaName="mspp_website" displayName="Website" />
      </MissingDependency>
      <MissingDependency>
        <Required type="1" schemaName="mspp_columnpermissionprofile" displayName="Column Permission Profile" solution="PowerPages_Apps (1.0.2407.8)">
          <package appName="Power Pages Core Package" version="1.0.2409.121">PowerPages_Core (1.0.2409.121)</package>
        </Required>
        <Dependent type="1" schemaName="mspp_website" displayName="Website" />
      </MissingDependency>
      <MissingDependency>
        <Required type="1" schemaName="mspp_contentsnippet" displayName="Content Snippet" solution="PowerPages_Apps (1.0.2407.8)">
          <package appName="Power Pages Core Package" version="1.0.2409.121">PowerPages_Core (1.0.2409.121)</package>
        </Required>
        <Dependent type="1" schemaName="mspp_website" displayName="Website" />
      </MissingDependency>
      <MissingDependency>
        <Required type="1" schemaName="mspp_entityform" displayName="Basic Form" solution="PowerPages_Apps (1.0.2407.8)">
          <package appName="Power Pages Core Package" version="1.0.2409.121">PowerPages_Core (1.0.2409.121)</package>
        </Required>
        <Dependent type="1" schemaName="mspp_website" displayName="Website" />
      </MissingDependency>
      <MissingDependency>
        <Required type="1" schemaName="mspp_entitylist" displayName="List" solution="PowerPages_Apps (1.0.2407.8)">
          <package appName="Power Pages Core Package" version="1.0.2409.121">PowerPages_Core (1.0.2409.121)</package>
        </Required>
        <Dependent type="1" schemaName="mspp_website" displayName="Website" />
      </MissingDependency>
      <MissingDependency>
        <Required type="1" schemaName="mspp_entitypermission" displayName="Table Permission" solution="PowerPages_Apps (1.0.2407.8)">
          <package appName="Power Pages Core Package" version="1.0.2409.121">PowerPages_Core (1.0.2409.121)</package>
        </Required>
        <Dependent type="1" schemaName="mspp_website" displayName="Website" />
      </MissingDependency>
      <MissingDependency>
        <Required type="1" schemaName="mspp_pagetemplate" displayName="Page Template" solution="PowerPages_Apps (1.0.2407.8)">
          <package appName="Power Pages Core Package" version="1.0.2409.121">PowerPages_Core (1.0.2409.121)</package>
        </Required>
        <Dependent type="1" schemaName="mspp_website" displayName="Website" />
      </MissingDependency>
      <MissingDependency>
        <Required type="1" schemaName="mspp_pollplacement" displayName="Poll Placement" solution="PowerPages_Apps (1.0.2407.8)">
          <package appName="Power Pages Core Package" version="1.0.2409.121">PowerPages_Core (1.0.2409.121)</package>
        </Required>
        <Dependent type="1" schemaName="mspp_website" displayName="Website" />
      </MissingDependency>
      <MissingDependency>
        <Required type="1" schemaName="mspp_publishingstate" displayName="Publishing State" solution="PowerPages_Apps (1.0.2407.8)">
          <package appName="Power Pages Core Package" version="1.0.2409.121">PowerPages_Core (1.0.2409.121)</package>
        </Required>
        <Dependent type="1" schemaName="mspp_website" displayName="Website" />
      </MissingDependency>
      <MissingDependency>
        <Required type="1" schemaName="mspp_publishingstatetransitionrule" displayName="Publishing State Transition Rule" solution="PowerPages_Apps (1.0.2407.8)">
          <package appName="Power Pages Core Package" version="1.0.2409.121">PowerPages_Core (1.0.2409.121)</package>
        </Required>
        <Dependent type="1" schemaName="mspp_website" displayName="Website" />
      </MissingDependency>
      <MissingDependency>
        <Required type="1" schemaName="mspp_redirect" displayName="Redirect" solution="PowerPages_Apps (1.0.2407.8)">
          <package appName="Power Pages Core Package" version="1.0.2409.121">PowerPages_Core (1.0.2409.121)</package>
        </Required>
        <Dependent type="1" schemaName="mspp_website" displayName="Website" />
      </MissingDependency>
      <MissingDependency>
        <Required type="1" schemaName="mspp_shortcut" displayName="Shortcut" solution="PowerPages_Apps (1.0.2407.8)">
          <package appName="Power Pages Core Package" version="1.0.2409.121">PowerPages_Core (1.0.2409.121)</package>
        </Required>
        <Dependent type="1" schemaName="mspp_website" displayName="Website" />
      </MissingDependency>
      <MissingDependency>
        <Required type="1" schemaName="mspp_sitemarker" displayName="Site Marker" solution="PowerPages_Apps (1.0.2407.8)">
          <package appName="Power Pages Core Package" version="1.0.2409.121">PowerPages_Core (1.0.2409.121)</package>
        </Required>
        <Dependent type="1" schemaName="mspp_website" displayName="Website" />
      </MissingDependency>
      <MissingDependency>
        <Required type="1" schemaName="mspp_sitesetting" displayName="Site Setting" solution="PowerPages_Apps (1.0.2407.8)">
          <package appName="Power Pages Core Package" version="1.0.2409.121">PowerPages_Core (1.0.2409.121)</package>
        </Required>
        <Dependent type="1" schemaName="mspp_website" displayName="Website" />
      </MissingDependency>
      <MissingDependency>
        <Required type="1" schemaName="mspp_webfile" displayName="Web File" solution="PowerPages_Apps (1.0.2407.8)">
          <package appName="Power Pages Core Package" version="1.0.2409.121">PowerPages_Core (1.0.2409.121)</package>
        </Required>
        <Dependent type="1" schemaName="mspp_website" displayName="Website" />
      </MissingDependency>
      <MissingDependency>
        <Required type="1" schemaName="mspp_webform" displayName="Multistep Form" solution="PowerPages_Apps (1.0.2407.8)">
          <package appName="Power Pages Core Package" version="1.0.2409.121">PowerPages_Core (1.0.2409.121)</package>
        </Required>
        <Dependent type="1" schemaName="mspp_website" displayName="Website" />
      </MissingDependency>
      <MissingDependency>
        <Required type="1" schemaName="mspp_weblinkset" displayName="Web Link Set" solution="PowerPages_Apps (1.0.2407.8)">
          <package appName="Power Pages Core Package" version="1.0.2409.121">PowerPages_Core (1.0.2409.121)</package>
        </Required>
        <Dependent type="1" schemaName="mspp_website" displayName="Website" />
      </MissingDependency>
      <MissingDependency>
        <Required type="1" schemaName="mspp_webpage" displayName="Web Page" solution="PowerPages_Apps (1.0.2407.8)">
          <package appName="Power Pages Core Package" version="1.0.2409.121">PowerPages_Core (1.0.2409.121)</package>
        </Required>
        <Dependent type="1" schemaName="mspp_website" displayName="Website" />
      </MissingDependency>
      <MissingDependency>
        <Required type="1" schemaName="mspp_webpageaccesscontrolrule" displayName="Web Page Access Control Rule" solution="PowerPages_Apps (1.0.2407.8)">
          <package appName="Power Pages Core Package" version="1.0.2409.121">PowerPages_Core (1.0.2409.121)</package>
        </Required>
        <Dependent type="1" schemaName="mspp_website" displayName="Website" />
      </MissingDependency>
      <MissingDependency>
        <Required type="1" schemaName="mspp_webrole" displayName="Web Role" solution="PowerPages_Apps (1.0.2407.8)">
          <package appName="Power Pages Core Package" version="1.0.2409.121">PowerPages_Core (1.0.2409.121)</package>
        </Required>
        <Dependent type="1" schemaName="mspp_webrole" displayName="Web Role" />
      </MissingDependency>
      <MissingDependency>
        <Required type="1" schemaName="mspp_website" displayName="Website" solution="PowerPages_Apps (1.0.2407.8)">
          <package appName="Power Pages Core Package" version="1.0.2409.121">PowerPages_Core (1.0.2409.121)</package>
        </Required>
        <Dependent type="1" schemaName="mspp_website" displayName="Website" />
      </MissingDependency>
      <MissingDependency>
        <Required type="1" schemaName="mspp_websiteaccess" displayName="Website Access" solution="PowerPages_Apps (1.0.2407.8)">
          <package appName="Power Pages Core Package" version="1.0.2409.121">PowerPages_Core (1.0.2409.121)</package>
        </Required>
        <Dependent type="1" schemaName="mspp_website" displayName="Website" />
      </MissingDependency>
      <MissingDependency>
        <Required type="1" schemaName="mspp_websitelanguage" displayName="Website Language" solution="PowerPages_Apps (1.0.2407.8)">
          <package appName="Power Pages Core Package" version="1.0.2409.121">PowerPages_Core (1.0.2409.121)</package>
        </Required>
        <Dependent type="1" schemaName="mspp_website" displayName="Website" />
      </MissingDependency>
      <MissingDependency>
        <Required type="1" schemaName="mspp_webtemplate" displayName="Web Template" solution="PowerPages_Apps (1.0.2407.8)">
          <package appName="Power Pages Core Package" version="1.0.2409.121">PowerPages_Core (1.0.2409.121)</package>
        </Required>
        <Dependent type="1" schemaName="mspp_website" displayName="Website" />
      </MissingDependency>
      <MissingDependency>
        <Required type="10" schemaName="msa_contact_managingpartner" displayName="msa_contact_managingpartner" parentSchemaName="account" parentDisplayName="Account" solution="PowerPages_RuntimeCoreDependencies (1.0.2305.1)">
          <package appName="Power Pages Core Package" version="1.0.2409.121">PowerPages_Core (1.0.2409.121)</package>
        </Required>
        <Dependent type="10" schemaName="msa_contact_managingpartner" displayName="msa_contact_managingpartner" parentSchemaName="account" parentDisplayName="Account" />
      </MissingDependency>
      <MissingDependency>
        <Required type="2" schemaName="msa_managingpartnerid" displayName="Managing Partner" parentSchemaName="contact" parentDisplayName="Contact" solution="PowerPages_RuntimeCoreDependencies (1.0.2305.1)">
          <package appName="Power Pages Core Package" version="1.0.2409.121">PowerPages_Core (1.0.2409.121)</package>
        </Required>
        <Dependent type="2" schemaName="msa_managingpartnerid" displayName="Managing Partner" parentSchemaName="contact" parentDisplayName="Contact" />
      </MissingDependency>
      <MissingDependency>
        <Required type="26" schemaName="All Accounts" displayName="All Accounts" parentSchemaName="account" parentDisplayName="Account" solution="msdynce_AppCommon (9.0.4.0066)" id="{65ffaf9a-e8c5-432d-860b-32f841b00d87}">
          <package appName="msdynce_AppCommon" version="9.0.25023.10001">msdynce_AppCommonAnchor (9.0.25023.10001)</package>
        </Required>
        <Dependent type="60" displayName="Power Pages User Form" parentDisplayName="MASS Contact Access" id="{9a02789c-6fec-ef11-be20-6045bdef6d3f}" />
      </MissingDependency>
      <MissingDependency>
        <Required type="26" schemaName="All Accounts" displayName="All Accounts" parentSchemaName="account" parentDisplayName="Account" solution="msdynce_AppCommon (9.0.4.0066)" id="{65ffaf9a-e8c5-432d-860b-32f841b00d87}">
          <package appName="msdynce_AppCommon" version="9.0.25023.10001">msdynce_AppCommonAnchor (9.0.25023.10001)</package>
        </Required>
        <Dependent type="80" schemaName="mass_MASSAgencyTravelhub" displayName="MASS Agency Travel hub" />
      </MissingDependency>
      <MissingDependency>
        <Required type="60" displayName="account contact card" parentDisplayName="Contact" solution="msdynce_AppCommon (9.0.4.0066)" id="{29de27bc-a257-4f29-99cf-bab4a84e688f}">
          <package appName="msdynce_AppCommon" version="9.0.25023.10001">msdynce_AppCommonAnchor (9.0.25023.10001)</package>
        </Required>
        <Dependent type="60" displayName="MASS Travel Account" parentDisplayName="Account" id="{76940a12-93ec-ef11-be20-6045bdef6d3f}" />
      </MissingDependency>
      <MissingDependency>
        <Required type="61" schemaName="msdyn_/Images/AppModule_Default_Icon.png" displayName="msdyn_/Images/AppModule_Default_Icon.png" solution="AppModuleWebResources (2.5)">
          <package appName="AppModule Web Resources Package" version="2.5">AppModuleWebResources (2.5)</package>
        </Required>
        <Dependent type="80" schemaName="mass_MASSAgencyTravelhub" displayName="MASS Agency Travel hub" />
      </MissingDependency>
      <MissingDependency>
        <Required type="66" schemaName="Microsoft.PowerApps.PowerAppsOneGrid" displayName="Microsoft.PowerApps.PowerAppsOneGrid" solution="BaseCustomControlsCore (9.0.2502.3005)">
          <package appName="Base Custom Controls" version="9.0.2502.3005">BaseCustomControlsCore (9.0.2502.3005)</package>
        </Required>
        <Dependent type="26" schemaName="All Referrals" displayName="All Referrals" parentSchemaName="mass_referral" parentDisplayName="MASS Referral" id="{a4bd156b-97ec-ef11-be20-6045bdef6d3f}" />
      </MissingDependency>
      <MissingDependency>
        <Required type="66" schemaName="Microsoft.PowerApps.PowerAppsOneGrid" displayName="Microsoft.PowerApps.PowerAppsOneGrid" solution="BaseCustomControlsCore (9.0.2502.3005)">
          <package appName="Base Custom Controls" version="9.0.2502.3005">BaseCustomControlsCore (9.0.2502.3005)</package>
        </Required>
        <Dependent type="26" schemaName="All Contact Accesses" displayName="All Contact Accesses" parentSchemaName="mass_contactaccess" parentDisplayName="MASS Contact Access" id="{cd3a38ff-d2ee-ef11-be20-7c1e5248186a}" />
      </MissingDependency>
      <MissingDependency>
        <Required type="bot" displayName="msdyn_appCopilot" solution="msdyn_AppCopilotPVABot (9.1.2024122.241209119)" id.schemaname="msdyn_appCopilot">
          <package appName="PowerAppsAppCopilotPVABotApp Package" version="9.1.2025024.250219137">PowerAppsAppCopilotPVABotApp_Anchor (9.1.2025024.250219137)</package>
        </Required>
        <Dependent type="bot" displayName="msdyn_appCopilot" id.schemaname="msdyn_appCopilot" />
      </MissingDependency>
      <MissingDependency>
        <Required type="bot" displayName="msdyn_appCopilot" solution="msdyn_AppCopilotPVABot (9.1.2024122.241209119)" id.schemaname="msdyn_appCopilot">
          <package appName="PowerAppsAppCopilotPVABotApp Package" version="9.1.2025024.250219137">PowerAppsAppCopilotPVABotApp_Anchor (9.1.2025024.250219137)</package>
        </Required>
        <Dependent type="botcomponent" displayName="msdyn_appCopilot.topic.AssignAgency" id.schemaname="msdyn_appCopilot.topic.AssignAgency" />
      </MissingDependency>
      <MissingDependency>
        <Required type="SettingDefinition" displayName="AppChannel" solution="msdyn_AppFrameworkInfraExtensions (1.0.0.12)" id.uniquename="AppChannel">
          <package appName="PowerAppsAppFramework Package" version="1.0.0.16">PowerAppsAppFramework_Anchor (1.0.0.16)</package>
        </Required>
        <Dependent type="AppSetting" displayName="parentappmoduleid.uniquename=mass_MASSAgencyTravelhub,settingdefinitionid.uniquename=AppChannel" id.parentappmoduleid.uniquename="mass_MASSAgencyTravelhub" id.settingdefinitionid.uniquename="AppChannel" />
      </MissingDependency>
      <MissingDependency>
        <Required type="SettingDefinition" displayName="appcopilotenabled" solution="msdyn_AppCopilotAppInfraSettings (9.1.2024115.241121075)" id.uniquename="appcopilotenabled">
          <package appName="PowerAppsAppCopilotApp Package" version="9.1.2024115.241121075">PowerAppsAppCopilotApp_Anchor (9.1.2024115.241121075)</package>
        </Required>
        <Dependent type="AppSetting" displayName="parentappmoduleid.uniquename=mass_MASSAgencyTravelhub,settingdefinitionid.uniquename=appcopilotenabled" id.parentappmoduleid.uniquename="mass_MASSAgencyTravelhub" id.settingdefinitionid.uniquename="appcopilotenabled" />
      </MissingDependency>
      <MissingDependency>
        <Required type="SettingDefinition" displayName="IsSmartEmailAddressValidationControlEnabled" solution="msdyn_EmailAddressValidation (1.0.0.4)" id.uniquename="IsSmartEmailAddressValidationControlEnabled">
          <package appName="DataValidationApp Package" version="1.0.0.4">DataValidationApp_Anchor (1.0.0.4)</package>
        </Required>
        <Dependent type="AppSetting" displayName="parentappmoduleid.uniquename=mass_MASSAgencyTravelhub,settingdefinitionid.uniquename=IsSmartEmailAddressValidationControlEnabled" id.parentappmoduleid.uniquename="mass_MASSAgencyTravelhub" id.settingdefinitionid.uniquename="IsSmartEmailAddressValidationControlEnabled" />
      </MissingDependency>
    </MissingDependencies>
  </SolutionManifest>
</ImportExportXml>