{
  "Components": [
    {
      "Name": "LogiSam_BarChart",
      "TemplateName": "b34d5797c09e4e86848a0805fd14281a",
      "Description": "",
      "AllowCustomization": true,
      "AllowAccessToGlobals": false
    },
    {
      "Name": "LogiSam_LineChart",
      "TemplateName": "b82df1b3cc4949d9833c00b52b3681c4",
      "Description": "",
      "AllowCustomization": true,
      "AllowAccessToGlobals": false
    },
    {
      "Name": "LogiSam_HorizontalBarChart",
      "TemplateName": "d2ce541943394ce99c05d5e370ed125a",
      "Description": "",
      "AllowCustomization": true,
      "AllowAccessToGlobals": false
    },
    {
      "Name": "LogiSam_LineStepped",
      "TemplateName": "5ac09bb063bc42aba9a20012a9f072c9",
      "Description": "",
      "AllowCustomization": true,
      "AllowAccessToGlobals": false
    },
    {
      "Name": "LogiSam_Doghnut",
      "TemplateName": "62d8bbfb467a4c3f8c6b1abffcd9c91c",
      "Description": "",
      "AllowCustomization": true,
      "AllowAccessToGlobals": false
    },
    {
      "Name": "LogiSam_PolarArea",
      "TemplateName": "64bf8a94f3124f61857db3246773e6b8",
      "Description": "",
      "AllowCustomization": true,
      "AllowAccessToGlobals": false
    },
    {
      "Name": "LogiSam_Pie",
      "TemplateName": "7eaf7b2f7fa8493194cc0c15eac9093b",
      "Description": "",
      "AllowCustomization": true,
      "AllowAccessToGlobals": false
    },
    {
      "Name": "LogiSam_Pie_RandomColors",
      "TemplateName": "07d77282c2ee45c0997d2fe4c078cf1f",
      "Description": "",
      "AllowCustomization": true,
      "AllowAccessToGlobals": false
    },
    {
      "Name": "LogiSam_Radar",
      "TemplateName": "ffd0d19496224f2c88d2771145114660",
      "Description": "",
      "AllowCustomization": true,
      "AllowAccessToGlobals": false
    }
  ]
}