{
  "Author": "",
  "Name": "Charts 4 PowerApps",
  "Id": "49bdc22b-d460-419f-bbb2-412d6243e854",
  "FileID": "49bdc22b-d460-419f-bbb2-412d6243e854",
  "LocalConnectionReferences": "{}",
  "LocalDatabaseReferences": "",
  "LibraryDependencies": "[]",
  "AppPreviewFlagsMap": {
    "delayloadscreens": true,
    "errorhandling": true,
    "enableappembeddingux": false,
    "blockmovingcontrol": true,
    "projectionmapping": true,
    "usedisplaynamemetadata": true,
    "usenonblockingonstartrule": true,
    "longlivingcache": false,
    "useguiddatatypes": true,
    "useexperimentalcdsconnector": true,
    "useenforcesavedatalimits": true,
    "webbarcodescanner": false,
    "reliableconcurrent": true,
    "datatablev2control": true,
    "nativecdsexperimental": true,
    "delaycontrolrendering": true,
    "useexperimentalsqlconnector": true,
    "disablecdsfileandlargeimage": false,
    "formuladataprefetch": true,
    "generatedebugpublishedapp": false,
    "keeprecentscreensloaded": false,
    "aibuilderserviceenrollment": false,
    "dynamicschema": false,
    "enablerowscopeonetonexpand": false,
    "herocontrols": false,
    "classiccontrols": false,
    "fluentv9controls": false,
    "fluentv9controlspreview": false,
    "onegrid": false,
    "enablepcfmoderndatasets": true,
    "optimizedforteamsmeeting": false,
    "behaviorpropertyui": true,
    "autocreateenvironmentvariables": false,
    "externalmessage": false,
    "enableonstartnavigate": false,
    "enableexcelonlinebusinessv2connector": true,
    "enableonstart": true,
    "exportimportcomponents2": true,
    "copyandmerge": false,
    "allowmultiplescreensincanvaspages": false,
    "enablecomponentscopeoldbehavior": false,
    "enablecomponentnamemaps": false,
    "enableideaspanel": true,
    "enablecreateaformula": true,
    "enablesaveloadcleardataonweb": true,
    "rtlsupport": false,
    "improvedtabstopbehavior": false,
    "rtlinstudiopreview": false,
    "cdsdataformatting": false,
    "enablerpawarecomponentdependency": true,
    "enableeditcacherefreshfrequency": false,
    "formularepair": false,
    "expandedsavedatasupport": true,
    "appinsightserrortracing": false,
    "appinstrumentationcorrelationtracing": false,
    "powerfxv1": false,
    "zeroalltabindexes": true,
    "dataverseactionsenabled": true,
    "pdffunction": false,
    "packagemodernruntime": false,
    "enablecopilotcontrol": true,
    "enablecopilotanswercontrol": true,
    "disableruntimepolicies": false,
    "enablelegacybarcodescanner": false,
    "enabledataverseoffline": false,
    "mobilenativerendering": false,
    "smartemaildatacard": false,
    "enableupdateifdelegation": true,
    "dataflowanalysisenabled": true,
    "showclassicthemes": false,
    "userdefinedfunctions": false,
    "userdefinedtypes": false,
    "enableeditinmcs": true,
    "disablebehaviorreturntypecheck": false,
    "commentgeneratedformulasv2": true,
    "enablecanvasappruntimecopilot": true,
    "offlineprofilegenerationemitscolumns": false,
    "proactivecontrolrename": true,
    "preferpayamlv2inux": false,
    "disablefallbacktopayamlv2": false,
    "enablelegacydatatable": false,
    "sharepointselectsenabled": false,
    "disabledeferloadingunusedscreenswithstartscreen": false,
    "disableloadcomponentdefinitionsondemand": false,
    "enableideaspanelbyexample": false,
    "tabledoesntwraprecords": true,
    "consistentreturnschemafortabularfunctions": true,
    "supportcolumnnamesasidentifiers": true,
    "powerfxdecimal": false,
    "reservedkeywords": false,
    "isemptyrequirestableargument": true,
    "primaryoutputpropertycoerciondeprecated": true
  },
  "DocumentLayoutWidth": 1366,
  "DocumentLayoutHeight": 768,
  "DocumentLayoutOrientation": "landscape",
  "DocumentLayoutScaleToFit": true,
  "DocumentLayoutMaintainAspectRatio": true,
  "DocumentLayoutLockOrientation": false,
  "ShowStatusBar": false,
  "AppCopilotSchemaName": "",
  "OriginatingVersion": "1.345",
  "DocumentAppType": "DesktopOrTablet",
  "DocumentType": "App",
  "AppCreationSource": "AppFromScratch",
  "AppDescription": "🚀 Boost Your Power Apps with Stunning Charts! 📊✨\n\nIntroducing Chart4PowerApps – a demo app with ready-to-use chart components for beautiful, data-driven visuals in your Canvas Apps.\n\n✅ Multiple chart types (bar, line, pie & more)\n✅ Fully customizable & easy to integrate\n✅ Live data support for real-time insights\n\nTransform raw data into engaging visuals effortlessly! Want a demo? Drop a comment or message me!\n\nLearn more from https://www.logisam.com",
  "ManualOfflineProfileId": "",
  "DefaultConnectedDataSourceMaxGetRowsCount": 500,
  "ContainsThirdPartyPcfControls": false,
  "ParserErrorCount": 0,
  "BindingErrorCount": 0,
  "ConnectionString": "",
  "EnableInstrumentation": false,
  "ControlCount": {
    "b34d5797c09e4e86848a0805fd14281a": 13,
    "image": 9,
    "b82df1b3cc4949d9833c00b52b3681c4": 13,
    "d2ce541943394ce99c05d5e370ed125a": 7,
    "5ac09bb063bc42aba9a20012a9f072c9": 7,
    "screen": 2,
    "62d8bbfb467a4c3f8c6b1abffcd9c91c": 3,
    "64bf8a94f3124f61857db3246773e6b8": 2,
    "groupContainer": 16,
    "label": 1,
    "button": 1,
    "7eaf7b2f7fa8493194cc0c15eac9093b": 2,
    "07d77282c2ee45c0997d2fe4c078cf1f": 2,
    "ffd0d19496224f2c88d2771145114660": 2
  },
  "DeserializationLoadTime": 1.3742497,
  "AnalysisLoadTime": 0.1384766
}