<environmentvariabledefinition schemaname="iv_azureRegion">
  <defaultvalue>westeurope</defaultvalue>
  <description default="Region in which the Azure resources are deployed">
    <label description="Region in which the Azure resources are deployed" languagecode="1033" />
  </description>
  <displayname default="Env-azureRegion">
    <label description="Env-azureRegion" languagecode="1033" />
  </displayname>
  <introducedversion>1.0.0.0</introducedversion>
  <iscustomizable>1</iscustomizable>
  <isrequired>0</isrequired>
  <secretstore>0</secretstore>
  <type>100000000</type>
</environmentvariabledefinition>