<botcomponent schemaname="crfbf_bcf32e76-2308-4af7-957e-a231cc55e90e.topic.httpsmasstravelgatewaydevpowerappsportalscom_gNUfKs">
  <componenttype>16</componenttype>
  <description>This knowledge source searches information on the web found in https://mass-travel-gateway-dev.powerappsportals.com/ website</description>
  <iscustomizable>0</iscustomizable>
  <name>https://mass-travel-gateway-dev.powerappsportals.com/</name>
  <parentbotid>
    <schemaname>crfbf_bcf32e76-2308-4af7-957e-a231cc55e90e</schemaname>
  </parentbotid>
  <statecode>0</statecode>
  <statuscode>1</statuscode>
</botcomponent>