<botcomponent schemaname="crfbf_bcf32e76-2308-4af7-957e-a231cc55e90e.topic.OnError">
  <componenttype>9</componenttype>
  <description>This system topic triggers when the agent encounters an error. When using the test chat pane, the full error description is displayed.</description>
  <iscustomizable>0</iscustomizable>
  <name>On Error</name>
  <parentbotid>
    <schemaname>crfbf_bcf32e76-2308-4af7-957e-a231cc55e90e</schemaname>
  </parentbotid>
  <statecode>0</statecode>
  <statuscode>1</statuscode>
</botcomponent>