<powerpagecomponent powerpagecomponentid="e67712e6-5f0f-4967-a32d-513eac51f775">
  <content>{"entityname":"adx_webpage","isdefault":false,"rewriteurl":"~/Pages/Search.aspx","usewebsiteheaderandfooter":true,"webtemplateid":"dbb45cbf-47c9-403d-b8a2-724806ceabf9"}</content>
  <iscustomizable>1</iscustomizable>
  <name>Search</name>
  <powerpagecomponenttype>6</powerpagecomponenttype>
  <powerpagesiteid>
    <powerpagesiteid>0cd59409-6fec-4be9-bd09-8f1d362195e1</powerpagesiteid>
  </powerpagesiteid>
  <statecode>0</statecode>
  <statuscode>1</statuscode>
</powerpagecomponent>