<powerpagecomponent powerpagecomponentid="64bed393-941e-4bc9-9750-47df59f550d8">
  <content>{
  "filecontent": null,
  "entityname": "Referral - RU",
  "entitylogicalname": "mass_referral",
  "scope": 756150002,
  "append": true,
  "appendto": true,
  "delete": false,
  "read": true,
  "create": false,
  "write": true,
  "parentrelationship": null,
  "parententitypermission": null,
  "contactrelationship": null,
  "accountrelationship": "mass_referral_account",
  "childTablePermissions": [],
  "adx_entitypermission_webrole": [
    "bebfc636-75ec-ef11-be20-6045bdef6d3f"
  ]
}</content>
  <iscustomizable>1</iscustomizable>
  <name>Referral - RU</name>
  <powerpagecomponenttype>18</powerpagecomponenttype>
  <powerpagesiteid>
    <powerpagesiteid>0cd59409-6fec-4be9-bd09-8f1d362195e1</powerpagesiteid>
  </powerpagesiteid>
  <statecode>0</statecode>
  <statuscode>1</statuscode>
</powerpagecomponent>