<powerpagecomponent powerpagecomponentid="db891222-1c6a-4c44-807e-6388ef6d8fd5">
  <content>{"description":"The amount of time the IP address will have to wait if Authentication/LoginThrottling/MaxInvaildAttemptsFromIPAddress occur within Authentication/LoginThrottling/MaxAttemptsTimeLimitTimeSpan amount of time. Default: 00:10:00 (10 mins)","value":"00:10:00"}</content>
  <iscustomizable>1</iscustomizable>
  <name>Authentication/LoginThrottling/IpAddressTimeoutTimeSpan</name>
  <powerpagecomponenttype>9</powerpagecomponenttype>
  <powerpagesiteid>
    <powerpagesiteid>0cd59409-6fec-4be9-bd09-8f1d362195e1</powerpagesiteid>
  </powerpagesiteid>
  <statecode>0</statecode>
  <statuscode>1</statuscode>
</powerpagecomponent>