<powerpagecomponent powerpagecomponentid="d2e37e62-d85d-8dfd-c10a-7b5c3eaa0a8e">
  <content>{
  "filecontent": null,
  "displayorder": 7,
  "customcss": "",
  "customjavascript": "",
  "pagetemplateid": "24ef4cfc-9aea-4ffb-ae57-e19531d5db47",
  "parentpageid": "c56a2cdf-2101-4a37-9797-240630eeab31",
  "partialurl": "Inquiry",
  "isroot": false,
  "rootwebpageid": "14306f5c-ca65-e7de-02cc-9fb43fd71397",
  "title": "Inquiry",
  "summary": "&lt;p&gt;This is a sample landing page designed to be a starting point for your website&lt;/p&gt;",
  "copy": "&lt;div data-component-theme=\"\" class=\"row sectionBlockLayout text-start\" style='display: flex; flex-wrap: wrap; margin: 0px; min-height: auto; padding: 8px; background-image: url(\"/Screenshot 2025-02-19 092017.png\"); background-position: center center; background-repeat: no-repeat; background-size: cover;'&gt;\n  &lt;div class=\"container\" style=\"padding: 0px; display: flex; flex-wrap: wrap;\"&gt;\n    &lt;div class=\"col-lg-12 columnBlockLayout\" style=\"flex-grow: 1; display: flex; flex-direction: column; min-width: 250px;\"&gt;\n      &lt;h4 style=\"text-align: center; line-height: 40px; background-color: rgba(255, 255, 255, 0.3);\"&gt;📩 Let’s Plan Your Dream Trip!&lt;/h4&gt;\n      &lt;p style=\"text-align: center; font-weight: 500; background-color: rgba(255, 255, 255, 0.38); box-shadow: 0px 0px 0px #000000;\"&gt;🎯 Ready to travel? Fill out the form below, and our team will be in touch to craft your perfect itinerary.&amp;nbsp;&lt;/p&gt;\n      {% entityform name: 'Client Request - Add' %}\n    &lt;/div&gt;\n  &lt;/div&gt;\n&lt;/div&gt;\n",
  "publishingstateid": "98c3c40d-73b6-4b26-9791-e0b89a21706e",
  "enablerating": false,
  "enabletracking": false,
  "excludefromsearch": false,
  "hiddenfromsitemap": true,
  "sharedpageconfiguration": false
}</content>
  <iscustomizable>1</iscustomizable>
  <name>Inquiry</name>
  <powerpagecomponenttype>2</powerpagecomponenttype>
  <powerpagesiteid>
    <powerpagesiteid>0cd59409-6fec-4be9-bd09-8f1d362195e1</powerpagesiteid>
  </powerpagesiteid>
  <powerpagesitelanguageid>
    <powerpagesitelanguageid>86376c44-2f1d-4c1c-ab77-515ae3517a4f</powerpagesitelanguageid>
  </powerpagesitelanguageid>
  <searchcontent>Inquiry&lt;div data-component-theme="" class="row sectionBlockLayout text-start" style='display: flex; flex-wrap: wrap; margin: 0px; min-height: auto; padding: 8px; background-image: url("/Screenshot 2025-02-19 092017.png"); background-position: center center; background-repeat: no-repeat; background-size: cover;'&gt;
  &lt;div class="container" style="padding: 0px; display: flex; flex-wrap: wrap;"&gt;
    &lt;div class="col-lg-12 columnBlockLayout" style="flex-grow: 1; display: flex; flex-direction: column; min-width: 250px;"&gt;
      &lt;h4 style="text-align: center; line-height: 40px; background-color: rgba(255, 255, 255, 0.3);"&gt;📩 Let’s Plan Your Dream Trip!&lt;/h4&gt;
      &lt;p style="text-align: center; font-weight: 500; background-color: rgba(255, 255, 255, 0.38); box-shadow: 0px 0px 0px #000000;"&gt;🎯 Ready to travel? Fill out the form below, and our team will be in touch to craft your perfect itinerary.&amp;nbsp;&lt;/p&gt;
      {% entityform name: 'Client Request - Add' %}
    &lt;/div&gt;
  &lt;/div&gt;
&lt;/div&gt;
Inquiry</searchcontent>
  <statecode>0</statecode>
  <statuscode>1</statuscode>
</powerpagecomponent>