<environmentvariabledefinition schemaname="csa_shared_sharepointonline_7d107e7e625d454bb4fcf242b2c1a0bd">
  <apiid>/providers/microsoft.powerapps/apis/shared_sharepointonline</apiid>
  <displayname default="Incident Images - SharePoint List">
    <label description="Incident Images - SharePoint List" languagecode="1033" />
  </displayname>
  <introducedversion>1.0.0.0</introducedversion>
  <iscustomizable>1</iscustomizable>
  <isrequired>0</isrequired>
  <parameterkey>table</parameterkey>
  <parentdefinitionid>
    <schemaname>csa_shared_sharepointonline_c459cc46bfd247029488ddc02494a7ff</schemaname>
  </parentdefinitionid>
  <secretstore>0</secretstore>
  <type>100000004</type>
</environmentvariabledefinition>