<botcomponent schemaname="faq_0af0e819-8c5a-4a31-b7c9-ac914bfc35d3.topic.OnError">
  <componenttype>9</componenttype>
  <description>This system topic triggers when the bot encounters an error. When using the test chat pane, the full error description is displayed.</description>
  <iscustomizable>0</iscustomizable>
  <name>On Error</name>
  <parentbotid>
    <schemaname>faq_0af0e819-8c5a-4a31-b7c9-ac914bfc35d3</schemaname>
  </parentbotid>
  <statecode>0</statecode>
  <statuscode>1</statuscode>
</botcomponent>