﻿<?xml version="1.0" encoding="utf-8"?>
<ImportExportXml version="9.2.23105.230" SolutionPackageVersion="9.2" languagecode="1033" generatedBy="CrmLive" xmlns:xsi="http://www.w3.org/2001/XMLSchema-instance">
  <SolutionManifest>
    <UniqueName>TRINEE_BATCH_1</UniqueName>
    <LocalizedNames>
      <LocalizedName description="TRINEE_BATCH_1" languagecode="1033" />
    </LocalizedNames>
    <Descriptions />
    <Version>1.0.0.1</Version>
    <Managed>0</Managed>
    <Publisher>
      <UniqueName>WajidAshraf</UniqueName>
      <LocalizedNames>
        <LocalizedName description="WajidAshraf" languagecode="1033" />
      </LocalizedNames>
      <Descriptions>
        <Description description="&#xA;A publisher in the Power Platform is an organization or individual that creates and shares custom solutions like apps and workflows." languagecode="1033" />
      </Descriptions>
      <EMailAddress xsi:nil="true"></EMailAddress>
      <SupportingWebsiteUrl xsi:nil="true"></SupportingWebsiteUrl>
      <CustomizationPrefix>wa</CustomizationPrefix>
      <CustomizationOptionValuePrefix>12762</CustomizationOptionValuePrefix>
      <Addresses>
        <Address>
          <AddressNumber>1</AddressNumber>
          <AddressTypeCode>1</AddressTypeCode>
          <City xsi:nil="true"></City>
          <County xsi:nil="true"></County>
          <Country xsi:nil="true"></Country>
          <Fax xsi:nil="true"></Fax>
          <FreightTermsCode xsi:nil="true"></FreightTermsCode>
          <ImportSequenceNumber xsi:nil="true"></ImportSequenceNumber>
          <Latitude xsi:nil="true"></Latitude>
          <Line1 xsi:nil="true"></Line1>
          <Line2 xsi:nil="true"></Line2>
          <Line3 xsi:nil="true"></Line3>
          <Longitude xsi:nil="true"></Longitude>
          <Name xsi:nil="true"></Name>
          <PostalCode xsi:nil="true"></PostalCode>
          <PostOfficeBox xsi:nil="true"></PostOfficeBox>
          <PrimaryContactName xsi:nil="true"></PrimaryContactName>
          <ShippingMethodCode>1</ShippingMethodCode>
          <StateOrProvince xsi:nil="true"></StateOrProvince>
          <Telephone1 xsi:nil="true"></Telephone1>
          <Telephone2 xsi:nil="true"></Telephone2>
          <Telephone3 xsi:nil="true"></Telephone3>
          <TimeZoneRuleVersionNumber xsi:nil="true"></TimeZoneRuleVersionNumber>
          <UPSZone xsi:nil="true"></UPSZone>
          <UTCOffset xsi:nil="true"></UTCOffset>
          <UTCConversionTimeZoneCode xsi:nil="true"></UTCConversionTimeZoneCode>
        </Address>
        <Address>
          <AddressNumber>2</AddressNumber>
          <AddressTypeCode>1</AddressTypeCode>
          <City xsi:nil="true"></City>
          <County xsi:nil="true"></County>
          <Country xsi:nil="true"></Country>
          <Fax xsi:nil="true"></Fax>
          <FreightTermsCode xsi:nil="true"></FreightTermsCode>
          <ImportSequenceNumber xsi:nil="true"></ImportSequenceNumber>
          <Latitude xsi:nil="true"></Latitude>
          <Line1 xsi:nil="true"></Line1>
          <Line2 xsi:nil="true"></Line2>
          <Line3 xsi:nil="true"></Line3>
          <Longitude xsi:nil="true"></Longitude>
          <Name xsi:nil="true"></Name>
          <PostalCode xsi:nil="true"></PostalCode>
          <PostOfficeBox xsi:nil="true"></PostOfficeBox>
          <PrimaryContactName xsi:nil="true"></PrimaryContactName>
          <ShippingMethodCode>1</ShippingMethodCode>
          <StateOrProvince xsi:nil="true"></StateOrProvince>
          <Telephone1 xsi:nil="true"></Telephone1>
          <Telephone2 xsi:nil="true"></Telephone2>
          <Telephone3 xsi:nil="true"></Telephone3>
          <TimeZoneRuleVersionNumber xsi:nil="true"></TimeZoneRuleVersionNumber>
          <UPSZone xsi:nil="true"></UPSZone>
          <UTCOffset xsi:nil="true"></UTCOffset>
          <UTCConversionTimeZoneCode xsi:nil="true"></UTCConversionTimeZoneCode>
        </Address>
      </Addresses>
    </Publisher>
    <RootComponents>
      <RootComponent type="1" schemaName="account" behavior="0" />
      <RootComponent type="1" schemaName="activitypointer" behavior="2" />
      <RootComponent type="1" schemaName="contact" behavior="0" />
      <RootComponent type="1" schemaName="task" behavior="0" />
      <RootComponent type="1" schemaName="wa_bpf_chellenge" behavior="1" />
      <RootComponent type="1" schemaName="wa_competitor" behavior="0" />
      <RootComponent type="1" schemaName="wa_cruises" behavior="0" />
      <RootComponent type="1" schemaName="wa_invoice" behavior="0" />
      <RootComponent type="1" schemaName="wa_lead" behavior="0" />
      <RootComponent type="1" schemaName="wa_opportunity" behavior="0" />
      <RootComponent type="1" schemaName="wa_passengers" behavior="0" />
      <RootComponent type="1" schemaName="wa_product" behavior="0" />
      <RootComponent type="1" schemaName="wa_stage1" behavior="0" />
      <RootComponent type="1" schemaName="wa_stage2" behavior="0" />
      <RootComponent type="29" id="{32b3695b-6e79-ee11-8179-002248595bba}" behavior="0" />
      <RootComponent type="29" id="{98dd893d-f822-ee11-9cbc-002248595bba}" behavior="0" />
      <RootComponent type="300" schemaName="wa_taskmanagmentapp_7c2bf" behavior="0" />
      <RootComponent type="60" id="{205d5994-8c48-ee11-be6f-002248595bba}" behavior="0" />
      <RootComponent type="60" id="{5982cd3b-a33e-40b3-b9c9-68c002967ea4}" behavior="0" />
      <RootComponent type="60" id="{d91b4ffb-2be7-497b-8e6e-8b8649b0ada8}" behavior="0" />
      <RootComponent type="61" schemaName="wa_bpf" behavior="0" />
      <RootComponent type="61" schemaName="wa_filterStatusChoices" behavior="0" />
      <RootComponent type="61" schemaName="wa_getaccountdetails" behavior="0" />
      <RootComponent type="61" schemaName="wa_leadstatuschoice" behavior="0" />
      <RootComponent type="61" schemaName="wa_optionsetselection" behavior="0" />
      <RootComponent type="61" schemaName="wa_ribbonbutton" behavior="0" />
      <RootComponent type="62" schemaName="wa_customLib" behavior="0" />
      <RootComponent type="62" schemaName="wa_TaskMangementApp" behavior="0" />
      <RootComponent type="62" schemaName="wa_TRAINEE_BATCH_1DEMOMDAPP" behavior="0" />
      <RootComponent type="80" schemaName="wa_TaskMangementApp" behavior="0" />
      <RootComponent type="80" schemaName="wa_TRAINEE_BATCH_1DEMOMDAPP" behavior="0" />
      <RootComponent type="9" schemaName="wa_status" behavior="0" />
    </RootComponents>
    <MissingDependencies>
      <MissingDependency>
        <Required type="1" schemaName="adx_bpf_c2857b638fa7473d8e2f112c232cebd8" displayName="Change Password for Portals Contact" solution="MicrosoftIdentity (9.3.2204.0)">
          <package>CDSBasePortal (9.3.2304.83)</package>
        </Required>
        <Dependent type="1" schemaName="contact" displayName="Contact" />
      </MissingDependency>
      <MissingDependency>
        <Required type="1" schemaName="adx_externalidentity" displayName="External Identity" solution="PowerPages_RuntimeCore (1.0.2308.4)">
          <package>PowerPages_Core (1.0.2310.71)</package>
        </Required>
        <Dependent type="1" schemaName="contact" displayName="Contact" />
      </MissingDependency>
      <MissingDependency>
        <Required type="1" schemaName="adx_externalidentity" displayName="External Identity" solution="PowerPages_RuntimeCore (1.0.2308.4)">
          <package>PowerPages_Core (1.0.2310.71)</package>
        </Required>
        <Dependent type="60" displayName="Portal Contact" parentDisplayName="Contact" id="{3fb651a5-cdbf-46c9-87fb-d2c748662bb8}" />
      </MissingDependency>
      <MissingDependency>
        <Required type="1" schemaName="adx_externalidentity" displayName="External Identity" solution="PowerPages_RuntimeCore (1.0.2308.4)">
          <package>PowerPages_Core (1.0.2310.71)</package>
        </Required>
        <Dependent type="60" displayName="Portal Contact" parentDisplayName="Contact" id="{cf10f7af-1b3c-ee11-bdf4-002248595bba}" />
      </MissingDependency>
      <MissingDependency>
        <Required type="1" schemaName="adx_invitation" displayName="Invitation" solution="PowerPages_RuntimeCore (1.0.2308.4)">
          <package>PowerPages_Core (1.0.2310.71)</package>
        </Required>
        <Dependent type="1" schemaName="account" displayName="Account" />
      </MissingDependency>
      <MissingDependency>
        <Required type="1" schemaName="adx_invitation" displayName="Invitation" solution="PowerPages_RuntimeCore (1.0.2308.4)">
          <package>PowerPages_Core (1.0.2310.71)</package>
        </Required>
        <Dependent type="1" schemaName="contact" displayName="Contact" />
      </MissingDependency>
      <MissingDependency>
        <Required type="1" schemaName="adx_pagealert" displayName="Page Alert" solution="MicrosoftPortalBase (9.3.2301.1)">
          <package>CDSBasePortal (9.3.2304.83)</package>
        </Required>
        <Dependent type="1" schemaName="contact" displayName="Contact" />
      </MissingDependency>
      <MissingDependency>
        <Required type="1" schemaName="adx_pagenotification" displayName="Page Notification" solution="MicrosoftPortalBase (9.3.2301.1)">
          <package>CDSBasePortal (9.3.2304.83)</package>
        </Required>
        <Dependent type="1" schemaName="contact" displayName="Contact" />
      </MissingDependency>
      <MissingDependency>
        <Required type="1" schemaName="adx_pollsubmission" displayName="Poll Submission" solution="MicrosoftPortalBase (9.3.2301.1)">
          <package>CDSBasePortal (9.3.2304.83)</package>
        </Required>
        <Dependent type="1" schemaName="contact" displayName="Contact" />
      </MissingDependency>
      <MissingDependency>
        <Required type="1" schemaName="adx_portallanguage" displayName="Portal Language" solution="MicrosoftPortalBase (9.3.2301.1)">
          <package>CDSBasePortal (9.3.2304.83)</package>
        </Required>
        <Dependent type="10" schemaName="adx_portallanguage_contact" displayName="adx_portallanguage_contact" parentSchemaName="adx_portallanguage" parentDisplayName="Portal Language" />
      </MissingDependency>
      <MissingDependency>
        <Required type="1" schemaName="adx_webfilelog" displayName="Web File Log" solution="MicrosoftPortalBase (9.3.2301.1)">
          <package>CDSBasePortal (9.3.2304.83)</package>
        </Required>
        <Dependent type="1" schemaName="contact" displayName="Contact" />
      </MissingDependency>
      <MissingDependency>
        <Required type="1" schemaName="adx_webformsession" displayName="Multistep Form Session" solution="PowerPages_RuntimeCore (1.0.2308.4)">
          <package>PowerPages_Core (1.0.2310.71)</package>
        </Required>
        <Dependent type="1" schemaName="contact" displayName="Contact" />
      </MissingDependency>
      <MissingDependency>
        <Required type="1" schemaName="adx_webpage" displayName="Web Page" solution="MicrosoftPortalDependencies (9.3.2301.1)">
          <package>CDSBasePortal (9.3.2304.83)</package>
        </Required>
        <Dependent type="1" schemaName="contact" displayName="Contact" />
      </MissingDependency>
      <MissingDependency>
        <Required type="1" schemaName="adx_webpagehistory" displayName="Web Page History" solution="MicrosoftPortalBase (9.3.2301.1)">
          <package>CDSBasePortal (9.3.2304.83)</package>
        </Required>
        <Dependent type="1" schemaName="contact" displayName="Contact" />
      </MissingDependency>
      <MissingDependency>
        <Required type="1" schemaName="adx_webpagelog" displayName="Web Page Log" solution="MicrosoftPortalBase (9.3.2301.1)">
          <package>CDSBasePortal (9.3.2304.83)</package>
        </Required>
        <Dependent type="1" schemaName="contact" displayName="Contact" />
      </MissingDependency>
      <MissingDependency>
        <Required type="1" schemaName="wa_bpf_chellenge" displayName="BPF_Chellenge" solution="Active" />
        <Dependent type="1" schemaName="wa_bpf_chellenge" displayName="BPF_Chellenge" />
      </MissingDependency>
      <MissingDependency>
        <Required type="1" schemaName="wa_inquiringleaddata" displayName="Inquiring Lead Data" solution="Active" />
        <Dependent type="1" schemaName="wa_competitor" displayName="Competitors" />
      </MissingDependency>
      <MissingDependency>
        <Required type="1" schemaName="wa_inquiringleaddata" displayName="Inquiring Lead Data" solution="Active" />
        <Dependent type="1" schemaName="wa_lead" displayName="Lead" />
      </MissingDependency>
      <MissingDependency>
        <Required type="1" schemaName="wa_inquiringleaddata" displayName="Inquiring Lead Data" solution="Active" />
        <Dependent type="1" schemaName="wa_opportunity" displayName="Opportunity" />
      </MissingDependency>
      <MissingDependency>
        <Required type="10" schemaName="adx_contact_externalidentity" displayName="adx_contact_externalidentity" parentSchemaName="contact" parentDisplayName="Contact" solution="PowerPages_RuntimeCore (1.0.2308.4)">
          <package>PowerPages_Core (1.0.2310.71)</package>
        </Required>
        <Dependent type="60" displayName="Portal Contact" parentDisplayName="Contact" id="{3fb651a5-cdbf-46c9-87fb-d2c748662bb8}" />
      </MissingDependency>
      <MissingDependency>
        <Required type="10" schemaName="adx_contact_externalidentity" displayName="adx_contact_externalidentity" parentSchemaName="contact" parentDisplayName="Contact" solution="PowerPages_RuntimeCore (1.0.2308.4)">
          <package>PowerPages_Core (1.0.2310.71)</package>
        </Required>
        <Dependent type="60" displayName="Portal Contact" parentDisplayName="Contact" id="{cf10f7af-1b3c-ee11-bdf4-002248595bba}" />
      </MissingDependency>
      <MissingDependency>
        <Required type="10" schemaName="adx_portallanguage_contact" displayName="adx_portallanguage_contact" parentSchemaName="adx_portallanguage" parentDisplayName="Portal Language" solution="MicrosoftPortalBase (9.3.2301.1)">
          <package>CDSBasePortal (9.3.2304.83)</package>
        </Required>
        <Dependent type="10" schemaName="adx_portallanguage_contact" displayName="adx_portallanguage_contact" parentSchemaName="adx_portallanguage" parentDisplayName="Portal Language" />
      </MissingDependency>
      <MissingDependency>
        <Required type="2" schemaName="adx_identity_accessfailedcount" displayName="Access Failed Count" parentSchemaName="contact" parentDisplayName="Contact" solution="PowerPages_RuntimeCore (1.0.2308.4)">
          <package>PowerPages_Core (1.0.2310.71)</package>
        </Required>
        <Dependent type="60" displayName="Portal Contact" parentDisplayName="Contact" id="{3fb651a5-cdbf-46c9-87fb-d2c748662bb8}" />
      </MissingDependency>
      <MissingDependency>
        <Required type="2" schemaName="adx_identity_accessfailedcount" displayName="Access Failed Count" parentSchemaName="contact" parentDisplayName="Contact" solution="PowerPages_RuntimeCore (1.0.2308.4)">
          <package>PowerPages_Core (1.0.2310.71)</package>
        </Required>
        <Dependent type="60" displayName="Portal Contact" parentDisplayName="Contact" id="{cf10f7af-1b3c-ee11-bdf4-002248595bba}" />
      </MissingDependency>
      <MissingDependency>
        <Required type="2" schemaName="adx_identity_emailaddress1confirmed" displayName="Email Confirmed" parentSchemaName="contact" parentDisplayName="Contact" solution="PowerPages_RuntimeCore (1.0.2308.4)">
          <package>PowerPages_Core (1.0.2310.71)</package>
        </Required>
        <Dependent type="60" displayName="Portal Contact" parentDisplayName="Contact" id="{3fb651a5-cdbf-46c9-87fb-d2c748662bb8}" />
      </MissingDependency>
      <MissingDependency>
        <Required type="2" schemaName="adx_identity_emailaddress1confirmed" displayName="Email Confirmed" parentSchemaName="contact" parentDisplayName="Contact" solution="PowerPages_RuntimeCore (1.0.2308.4)">
          <package>PowerPages_Core (1.0.2310.71)</package>
        </Required>
        <Dependent type="60" displayName="Portal Contact" parentDisplayName="Contact" id="{cf10f7af-1b3c-ee11-bdf4-002248595bba}" />
      </MissingDependency>
      <MissingDependency>
        <Required type="2" schemaName="adx_identity_locallogindisabled" displayName="Local Login Disabled" parentSchemaName="contact" parentDisplayName="Contact" solution="PowerPages_RuntimeCore (1.0.2308.4)">
          <package>PowerPages_Core (1.0.2310.71)</package>
        </Required>
        <Dependent type="60" displayName="Portal Contact" parentDisplayName="Contact" id="{3fb651a5-cdbf-46c9-87fb-d2c748662bb8}" />
      </MissingDependency>
      <MissingDependency>
        <Required type="2" schemaName="adx_identity_locallogindisabled" displayName="Local Login Disabled" parentSchemaName="contact" parentDisplayName="Contact" solution="PowerPages_RuntimeCore (1.0.2308.4)">
          <package>PowerPages_Core (1.0.2310.71)</package>
        </Required>
        <Dependent type="60" displayName="Portal Contact" parentDisplayName="Contact" id="{cf10f7af-1b3c-ee11-bdf4-002248595bba}" />
      </MissingDependency>
      <MissingDependency>
        <Required type="2" schemaName="adx_identity_lockoutenabled" displayName="Lockout Enabled" parentSchemaName="contact" parentDisplayName="Contact" solution="PowerPages_RuntimeCore (1.0.2308.4)">
          <package>PowerPages_Core (1.0.2310.71)</package>
        </Required>
        <Dependent type="60" displayName="Portal Contact" parentDisplayName="Contact" id="{3fb651a5-cdbf-46c9-87fb-d2c748662bb8}" />
      </MissingDependency>
      <MissingDependency>
        <Required type="2" schemaName="adx_identity_lockoutenabled" displayName="Lockout Enabled" parentSchemaName="contact" parentDisplayName="Contact" solution="PowerPages_RuntimeCore (1.0.2308.4)">
          <package>PowerPages_Core (1.0.2310.71)</package>
        </Required>
        <Dependent type="60" displayName="Portal Contact" parentDisplayName="Contact" id="{cf10f7af-1b3c-ee11-bdf4-002248595bba}" />
      </MissingDependency>
      <MissingDependency>
        <Required type="2" schemaName="adx_identity_lockoutenddate" displayName="Lockout End Date" parentSchemaName="contact" parentDisplayName="Contact" solution="PowerPages_RuntimeCore (1.0.2308.4)">
          <package>PowerPages_Core (1.0.2310.71)</package>
        </Required>
        <Dependent type="60" displayName="Portal Contact" parentDisplayName="Contact" id="{3fb651a5-cdbf-46c9-87fb-d2c748662bb8}" />
      </MissingDependency>
      <MissingDependency>
        <Required type="2" schemaName="adx_identity_lockoutenddate" displayName="Lockout End Date" parentSchemaName="contact" parentDisplayName="Contact" solution="PowerPages_RuntimeCore (1.0.2308.4)">
          <package>PowerPages_Core (1.0.2310.71)</package>
        </Required>
        <Dependent type="60" displayName="Portal Contact" parentDisplayName="Contact" id="{cf10f7af-1b3c-ee11-bdf4-002248595bba}" />
      </MissingDependency>
      <MissingDependency>
        <Required type="2" schemaName="adx_identity_logonenabled" displayName="Login Enabled" parentSchemaName="contact" parentDisplayName="Contact" solution="PowerPages_RuntimeCore (1.0.2308.4)">
          <package>PowerPages_Core (1.0.2310.71)</package>
        </Required>
        <Dependent type="60" displayName="Portal Contact" parentDisplayName="Contact" id="{3fb651a5-cdbf-46c9-87fb-d2c748662bb8}" />
      </MissingDependency>
      <MissingDependency>
        <Required type="2" schemaName="adx_identity_logonenabled" displayName="Login Enabled" parentSchemaName="contact" parentDisplayName="Contact" solution="PowerPages_RuntimeCore (1.0.2308.4)">
          <package>PowerPages_Core (1.0.2310.71)</package>
        </Required>
        <Dependent type="60" displayName="Portal Contact" parentDisplayName="Contact" id="{cf10f7af-1b3c-ee11-bdf4-002248595bba}" />
      </MissingDependency>
      <MissingDependency>
        <Required type="2" schemaName="adx_identity_mobilephoneconfirmed" displayName="Mobile Phone Confirmed" parentSchemaName="contact" parentDisplayName="Contact" solution="PowerPages_RuntimeCore (1.0.2308.4)">
          <package>PowerPages_Core (1.0.2310.71)</package>
        </Required>
        <Dependent type="60" displayName="Portal Contact" parentDisplayName="Contact" id="{3fb651a5-cdbf-46c9-87fb-d2c748662bb8}" />
      </MissingDependency>
      <MissingDependency>
        <Required type="2" schemaName="adx_identity_mobilephoneconfirmed" displayName="Mobile Phone Confirmed" parentSchemaName="contact" parentDisplayName="Contact" solution="PowerPages_RuntimeCore (1.0.2308.4)">
          <package>PowerPages_Core (1.0.2310.71)</package>
        </Required>
        <Dependent type="60" displayName="Portal Contact" parentDisplayName="Contact" id="{cf10f7af-1b3c-ee11-bdf4-002248595bba}" />
      </MissingDependency>
      <MissingDependency>
        <Required type="2" schemaName="adx_identity_securitystamp" displayName="Security Stamp" parentSchemaName="contact" parentDisplayName="Contact" solution="PowerPages_RuntimeCore (1.0.2308.4)">
          <package>PowerPages_Core (1.0.2310.71)</package>
        </Required>
        <Dependent type="60" displayName="Portal Contact" parentDisplayName="Contact" id="{3fb651a5-cdbf-46c9-87fb-d2c748662bb8}" />
      </MissingDependency>
      <MissingDependency>
        <Required type="2" schemaName="adx_identity_securitystamp" displayName="Security Stamp" parentSchemaName="contact" parentDisplayName="Contact" solution="PowerPages_RuntimeCore (1.0.2308.4)">
          <package>PowerPages_Core (1.0.2310.71)</package>
        </Required>
        <Dependent type="60" displayName="Portal Contact" parentDisplayName="Contact" id="{cf10f7af-1b3c-ee11-bdf4-002248595bba}" />
      </MissingDependency>
      <MissingDependency>
        <Required type="2" schemaName="adx_identity_twofactorenabled" displayName="Two Factor Enabled" parentSchemaName="contact" parentDisplayName="Contact" solution="PowerPages_RuntimeCore (1.0.2308.4)">
          <package>PowerPages_Core (1.0.2310.71)</package>
        </Required>
        <Dependent type="60" displayName="Portal Contact" parentDisplayName="Contact" id="{3fb651a5-cdbf-46c9-87fb-d2c748662bb8}" />
      </MissingDependency>
      <MissingDependency>
        <Required type="2" schemaName="adx_identity_twofactorenabled" displayName="Two Factor Enabled" parentSchemaName="contact" parentDisplayName="Contact" solution="PowerPages_RuntimeCore (1.0.2308.4)">
          <package>PowerPages_Core (1.0.2310.71)</package>
        </Required>
        <Dependent type="60" displayName="Portal Contact" parentDisplayName="Contact" id="{cf10f7af-1b3c-ee11-bdf4-002248595bba}" />
      </MissingDependency>
      <MissingDependency>
        <Required type="2" schemaName="adx_identity_username" displayName="User Name" parentSchemaName="contact" parentDisplayName="Contact" solution="PowerPages_RuntimeCore (1.0.2308.4)">
          <package>PowerPages_Core (1.0.2310.71)</package>
        </Required>
        <Dependent type="60" displayName="Portal Contact" parentDisplayName="Contact" id="{3fb651a5-cdbf-46c9-87fb-d2c748662bb8}" />
      </MissingDependency>
      <MissingDependency>
        <Required type="2" schemaName="adx_identity_username" displayName="User Name" parentSchemaName="contact" parentDisplayName="Contact" solution="PowerPages_RuntimeCore (1.0.2308.4)">
          <package>PowerPages_Core (1.0.2310.71)</package>
        </Required>
        <Dependent type="60" displayName="Portal Contact" parentDisplayName="Contact" id="{cf10f7af-1b3c-ee11-bdf4-002248595bba}" />
      </MissingDependency>
      <MissingDependency>
        <Required type="2" schemaName="adx_name" displayName="Name" parentSchemaName="adx_portallanguage" parentDisplayName="Portal Language" solution="MicrosoftPortalBase (9.3.2301.1)">
          <package>CDSBasePortal (9.3.2304.83)</package>
        </Required>
        <Dependent type="10" schemaName="adx_portallanguage_contact" displayName="adx_portallanguage_contact" parentSchemaName="adx_portallanguage" parentDisplayName="Portal Language" />
      </MissingDependency>
      <MissingDependency>
        <Required type="2" schemaName="adx_portallanguageid" displayName="Portal Language" parentSchemaName="adx_portallanguage" parentDisplayName="Portal Language" solution="MicrosoftPortalBase (9.3.2301.1)">
          <package>CDSBasePortal (9.3.2304.83)</package>
        </Required>
        <Dependent type="10" schemaName="adx_portallanguage_contact" displayName="adx_portallanguage_contact" parentSchemaName="adx_portallanguage" parentDisplayName="Portal Language" />
      </MissingDependency>
      <MissingDependency>
        <Required type="2" schemaName="adx_preferredlanguageid" displayName="Preferred Language" parentSchemaName="contact" parentDisplayName="Contact" solution="MicrosoftPortalBase (9.3.2301.1)">
          <package>CDSBasePortal (9.3.2304.83)</package>
        </Required>
        <Dependent type="10" schemaName="adx_portallanguage_contact" displayName="adx_portallanguage_contact" parentSchemaName="adx_portallanguage" parentDisplayName="Portal Language" />
      </MissingDependency>
      <MissingDependency>
        <Required type="2" schemaName="adx_timezone" displayName="Time Zone" parentSchemaName="contact" parentDisplayName="Contact" solution="PowerPages_RuntimeCoreDependencies (1.0.2305.1)">
          <package>PowerPages_Core (1.0.2310.71)</package>
        </Required>
        <Dependent type="60" displayName="Portal Contact" parentDisplayName="Contact" id="{3fb651a5-cdbf-46c9-87fb-d2c748662bb8}" />
      </MissingDependency>
      <MissingDependency>
        <Required type="2" schemaName="adx_timezone" displayName="Time Zone" parentSchemaName="contact" parentDisplayName="Contact" solution="PowerPages_RuntimeCoreDependencies (1.0.2305.1)">
          <package>PowerPages_Core (1.0.2310.71)</package>
        </Required>
        <Dependent type="60" displayName="Portal Contact" parentDisplayName="Contact" id="{cf10f7af-1b3c-ee11-bdf4-002248595bba}" />
      </MissingDependency>
      <MissingDependency>
        <Required type="2" schemaName="msa_managingpartnerid" displayName="Managing Partner" parentSchemaName="account" parentDisplayName="Account" solution="PowerPages_RuntimeCoreDependencies (1.0.2305.1)">
          <package>PowerPages_Core (1.0.2310.71)</package>
        </Required>
        <Dependent type="10" schemaName="msa_account_managingpartner" displayName="msa_account_managingpartner" parentSchemaName="account" parentDisplayName="Account" />
      </MissingDependency>
      <MissingDependency>
        <Required type="2" schemaName="msa_managingpartnerid" displayName="Managing Partner" parentSchemaName="contact" parentDisplayName="Contact" solution="PowerPages_RuntimeCoreDependencies (1.0.2305.1)">
          <package>PowerPages_Core (1.0.2310.71)</package>
        </Required>
        <Dependent type="2" schemaName="parentcustomerid" displayName="Company Name" parentSchemaName="contact" parentDisplayName="Contact" />
      </MissingDependency>
      <MissingDependency>
        <Required type="26" schemaName="Active External Identities" displayName="Active External Identities" parentSchemaName="adx_externalidentity" parentDisplayName="External Identity" solution="PowerPages_RuntimeCore (1.0.2308.4)" id="{93fe9ed1-cabf-4755-9f63-4f3f989084e6}">
          <package>PowerPages_Core (1.0.2310.71)</package>
        </Required>
        <Dependent type="60" displayName="Portal Contact" parentDisplayName="Contact" id="{3fb651a5-cdbf-46c9-87fb-d2c748662bb8}" />
      </MissingDependency>
      <MissingDependency>
        <Required type="26" schemaName="Active External Identities" displayName="Active External Identities" parentSchemaName="adx_externalidentity" parentDisplayName="External Identity" solution="PowerPages_RuntimeCore (1.0.2308.4)" id="{93fe9ed1-cabf-4755-9f63-4f3f989084e6}">
          <package>PowerPages_Core (1.0.2310.71)</package>
        </Required>
        <Dependent type="60" displayName="Portal Contact" parentDisplayName="Contact" id="{cf10f7af-1b3c-ee11-bdf4-002248595bba}" />
      </MissingDependency>
      <MissingDependency>
        <Required type="26" schemaName="All Contacts" displayName="All Contacts" parentSchemaName="contact" parentDisplayName="Contact" solution="msdynce_AppCommon (9.0.4.0066)" id="{0d5d377b-5e7c-47b5-bab1-a5cb8b4ac105}">
          <package>msdynce_AppCommonAnchor (9.0.23105.10001)</package>
        </Required>
        <Dependent type="26" schemaName="All Contacts" displayName="All Contacts" parentSchemaName="contact" parentDisplayName="Contact" id="{0d5d377b-5e7c-47b5-bab1-a5cb8b4ac105}" />
      </MissingDependency>
      <MissingDependency>
        <Required type="29" displayName="attachment" solution="Active" id="{b75f3740-3881-ee11-8179-002248595bba}" />
        <Dependent type="300" schemaName="wa_taskmanagmentapp_7c2bf" displayName="Task Managment App" />
      </MissingDependency>
      <MissingDependency>
        <Required type="60" displayName="Contact" parentDisplayName="Contact" solution="msdynce_AppCommon (9.0.4.0066)" id="{1fed44d1-ae68-4a41-bd2b-f13acac4acfa}">
          <package>msdynce_AppCommonAnchor (9.0.23105.10001)</package>
        </Required>
        <Dependent type="60" displayName="Contact" parentDisplayName="Contact" id="{1fed44d1-ae68-4a41-bd2b-f13acac4acfa}" />
      </MissingDependency>
      <MissingDependency>
        <Required type="60" displayName="account contact card" parentDisplayName="Contact" solution="msdynce_AppCommon (9.0.4.0066)" id="{29de27bc-a257-4f29-99cf-bab4a84e688f}">
          <package>msdynce_AppCommonAnchor (9.0.23105.10001)</package>
        </Required>
        <Dependent type="60" displayName="Account" parentDisplayName="Account" id="{8448b78f-8f42-454e-8e2a-f8196b0419af}" />
      </MissingDependency>
      <MissingDependency>
        <Required type="60" displayName="Portal Contact" parentDisplayName="Contact" solution="MicrosoftPortalDependencies (9.3.2301.1)" id="{3fb651a5-cdbf-46c9-87fb-d2c748662bb8}">
          <package>CDSBasePortal (9.3.2304.83)</package>
        </Required>
        <Dependent type="60" displayName="Portal Contact" parentDisplayName="Contact" id="{3fb651a5-cdbf-46c9-87fb-d2c748662bb8}" />
      </MissingDependency>
      <MissingDependency>
        <Required type="60" displayName="contact card" parentDisplayName="Contact" solution="msdynce_AppCommon (9.0.4.0066)" id="{707fc57b-c5e6-471b-a180-e37ed28a38e2}">
          <package>msdynce_AppCommonAnchor (9.0.23105.10001)</package>
        </Required>
        <Dependent type="60" displayName="contact card" parentDisplayName="Contact" id="{707fc57b-c5e6-471b-a180-e37ed28a38e2}" />
      </MissingDependency>
      <MissingDependency>
        <Required type="60" displayName="Account" parentDisplayName="Account" solution="msdynce_AppCommon (9.0.4.0066)" id="{8448b78f-8f42-454e-8e2a-f8196b0419af}">
          <package>msdynce_AppCommonAnchor (9.0.23105.10001)</package>
        </Required>
        <Dependent type="60" displayName="Account" parentDisplayName="Account" id="{8448b78f-8f42-454e-8e2a-f8196b0419af}" />
      </MissingDependency>
      <MissingDependency>
        <Required type="60" displayName="Information" parentDisplayName="Contact" solution="msdynce_AppCommon (9.0.4.0066)" id="{894cc46a-b0cb-4ab0-8bf6-200544e46a2d}">
          <package>msdynce_AppCommonAnchor (9.0.23105.10001)</package>
        </Required>
        <Dependent type="60" displayName="Information" parentDisplayName="Contact" id="{894cc46a-b0cb-4ab0-8bf6-200544e46a2d}" />
      </MissingDependency>
      <MissingDependency>
        <Required type="60" displayName="Account Card form" parentDisplayName="Account" solution="msdynce_AppCommon (9.0.4.0066)" id="{cccff382-2b92-467e-bf1b-3db179512af8}">
          <package>msdynce_AppCommonAnchor (9.0.23105.10001)</package>
        </Required>
        <Dependent type="60" displayName="Account Card form" parentDisplayName="Account" id="{cccff382-2b92-467e-bf1b-3db179512af8}" />
      </MissingDependency>
      <MissingDependency>
        <Required type="61" schemaName="AppCommon/Contact/Contact_main_system_library.js" displayName="AppCommon/Contact/Contact_main_system_library.js" solution="msdynce_AppCommon (9.0.4.0066)">
          <package>msdynce_AppCommonAnchor (9.0.23105.10001)</package>
        </Required>
        <Dependent type="60" displayName="Contact main form" parentDisplayName="Contact" id="{082131cc-1a3c-ee11-bdf4-002248595bba}" />
      </MissingDependency>
      <MissingDependency>
        <Required type="61" schemaName="AppCommon/Contact/Contact_main_system_library.js" displayName="AppCommon/Contact/Contact_main_system_library.js" solution="msdynce_AppCommon (9.0.4.0066)">
          <package>msdynce_AppCommonAnchor (9.0.23105.10001)</package>
        </Required>
        <Dependent type="60" displayName="Contact" parentDisplayName="Contact" id="{1fed44d1-ae68-4a41-bd2b-f13acac4acfa}" />
      </MissingDependency>
      <MissingDependency>
        <Required type="61" schemaName="AppCommon/Contact/Contact_main_system_library.js" displayName="AppCommon/Contact/Contact_main_system_library.js" solution="msdynce_AppCommon (9.0.4.0066)">
          <package>msdynce_AppCommonAnchor (9.0.23105.10001)</package>
        </Required>
        <Dependent type="60" displayName="Portal Contact" parentDisplayName="Contact" id="{3fb651a5-cdbf-46c9-87fb-d2c748662bb8}" />
      </MissingDependency>
      <MissingDependency>
        <Required type="61" schemaName="AppCommon/Contact/Contact_main_system_library.js" displayName="AppCommon/Contact/Contact_main_system_library.js" solution="msdynce_AppCommon (9.0.4.0066)">
          <package>msdynce_AppCommonAnchor (9.0.23105.10001)</package>
        </Required>
        <Dependent type="60" displayName="Contact main form" parentDisplayName="Contact" id="{4382677c-0c14-ee11-9cbe-002248595bba}" />
      </MissingDependency>
      <MissingDependency>
        <Required type="61" schemaName="AppCommon/Contact/Contact_main_system_library.js" displayName="AppCommon/Contact/Contact_main_system_library.js" solution="msdynce_AppCommon (9.0.4.0066)">
          <package>msdynce_AppCommonAnchor (9.0.23105.10001)</package>
        </Required>
        <Dependent type="60" displayName="Information" parentDisplayName="Contact" id="{894cc46a-b0cb-4ab0-8bf6-200544e46a2d}" />
      </MissingDependency>
      <MissingDependency>
        <Required type="61" schemaName="AppCommon/Contact/Contact_main_system_library.js" displayName="AppCommon/Contact/Contact_main_system_library.js" solution="msdynce_AppCommon (9.0.4.0066)">
          <package>msdynce_AppCommonAnchor (9.0.23105.10001)</package>
        </Required>
        <Dependent type="60" displayName="Portal Contact" parentDisplayName="Contact" id="{cf10f7af-1b3c-ee11-bdf4-002248595bba}" />
      </MissingDependency>
      <MissingDependency>
        <Required type="61" schemaName="msdyn_/Images/AppModule_Default_Icon.png" displayName="msdyn_/Images/AppModule_Default_Icon.png" solution="AppModuleWebResources (2.5)" />
        <Dependent type="80" schemaName="wa_TaskMangementApp" displayName="Task Mangement App" />
      </MissingDependency>
      <MissingDependency>
        <Required type="61" schemaName="msdyncrm_/libs/ckeditor/plugins/smiley/images/heart.png" displayName="msdyncrm_/libs/ckeditor/plugins/smiley/images/heart.png" solution="SampleEditorCustomControl (1.70.180.0)" />
        <Dependent type="80" schemaName="wa_TRAINEE_BATCH_1DEMOMDAPP" displayName="TRAINEE_BATCH_1 DEMO MD APP " />
      </MissingDependency>
      <MissingDependency>
        <Required type="66" schemaName="MscrmControls.CardFeedContainer.CardFeedContainer" displayName="MscrmControls.CardFeedContainer.CardFeedContainer" solution="BaseCustomControlsCore (9.0.2310.5023)" />
        <Dependent type="60" displayName="Contact main form" parentDisplayName="Contact" id="{4382677c-0c14-ee11-9cbe-002248595bba}" />
      </MissingDependency>
      <MissingDependency>
        <Required type="66" schemaName="MscrmControls.CardFeedContainer.CardFeedContainer" displayName="MscrmControls.CardFeedContainer.CardFeedContainer" solution="BaseCustomControlsCore (9.0.2310.5023)" />
        <Dependent type="60" displayName="Contact main form" parentDisplayName="Contact" id="{653a10f7-8e12-ee11-8f6d-002248595bba}" />
      </MissingDependency>
      <MissingDependency>
        <Required type="66" schemaName="MscrmControls.CardFeedContainer.CardFeedContainer" displayName="MscrmControls.CardFeedContainer.CardFeedContainer" solution="BaseCustomControlsCore (9.0.2310.5023)" />
        <Dependent type="60" displayName="Account" parentDisplayName="Account" id="{8448b78f-8f42-454e-8e2a-f8196b0419af}" />
      </MissingDependency>
      <MissingDependency>
        <Required type="66" schemaName="MscrmControls.FieldControls.ToggleControl" displayName="MscrmControls.FieldControls.ToggleControl" solution="BaseCustomControlsCore (9.0.2310.5023)" />
        <Dependent type="60" displayName="Information" parentDisplayName="Lead" id="{baceeb72-020f-4289-81c0-118682c9ef95}" />
      </MissingDependency>
      <MissingDependency>
        <Required type="66" schemaName="MscrmControls.Grid.GridControl" displayName="MscrmControls.Grid.GridControl" solution="BaseCustomControlsCore (9.0.2310.5023)" />
        <Dependent type="60" displayName="Information" parentDisplayName="Opportunity" id="{195ad884-dab1-45e3-a924-617ca6857c9d}" />
      </MissingDependency>
      <MissingDependency>
        <Required type="66" schemaName="MscrmControls.NumberInput.NumberInputControl" displayName="MscrmControls.NumberInput.NumberInputControl" solution="BaseCustomControlsCore (9.0.2310.5023)" />
        <Dependent type="60" displayName="Contact" parentDisplayName="Contact" id="{1fed44d1-ae68-4a41-bd2b-f13acac4acfa}" />
      </MissingDependency>
      <MissingDependency>
        <Required type="70" displayName="test" solution="Active" id="{e3f174a4-c839-ee11-bdf4-002248595bba}" />
        <Dependent type="70" displayName="test" id="{e3f174a4-c839-ee11-bdf4-002248595bba}" />
      </MissingDependency>
    </MissingDependencies>
  </SolutionManifest>
</ImportExportXml>