<powerpagecomponent powerpagecomponentid="fd91f0f2-684b-4bce-b575-383f128b2f6a">
  <content>{
  "filecontent": null,
  "entityname": "Account - R",
  "entitylogicalname": "account",
  "scope": 756150000,
  "append": true,
  "appendto": true,
  "delete": false,
  "read": true,
  "create": false,
  "write": false,
  "parentrelationship": null,
  "parententitypermission": null,
  "contactrelationship": null,
  "accountrelationship": null,
  "childTablePermissions": [],
  "adx_entitypermission_webrole": [
    "6b01b1c9-e4d5-4744-876d-3d613972899f",
    "09afbfac-c6ca-4baf-bcc8-7e9affb39134"
  ]
}</content>
  <iscustomizable>1</iscustomizable>
  <name>Account - R</name>
  <powerpagecomponenttype>18</powerpagecomponenttype>
  <powerpagesiteid>
    <powerpagesiteid>0cd59409-6fec-4be9-bd09-8f1d362195e1</powerpagesiteid>
  </powerpagesiteid>
  <statecode>0</statecode>
  <statuscode>1</statuscode>
</powerpagecomponent>