<bot schemaname="crfbf_bcf32e76-2308-4af7-957e-a231cc55e90e">
  <authenticationconfiguration>{"connectionName":"056cbf9a-256c-4ccd-b3ad-a4abb0723951"}</authenticationconfiguration>
  <authenticationmode>4</authenticationmode>
  <authenticationtrigger>0</authenticationtrigger>
  <iscustomizable>0</iscustomizable>
  <language>1033</language>
  <name>MASS Travel Gateway bot</name>
  <runtimeprovider>0</runtimeprovider>
  <synchronizationstatus>{
  "contentVersion": 2,
  "lastFinishedPublishOperation": {
    "$kind": "PublishResultDetails",
    "operationStart": "2025-02-26T02:06:01.4305247Z",
    "operationEnd": "2025-02-26T02:06:43.1909326Z",
    "status": "Succeeded"
  },
  "lastPublishedDetails": {
    "$kind": "SuccessfulPublishResultDetails",
    "authenticationMode": "GenericOAuth2"
  },
  "currentSynchronizationState": {
    "botRegistration": {
      "botRegistrationIdConsumptionTime": "2025-02-19T16:38:39Z",
      "applicationId": "745505e8-3075-49d1-85bb-11bacdc9a990",
      "isAppAvailableInTenant": true
    },
    "provisioningStatus": "Provisioned",
    "state": "Synchronized"
  },
  "lastSynchronizedOnUtc": "2025-02-26T02:06:51.9359921Z"
}</synchronizationstatus>
  <template>powerpages-1.0.0</template>
  <timezoneruleversionnumber>4</timezoneruleversionnumber>
</bot>