﻿<?xml version="1.0" encoding="utf-8"?>
<Entity xmlns:i="http://www.w3.org/2001/XMLSchema-instance" xmlns="http://schemas.microsoft.com/xrm/2011/Contracts">
  <Attributes xmlns:d2p1="http://schemas.datacontract.org/2004/07/System.Collections.Generic">
    <KeyValuePairOfstringanyType>
      <d2p1:key>adx_accountrelationship</d2p1:key>
      <d2p1:value i:nil="true" />
    </KeyValuePairOfstringanyType>
    <KeyValuePairOfstringanyType>
      <d2p1:key>adx_append</d2p1:key>
      <d2p1:value xmlns:d4p1="http://www.w3.org/2001/XMLSchema" i:type="d4p1:boolean">false</d2p1:value>
    </KeyValuePairOfstringanyType>
    <KeyValuePairOfstringanyType>
      <d2p1:key>adx_appendto</d2p1:key>
      <d2p1:value xmlns:d4p1="http://www.w3.org/2001/XMLSchema" i:type="d4p1:boolean">false</d2p1:value>
    </KeyValuePairOfstringanyType>
    <KeyValuePairOfstringanyType>
      <d2p1:key>adx_contactrelationship</d2p1:key>
      <d2p1:value i:nil="true" />
    </KeyValuePairOfstringanyType>
    <KeyValuePairOfstringanyType>
      <d2p1:key>adx_create</d2p1:key>
      <d2p1:value xmlns:d4p1="http://www.w3.org/2001/XMLSchema" i:type="d4p1:boolean">true</d2p1:value>
    </KeyValuePairOfstringanyType>
    <KeyValuePairOfstringanyType>
      <d2p1:key>adx_delete</d2p1:key>
      <d2p1:value xmlns:d4p1="http://www.w3.org/2001/XMLSchema" i:type="d4p1:boolean">false</d2p1:value>
    </KeyValuePairOfstringanyType>
    <KeyValuePairOfstringanyType>
      <d2p1:key>adx_entitylogicalname</d2p1:key>
      <d2p1:value xmlns:d4p1="http://www.w3.org/2001/XMLSchema" i:type="d4p1:string">feedback</d2p1:value>
    </KeyValuePairOfstringanyType>
    <KeyValuePairOfstringanyType>
      <d2p1:key>adx_entityname</d2p1:key>
      <d2p1:value xmlns:d4p1="http://www.w3.org/2001/XMLSchema" i:type="d4p1:string">Feedback</d2p1:value>
    </KeyValuePairOfstringanyType>
    <KeyValuePairOfstringanyType>
      <d2p1:key>adx_entitypermissionid</d2p1:key>
      <d2p1:value xmlns:d4p1="http://schemas.microsoft.com/2003/10/Serialization/" i:type="d4p1:guid">47ba30f9-e055-ee11-be6f-000d3a338c5d</d2p1:value>
    </KeyValuePairOfstringanyType>
    <KeyValuePairOfstringanyType>
      <d2p1:key>adx_parententitypermission</d2p1:key>
      <d2p1:value i:nil="true" />
    </KeyValuePairOfstringanyType>
    <KeyValuePairOfstringanyType>
      <d2p1:key>adx_parentrelationship</d2p1:key>
      <d2p1:value i:nil="true" />
    </KeyValuePairOfstringanyType>
    <KeyValuePairOfstringanyType>
      <d2p1:key>adx_read</d2p1:key>
      <d2p1:value xmlns:d4p1="http://www.w3.org/2001/XMLSchema" i:type="d4p1:boolean">false</d2p1:value>
    </KeyValuePairOfstringanyType>
    <KeyValuePairOfstringanyType>
      <d2p1:key>adx_scope</d2p1:key>
      <d2p1:value i:type="OptionSetValue">
        <Value>756150000</Value>
      </d2p1:value>
    </KeyValuePairOfstringanyType>
    <KeyValuePairOfstringanyType>
      <d2p1:key>adx_websiteid</d2p1:key>
      <d2p1:value i:type="EntityReference">
        <Id>820a9b05-e155-ee11-be6f-000d3a338c5d</Id>
        <KeyAttributes xmlns:d5p1="http://schemas.microsoft.com/xrm/7.1/Contracts" />
        <LogicalName>adx_website</LogicalName>
        <Name>Healthcare Hackathon Portal - crm798846-hackathon</Name>
        <RowVersion i:nil="true" />
      </d2p1:value>
    </KeyValuePairOfstringanyType>
    <KeyValuePairOfstringanyType>
      <d2p1:key>adx_write</d2p1:key>
      <d2p1:value xmlns:d4p1="http://www.w3.org/2001/XMLSchema" i:type="d4p1:boolean">false</d2p1:value>
    </KeyValuePairOfstringanyType>
    <KeyValuePairOfstringanyType>
      <d2p1:key>importsequencenumber</d2p1:key>
      <d2p1:value i:nil="true" />
    </KeyValuePairOfstringanyType>
    <KeyValuePairOfstringanyType>
      <d2p1:key>overriddencreatedon</d2p1:key>
      <d2p1:value i:nil="true" />
    </KeyValuePairOfstringanyType>
    <KeyValuePairOfstringanyType>
      <d2p1:key>statecode</d2p1:key>
      <d2p1:value i:type="OptionSetValue">
        <Value>0</Value>
      </d2p1:value>
    </KeyValuePairOfstringanyType>
    <KeyValuePairOfstringanyType>
      <d2p1:key>statuscode</d2p1:key>
      <d2p1:value i:type="OptionSetValue">
        <Value>1</Value>
      </d2p1:value>
    </KeyValuePairOfstringanyType>
    <KeyValuePairOfstringanyType>
      <d2p1:key>timezoneruleversionnumber</d2p1:key>
      <d2p1:value i:nil="true" />
    </KeyValuePairOfstringanyType>
    <KeyValuePairOfstringanyType>
      <d2p1:key>utcconversiontimezonecode</d2p1:key>
      <d2p1:value i:nil="true" />
    </KeyValuePairOfstringanyType>
  </Attributes>
  <EntityState i:nil="true" />
  <FormattedValues xmlns:d2p1="http://schemas.datacontract.org/2004/07/System.Collections.Generic">
    <KeyValuePairOfstringstring>
      <d2p1:key>adx_appendto</d2p1:key>
      <d2p1:value>No</d2p1:value>
    </KeyValuePairOfstringstring>
    <KeyValuePairOfstringstring>
      <d2p1:key>statecode</d2p1:key>
      <d2p1:value>Active</d2p1:value>
    </KeyValuePairOfstringstring>
    <KeyValuePairOfstringstring>
      <d2p1:key>adx_append</d2p1:key>
      <d2p1:value>No</d2p1:value>
    </KeyValuePairOfstringstring>
    <KeyValuePairOfstringstring>
      <d2p1:key>statuscode</d2p1:key>
      <d2p1:value>Active</d2p1:value>
    </KeyValuePairOfstringstring>
    <KeyValuePairOfstringstring>
      <d2p1:key>adx_delete</d2p1:key>
      <d2p1:value>No</d2p1:value>
    </KeyValuePairOfstringstring>
    <KeyValuePairOfstringstring>
      <d2p1:key>createdon</d2p1:key>
      <d2p1:value>9/18/2023 5:05 AM</d2p1:value>
    </KeyValuePairOfstringstring>
    <KeyValuePairOfstringstring>
      <d2p1:key>modifiedon</d2p1:key>
      <d2p1:value>9/18/2023 5:06 AM</d2p1:value>
    </KeyValuePairOfstringstring>
    <KeyValuePairOfstringstring>
      <d2p1:key>adx_read</d2p1:key>
      <d2p1:value>No</d2p1:value>
    </KeyValuePairOfstringstring>
    <KeyValuePairOfstringstring>
      <d2p1:key>adx_create</d2p1:key>
      <d2p1:value>Yes</d2p1:value>
    </KeyValuePairOfstringstring>
    <KeyValuePairOfstringstring>
      <d2p1:key>modifiedby</d2p1:key>
      <d2p1:value>System Administrator</d2p1:value>
    </KeyValuePairOfstringstring>
    <KeyValuePairOfstringstring>
      <d2p1:key>adx_write</d2p1:key>
      <d2p1:value>No</d2p1:value>
    </KeyValuePairOfstringstring>
    <KeyValuePairOfstringstring>
      <d2p1:key>adx_scope</d2p1:key>
      <d2p1:value>Global</d2p1:value>
    </KeyValuePairOfstringstring>
    <KeyValuePairOfstringstring>
      <d2p1:key>createdby</d2p1:key>
      <d2p1:value>System Administrator</d2p1:value>
    </KeyValuePairOfstringstring>
    <KeyValuePairOfstringstring>
      <d2p1:key>organizationid</d2p1:key>
      <d2p1:value>org4b9694ba</d2p1:value>
    </KeyValuePairOfstringstring>
    <KeyValuePairOfstringstring>
      <d2p1:key>adx_websiteid</d2p1:key>
      <d2p1:value>Healthcare Hackathon Portal - crm798846-hackathon</d2p1:value>
    </KeyValuePairOfstringstring>
  </FormattedValues>
  <Id>47ba30f9-e055-ee11-be6f-000d3a338c5d</Id>
  <KeyAttributes xmlns:d2p1="http://schemas.microsoft.com/xrm/7.1/Contracts" xmlns:d2p2="http://schemas.datacontract.org/2004/07/System.Collections.Generic" />
  <LogicalName>adx_entitypermission</LogicalName>
  <RelatedEntities xmlns:d2p1="http://schemas.datacontract.org/2004/07/System.Collections.Generic" />
  <RowVersion>6904302</RowVersion>
</Entity>