<powerpagecomponent powerpagecomponentid="b8e80e67-d1f4-41d3-a29c-ff47a7873485">
  <content>{"createdOn":"2025-02-19T14:41:39.999Z","parentpageid":"c56a2cdf-2101-4a37-9797-240630eeab31","publishingstateid":"98c3c40d-73b6-4b26-9791-e0b89a21706e","partialurl":"Screenshot 2025-02-19 092017.png","title":"","summary":"","enabletracking":false,"excludefromsearch":false,"hiddenfromsitemap":false}</content>
  <filecontent mimetype="image/png">Screenshot%202025-02-19%20092017.png</filecontent>
  <iscustomizable>1</iscustomizable>
  <name>Screenshot 2025-02-19 092017.png</name>
  <powerpagecomponenttype>3</powerpagecomponenttype>
  <powerpagesiteid>
    <powerpagesiteid>0cd59409-6fec-4be9-bd09-8f1d362195e1</powerpagesiteid>
  </powerpagesiteid>
  <statecode>0</statecode>
  <statuscode>1</statuscode>
</powerpagecomponent>