<powerpagecomponent powerpagecomponentid="487c4dde-e847-5277-9ffd-b4a3cc9c02c3">
  <content>{
  "displayorder": 2,
  "parentweblinkid": "37f507e7-cd6e-a2ca-321f-523c0a1a2701",
  "weblinksetid": "8be3b635-8771-4386-9361-87ff0d106b8a",
  "pageid": "be775322-2512-d761-8710-802728448bcf",
  "publishingstateid": "98c3c40d-73b6-4b26-9791-e0b89a21706e",
  "displaypagevalidation": false,
  "displayimageonly": false,
  "displaypagechildlinks": false,
  "openinnewwindow": false,
  "robotsfollowlink": true
}</content>
  <iscustomizable>1</iscustomizable>
  <name>Feedback</name>
  <powerpagecomponenttype>5</powerpagecomponenttype>
  <powerpagesiteid>
    <powerpagesiteid>0cd59409-6fec-4be9-bd09-8f1d362195e1</powerpagesiteid>
  </powerpagesiteid>
  <statecode>0</statecode>
  <statuscode>1</statuscode>
</powerpagecomponent>