<powerpagecomponent powerpagecomponentid="5c8d8f4b-323e-aa48-f1e7-227faaa91081">
  <content>{
  "filecontent": null,
  "displayorder": 9,
  "customcss": "@import url('https://content.powerapps.com/resource/powerappsportal/fonts/dancing-script/v24/600.css');\n/* Add padding to the Captcha element */\n.captcha-element {\n    padding: 10px;\n  }",
  "customjavascript": "",
  "pagetemplateid": "24ef4cfc-9aea-4ffb-ae57-e19531d5db47",
  "parentpageid": "4e54be81-c750-c65e-a67e-a2b842b97892",
  "partialurl": "Feedback",
  "isroot": false,
  "rootwebpageid": "be775322-2512-d761-8710-802728448bcf",
  "title": "Feedback",
  "summary": "&lt;p&gt;This is a sample landing page designed to be a starting point for your website&lt;/p&gt;",
  "copy": "&lt;div data-component-theme=\"\" class=\"row sectionBlockLayout text-start\" style='display: flex; flex-wrap: wrap; margin: 0px; min-height: auto; padding: 0px; background-image: url(\"/Screenshot 2025-02-19 092426.png\"); background-position: center center; background-repeat: no-repeat; background-size: cover;'&gt;\n  &lt;div class=\"container-fluid\" style=\"padding: 10px; display: flex; flex-wrap: wrap;\"&gt;\n    &lt;div class=\"col-lg-12 columnBlockLayout\" style=\"flex-grow: 1; display: flex; flex-direction: column; min-width: 250px; margin: 0px; padding: 0px;\"&gt;\n      &lt;h4 style=\"text-align: center; background-color: rgba(255, 255, 255, 0.63); line-height: 78px;\"&gt;💬 Share Your Experience with MASS Travel!&lt;/h4&gt;\n      &lt;p style=\"text-align: center; background-color: rgba(255, 255, 255, 0.42); padding: 10px 10px 10px 10px; font-weight: 600; font-family: Dancing Script;\"&gt;⭐ We Value Your Feedback! ⭐&lt;br /&gt;Your experience matters to us! Whether you had an unforgettable journey or have suggestions for improvement, we’d love to hear from you. Your insights help us enhance our services and continue creating exceptional travel experiences.&lt;br /&gt;&lt;br /&gt;✈️ Tell us about your trip, rate our services, and share your thoughts below! &lt;br /&gt;📩 It only takes a few minutes, and your feedback makes a big difference. &lt;br /&gt;🔹 Ready? Let’s get started! &lt;br /&gt;👉 Fill out the form below &amp;amp; help us improve! 📝&lt;/p&gt;\n      {% entityform name: 'Client Feedback - Add' %}\n    &lt;/div&gt;\n  &lt;/div&gt;\n&lt;/div&gt;\n",
  "publishingstateid": "98c3c40d-73b6-4b26-9791-e0b89a21706e",
  "enablerating": false,
  "enabletracking": false,
  "excludefromsearch": false,
  "hiddenfromsitemap": true,
  "sharedpageconfiguration": false
}</content>
  <iscustomizable>1</iscustomizable>
  <name>Feedback</name>
  <powerpagecomponenttype>2</powerpagecomponenttype>
  <powerpagesiteid>
    <powerpagesiteid>0cd59409-6fec-4be9-bd09-8f1d362195e1</powerpagesiteid>
  </powerpagesiteid>
  <powerpagesitelanguageid>
    <powerpagesitelanguageid>86376c44-2f1d-4c1c-ab77-515ae3517a4f</powerpagesitelanguageid>
  </powerpagesitelanguageid>
  <searchcontent>Feedback&lt;div data-component-theme="" class="row sectionBlockLayout text-start" style='display: flex; flex-wrap: wrap; margin: 0px; min-height: auto; padding: 0px; background-image: url("/Screenshot 2025-02-19 092426.png"); background-position: center center; background-repeat: no-repeat; background-size: cover;'&gt;
  &lt;div class="container-fluid" style="padding: 10px; display: flex; flex-wrap: wrap;"&gt;
    &lt;div class="col-lg-12 columnBlockLayout" style="flex-grow: 1; display: flex; flex-direction: column; min-width: 250px; margin: 0px; padding: 0px;"&gt;
      &lt;h4 style="text-align: center; background-color: rgba(255, 255, 255, 0.63); line-height: 78px;"&gt;💬 Share Your Experience with MASS Travel!&lt;/h4&gt;
      &lt;p style="text-align: center; background-color: rgba(255, 255, 255, 0.42); padding: 10px 10px 10px 10px; font-weight: 600; font-family: Dancing Script;"&gt;⭐ We Value Your Feedback! ⭐&lt;br /&gt;Your experience matters to us! Whether you had an unforgettable journey or have suggestions for improvement, we’d love to hear from you. Your insights help us enhance our services and continue creating exceptional travel experiences.&lt;br /&gt;&lt;br /&gt;✈️ Tell us about your trip, rate our services, and share your thoughts below! &lt;br /&gt;📩 It only takes a few minutes, and your feedback makes a big difference. &lt;br /&gt;🔹 Ready? Let’s get started! &lt;br /&gt;👉 Fill out the form below &amp;amp; help us improve! 📝&lt;/p&gt;
      {% entityform name: 'Client Feedback - Add' %}
    &lt;/div&gt;
  &lt;/div&gt;
&lt;/div&gt;
Feedback</searchcontent>
  <statecode>0</statecode>
  <statuscode>1</statuscode>
</powerpagecomponent>