<environmentvariabledefinition schemaname="pnp_OutputArchivefolder">
  <defaultvalue>Archive Emails</defaultvalue>
  <description default="Output one drive folder for storing archival email">
    <label description="Output one drive folder for storing archival email" languagecode="1033" />
  </description>
  <displayname default="Output Archive folder">
    <label description="Output Archive folder" languagecode="1033" />
  </displayname>
  <introducedversion>1.0.0.0</introducedversion>
  <iscustomizable>1</iscustomizable>
  <isrequired>0</isrequired>
  <secretstore>0</secretstore>
  <type>100000000</type>
</environmentvariabledefinition>