<environmentvariabledefinition schemaname="iv_EnvOpenAIDeploymentName">
  <description default="Name of the Azure OpenAI deployment">
    <label description="Name of the Azure OpenAI deployment" languagecode="1033" />
  </description>
  <displayname default="Env-OpenAIDeploymentName">
    <label description="Env-OpenAIDeploymentName" languagecode="1033" />
  </displayname>
  <introducedversion>1.0.0.0</introducedversion>
  <iscustomizable>1</iscustomizable>
  <isrequired>0</isrequired>
  <secretstore>0</secretstore>
  <type>100000000</type>
</environmentvariabledefinition>