<environmentvariabledefinition schemaname="gsllc_Excel_File_Location_Uri_For_List_Rows">
  <description default="Used in the List Rows Action">
    <label description="Used in the List Rows Action" languagecode="1033" />
  </description>
  <displayname default="Excel_File_Location_Uri_For_List_Rows">
    <label description="Excel_File_Location_Uri_For_List_Rows" languagecode="1033" />
  </displayname>
  <introducedversion>1.0.0.4</introducedversion>
  <iscustomizable>1</iscustomizable>
  <isrequired>0</isrequired>
  <secretstore>0</secretstore>
  <type>100000000</type>
</environmentvariabledefinition>