<powerpagecomponent powerpagecomponentid="1165b3aa-1ed9-49ec-8e61-e14a1829ac70">
  <content>{"description":"Enabling this setting will show all customer activity on the portal timeline.","value":"false"}</content>
  <iscustomizable>1</iscustomizable>
  <name>CustomerSupport/DisplayAllUserActivitiesOnTimeline</name>
  <powerpagecomponenttype>9</powerpagecomponenttype>
  <powerpagesiteid>
    <powerpagesiteid>0cd59409-6fec-4be9-bd09-8f1d362195e1</powerpagesiteid>
  </powerpagesiteid>
  <statecode>0</statecode>
  <statuscode>1</statuscode>
</powerpagecomponent>