<powerpagecomponent powerpagecomponentid="447c803e-b3f8-82c1-df4e-30c459723b17">
  <content>{
  "filecontent": null,
  "displayorder": 5,
  "customcss": "",
  "customjavascript": "",
  "pagetemplateid": "24ef4cfc-9aea-4ffb-ae57-e19531d5db47",
  "parentpageid": "c56a2cdf-2101-4a37-9797-240630eeab31",
  "partialurl": "About-Us",
  "isroot": false,
  "rootwebpageid": "4e54be81-c750-c65e-a67e-a2b842b97892",
  "title": "About Us",
  "summary": "&lt;p&gt;This is a sample landing page designed to be a starting point for your website&lt;/p&gt;",
  "copy": "&lt;div data-component-theme=\"portalThemeColor5\" class=\"row sectionBlockLayout text-start\" style=\"display: flex; flex-wrap: wrap; margin: 0px; min-height: auto; padding: 8px;\"&gt;\n  &lt;div class=\"container\" style=\"display: flex; flex-wrap: wrap;\"&gt;\n    &lt;div class=\"col-lg-12 columnBlockLayout\" style=\"flex-grow: 1; display: flex; flex-direction: column; min-width: 250px; padding: 0px; margin: 0px;\"&gt;\n      &lt;h1 style=\"text-align: left;\"&gt;About Us – MASS Travel&lt;/h1&gt;\n      &lt;h4 style=\"text-align: left;\"&gt;Crafting Tailored Journeys for the Modern Explorer&amp;nbsp;&lt;/h4&gt;\n      &lt;h4 style=\"text-align: left;\"&gt;🌍 Who We Are&lt;/h4&gt;\n      &lt;p&gt;At MASS Travel, we believe that no two travelers are the same, and neither should their journeys be. We specialize in custom-designed travel experiences, ensuring that every trip is uniquely tailored to fit your preferences, budget, and style.&lt;br /&gt;&lt;br /&gt;Whether you’re dreaming of a romantic getaway, a thrilling adventure, or a cultural exploration, our expert travel consultants are here to make it happen—seamlessly and stress-free.&lt;/p&gt;\n      &lt;p&gt;​📍 Your Destination, Your Way. We plan it, you enjoy it! &lt;br /&gt;🔹 Let’s start planning – &lt;a draggable=\"true\" href=\"/Inquiry\" class=\"anchor-inherit-styles anchor-hover-color-color4\"&gt;Submit an Inquiry&lt;/a&gt;&lt;/p&gt;\n    &lt;/div&gt;\n  &lt;/div&gt;\n&lt;/div&gt;\n&lt;div data-component-theme=\"portalThemeColor5\" class=\"row sectionBlockLayout text-start\" style=\"display: flex; flex-wrap: wrap; margin: 0px; min-height: auto; padding: 8px;\"&gt;\n  &lt;div class=\"container\" style=\"padding: 0px; display: flex; flex-wrap: wrap;\"&gt;\n    &lt;div class=\"col-lg-12 columnBlockLayout\" style=\"flex-grow: 1; display: flex; flex-direction: column; min-width: 250px; margin: 0px; padding: 0px;\"&gt;\n      &lt;h4 style=\"text-align: left;\"&gt;🌟 Why Choose MASS Travel?&lt;/h4&gt;\n      &lt;p&gt;​✅ Personalized Experiences – Every trip is customized to your specific desires. &lt;br /&gt;✅ Global Partnerships – We collaborate with trusted travel partners worldwide. &lt;br /&gt;✅ Exclusive Access – VIP perks, luxury stays, and unique experiences. &lt;br /&gt;✅ Seamless Travel Planning – We handle everything, so you don’t have to. &lt;br /&gt;✅ 24/7 Support – Our team is always available to assist you. &lt;br /&gt;&lt;br /&gt;📌 Experience the Difference – &lt;a draggable=\"true\" href=\"/Inquiry\" class=\"anchor-inherit-styles anchor-hover-color-color4\"&gt;Start Planning Today&lt;/a&gt;&lt;/p&gt;\n      &lt;h4 style=\"text-align: left;\"&gt;🌎 Our Mission&lt;/h4&gt;\n      &lt;p&gt;At MASS Travel, our mission is simple: &lt;br /&gt;✔ To make travel effortless for our clients by handling all logistics. &lt;br /&gt;✔ To offer personalized journeys that create lasting memories. &lt;br /&gt;✔ To connect travelers with the best experiences worldwide. &lt;br /&gt;🚀 Where will your next adventure take you? &lt;a draggable=\"true\" href=\"/Inquiry\" class=\"anchor-inherit-styles anchor-hover-color-color4\"&gt;Plan Your Trip Now&lt;/a&gt;&lt;/p&gt;\n    &lt;/div&gt;\n  &lt;/div&gt;\n&lt;/div&gt;\n",
  "publishingstateid": "98c3c40d-73b6-4b26-9791-e0b89a21706e",
  "enablerating": false,
  "enabletracking": false,
  "excludefromsearch": false,
  "hiddenfromsitemap": true,
  "sharedpageconfiguration": false
}</content>
  <iscustomizable>1</iscustomizable>
  <name>About Us</name>
  <powerpagecomponenttype>2</powerpagecomponenttype>
  <powerpagesiteid>
    <powerpagesiteid>0cd59409-6fec-4be9-bd09-8f1d362195e1</powerpagesiteid>
  </powerpagesiteid>
  <powerpagesitelanguageid>
    <powerpagesitelanguageid>86376c44-2f1d-4c1c-ab77-515ae3517a4f</powerpagesitelanguageid>
  </powerpagesitelanguageid>
  <searchcontent>About Us&lt;div data-component-theme="portalThemeColor5" class="row sectionBlockLayout text-start" style="display: flex; flex-wrap: wrap; margin: 0px; min-height: auto; padding: 8px;"&gt;
  &lt;div class="container" style="display: flex; flex-wrap: wrap;"&gt;
    &lt;div class="col-lg-12 columnBlockLayout" style="flex-grow: 1; display: flex; flex-direction: column; min-width: 250px; padding: 0px; margin: 0px;"&gt;
      &lt;h1 style="text-align: left;"&gt;About Us – MASS Travel&lt;/h1&gt;
      &lt;h4 style="text-align: left;"&gt;Crafting Tailored Journeys for the Modern Explorer&amp;nbsp;&lt;/h4&gt;
      &lt;h4 style="text-align: left;"&gt;🌍 Who We Are&lt;/h4&gt;
      &lt;p&gt;At MASS Travel, we believe that no two travelers are the same, and neither should their journeys be. We specialize in custom-designed travel experiences, ensuring that every trip is uniquely tailored to fit your preferences, budget, and style.&lt;br /&gt;&lt;br /&gt;Whether you’re dreaming of a romantic getaway, a thrilling adventure, or a cultural exploration, our expert travel consultants are here to make it happen—seamlessly and stress-free.&lt;/p&gt;
      &lt;p&gt;​📍 Your Destination, Your Way. We plan it, you enjoy it! &lt;br /&gt;🔹 Let’s start planning – &lt;a draggable="true" href="/Inquiry" class="anchor-inherit-styles anchor-hover-color-color4"&gt;Submit an Inquiry&lt;/a&gt;&lt;/p&gt;
    &lt;/div&gt;
  &lt;/div&gt;
&lt;/div&gt;
&lt;div data-component-theme="portalThemeColor5" class="row sectionBlockLayout text-start" style="display: flex; flex-wrap: wrap; margin: 0px; min-height: auto; padding: 8px;"&gt;
  &lt;div class="container" style="padding: 0px; display: flex; flex-wrap: wrap;"&gt;
    &lt;div class="col-lg-12 columnBlockLayout" style="flex-grow: 1; display: flex; flex-direction: column; min-width: 250px; margin: 0px; padding: 0px;"&gt;
      &lt;h4 style="text-align: left;"&gt;🌟 Why Choose MASS Travel?&lt;/h4&gt;
      &lt;p&gt;​✅ Personalized Experiences – Every trip is customized to your specific desires. &lt;br /&gt;✅ Global Partnerships – We collaborate with trusted travel partners worldwide. &lt;br /&gt;✅ Exclusive Access – VIP perks, luxury stays, and unique experiences. &lt;br /&gt;✅ Seamless Travel Planning – We handle everything, so you don’t have to. &lt;br /&gt;✅ 24/7 Support – Our team is always available to assist you. &lt;br /&gt;&lt;br /&gt;📌 Experience the Difference – &lt;a draggable="true" href="/Inquiry" class="anchor-inherit-styles anchor-hover-color-color4"&gt;Start Planning Today&lt;/a&gt;&lt;/p&gt;
      &lt;h4 style="text-align: left;"&gt;🌎 Our Mission&lt;/h4&gt;
      &lt;p&gt;At MASS Travel, our mission is simple: &lt;br /&gt;✔ To make travel effortless for our clients by handling all logistics. &lt;br /&gt;✔ To offer personalized journeys that create lasting memories. &lt;br /&gt;✔ To connect travelers with the best experiences worldwide. &lt;br /&gt;🚀 Where will your next adventure take you? &lt;a draggable="true" href="/Inquiry" class="anchor-inherit-styles anchor-hover-color-color4"&gt;Plan Your Trip Now&lt;/a&gt;&lt;/p&gt;
    &lt;/div&gt;
  &lt;/div&gt;
&lt;/div&gt;
About Us</searchcontent>
  <statecode>0</statecode>
  <statuscode>1</statuscode>
</powerpagecomponent>