<environmentvariabledefinition schemaname="archer_TextHeader">
  <description default="Sample: #000000">
    <label description="Sample: #000000" languagecode="1033" />
  </description>
  <displayname default="TextHeader">
    <label description="TextHeader" languagecode="1033" />
  </displayname>
  <introducedversion>1.0.0.0</introducedversion>
  <iscustomizable>1</iscustomizable>
  <isrequired>0</isrequired>
  <secretstore>0</secretstore>
  <type>100000000</type>
</environmentvariabledefinition>