<aiplugin name="msdynaib_TimeManagement">
  <humandescription>Create a time management plan for a workday, given these tasks and priorities  priorities . Take into account the meetings already in place for the day  meetings  and display a breakdown of focus allocations by time. Format response as HTML.



</humandescription>
  <humanname>Time Management</humanname>
  <iscustomizable>1</iscustomizable>
  <modeldescription>Create a time management plan for a workday, given these tasks and priorities  priorities . Take into account the meetings already in place for the day  meetings  and display a breakdown of focus allocations by time. Format response as HTML.



</modeldescription>
  <modelname>Time Management</modelname>
  <plugintype>0</plugintype>
  <schemaversion>0</schemaversion>
  <statecode>0</statecode>
  <statuscode>1</statuscode>
</aiplugin>