{
  "properties": {
    "connectionReferences": {},
    "definition": {
      "$schema": "https://schema.management.azure.com/providers/Microsoft.Logic/schemas/2016-06-01/workflowdefinition.json#",
      "contentVersion": "1.0.0.0",
      "parameters": {
        "$authentication": {
          "defaultValue": {},
          "type": "SecureObject"
        },
        "Env-azureRegion (iv_azureRegion)": {
          "defaultValue": "westeurope",
          "type": "String",
          "metadata": {
            "schemaName": "iv_azureRegion",
            "description": "Region in which the Azure resources are deployed"
          }
        },
        "Env-aiServicesApiKey (iv_aiServicesApiKey)": {
          "defaultValue": "90410bceb0f448f78267349b8726b124",
          "type": "String",
          "metadata": {
            "schemaName": "iv_aiServicesApiKey",
            "description": "API Key to access the Azure endpoint for text-to-speech"
          }
        }
      },
      "triggers": {
        "manual": {
          "metadata": {
            "operationMetadataId": "a6e77f97-b019-4f8e-bfa4-b03f8791ee4f"
          },
          "type": "Request",
          "kind": "PowerAppV2",
          "inputs": {
            "schema": {
              "type": "object",
              "properties": {
                "text": {
                  "title": "Text for Avatar",
                  "type": "string",
                  "x-ms-dynamically-added": true,
                  "description": "Text the avatar needs to say",
                  "x-ms-content-hint": "TEXT"
                },
                "text_1": {
                  "title": "Voice",
                  "type": "string",
                  "x-ms-dynamically-added": true,
                  "description": "Selected voice for the Avatar",
                  "x-ms-content-hint": "TEXT"
                },
                "text_2": {
                  "title": "Tone",
                  "type": "string",
                  "x-ms-dynamically-added": true,
                  "description": "Selected tone for the Avatar",
                  "x-ms-content-hint": "TEXT"
                }
              },
              "required": [
                "text",
                "text_1",
                "text_2"
              ]
            }
          }
        }
      },
      "actions": {
        "Return_avatar_URL": {
          "runAfter": {
            "Get_result": [
              "Succeeded"
            ]
          },
          "metadata": {
            "operationMetadataId": "24595605-68aa-4370-bb84-df8d922b7be1"
          },
          "type": "Response",
          "kind": "PowerApp",
          "inputs": {
            "statusCode": 200,
            "body": {
              "output": "@{body('Get_result_from_API')?['outputs']?['result']}"
            },
            "schema": {
              "type": "object",
              "properties": {
                "output": {
                  "title": "Output",
                  "x-ms-dynamically-added": true,
                  "type": "string"
                }
              }
            }
          }
        },
        "Initialize_variable": {
          "runAfter": {},
          "metadata": {
            "operationMetadataId": "cc76b11d-2bb4-4a21-8cbc-879774ee966f"
          },
          "type": "InitializeVariable",
          "inputs": {
            "variables": [
              {
                "name": "Results",
                "type": "string",
                "value": "0"
              }
            ]
          }
        },
        "Start_Batch_synthesis": {
          "actions": {
            "Start_Synthesis_API": {
              "runAfter": {},
              "metadata": {
                "operationMetadataId": "184a8d53-abc1-48e2-ab12-afa617860a08"
              },
              "type": "Http",
              "inputs": {
                "method": "POST",
                "uri": "https://@{parameters('Env-azureRegion (iv_azureRegion)')}.customvoice.api.speech.microsoft.com/api/texttospeech/3.1-preview1/batchsynthesis/talkingavatar",
                "headers": {
                  "Ocp-Apim-Subscription-Key": "@parameters('Env-aiServicesApiKey (iv_aiServicesApiKey)')",
                  "Content-Type": "application/json"
                },
                "body": {
                  "displayName": "Simple avatar synthesis",
                  "description": "Simple avatar synthesis",
                  "textType": "PlainText",
                  "synthesisConfig": {
                    "voice": "@{triggerBody()['text_1']}",
                    "style": "@{triggerBody()['text_2']}"
                  },
                  "customVoices": {},
                  "inputs": [
                    {
                      "text": "@{triggerBody()['text']}"
                    }
                  ],
                  "properties": {
                    "customized": false,
                    "talkingAvatarCharacter": "lisa",
                    "talkingAvatarStyle": "graceful-sitting",
                    "videoFormat": "webm",
                    "videoCodec": "vp9",
                    "subtitleType": "soft_embedded",
                    "backgroundColor": "transparent"
                  }
                }
              }
            }
          },
          "runAfter": {
            "Initialize_variable": [
              "Succeeded"
            ]
          },
          "metadata": {
            "operationMetadataId": "e8095a7a-32d8-4ba0-bf7e-4bb717a8ac90"
          },
          "type": "Scope"
        },
        "Get_result": {
          "actions": {
            "Poll_endpoint": {
              "actions": {
                "Set_variable": {
                  "runAfter": {
                    "Get_result_from_API": [
                      "Succeeded"
                    ]
                  },
                  "metadata": {
                    "operationMetadataId": "53923c27-07e1-46c9-a5e5-f98c39c298c3"
                  },
                  "type": "SetVariable",
                  "inputs": {
                    "name": "Results",
                    "value": "@{body('Get_result_from_API')?['status']}"
                  }
                },
                "Pause_a_few_seconds": {
                  "runAfter": {},
                  "metadata": {
                    "operationMetadataId": "4e720796-eebf-4fbb-bb05-a61d8fc10de2"
                  },
                  "type": "Wait",
                  "inputs": {
                    "interval": {
                      "count": 3,
                      "unit": "Second"
                    }
                  }
                },
                "Get_result_from_API": {
                  "runAfter": {
                    "Pause_a_few_seconds": [
                      "Succeeded"
                    ]
                  },
                  "metadata": {
                    "operationMetadataId": "20178c49-ebc8-4473-995f-d538c7f7e92f"
                  },
                  "type": "Http",
                  "inputs": {
                    "method": "GET",
                    "uri": "https://@{parameters('Env-azureRegion (iv_azureRegion)')}.customvoice.api.speech.microsoft.com/api/texttospeech/3.1-preview1/batchsynthesis/talkingavatar/@{body('Start_Synthesis_API')?['id']}",
                    "headers": {
                      "Ocp-Apim-Subscription-Key": "@parameters('Env-aiServicesApiKey (iv_aiServicesApiKey)')"
                    }
                  }
                }
              },
              "runAfter": {},
              "expression": "@equals(variables('Results'), 'Succeeded')",
              "limit": {
                "count": 60,
                "timeout": "PT1H"
              },
              "metadata": {
                "operationMetadataId": "325ccdef-ea36-44e1-8458-d2564026bc44"
              },
              "type": "Until",
              "description": "The endpoint starts to process, and the do untill block asks the API every few seconds if the avatar is generated"
            }
          },
          "runAfter": {
            "Start_Batch_synthesis": [
              "Succeeded"
            ]
          },
          "metadata": {
            "operationMetadataId": "75fc0c22-2431-45fe-84b2-b2f2c16b4e65"
          },
          "type": "Scope"
        }
      },
      "outputs": {}
    },
    "templateName": ""
  },
  "schemaVersion": "1.0.0.0"
}