<powerpagecomponent powerpagecomponentid="ba648d66-4f69-42db-9179-232f11d228f5">
  <content>{
  "entityname": "Client Request - R",
  "entitylogicalname": "mass_clientrequest",
  "scope": 756150003,
  "append": true,
  "appendto": true,
  "delete": false,
  "read": true,
  "create": false,
  "write": false,
  "parentrelationship": "mass_referral_clientrequest",
  "parententitypermission": "64bed393-941e-4bc9-9750-47df59f550d8",
  "contactrelationship": null,
  "accountrelationship": null,
  "childTablePermissions": [],
  "adx_entitypermission_webrole": [
    "bebfc636-75ec-ef11-be20-6045bdef6d3f"
  ]
}</content>
  <iscustomizable>1</iscustomizable>
  <name>Client Request - R</name>
  <powerpagecomponenttype>18</powerpagecomponenttype>
  <powerpagesiteid>
    <powerpagesiteid>0cd59409-6fec-4be9-bd09-8f1d362195e1</powerpagesiteid>
  </powerpagesiteid>
  <statecode>0</statecode>
  <statuscode>1</statuscode>
</powerpagecomponent>