<environmentvariabledefinition schemaname="crfc6_RelativeFilePathofImage">
  <defaultvalue>/SiteAssets/giphy.gif</defaultvalue>
  <description default="Realtive file path of the image in SharePoint library. ">
    <label description="Realtive file path of the image in SharePoint library. " languagecode="1033" />
  </description>
  <displayname default="Relative FilePath of Image">
    <label description="Relative FilePath of Image" languagecode="1033" />
  </displayname>
  <introducedversion>1.0.0.0</introducedversion>
  <iscustomizable>1</iscustomizable>
  <isrequired>0</isrequired>
  <secretstore>0</secretstore>
  <type>100000000</type>
</environmentvariabledefinition>