<environmentvariabledefinition schemaname="marv_ListVariables">
  <apiid>/providers/microsoft.powerapps/apis/shared_sharepointonline</apiid>
  <description default="Env Variables for SharePoint List">
    <label description="Env Variables for SharePoint List" languagecode="1033" />
  </description>
  <displayname default="ListVariables">
    <label description="ListVariables" languagecode="1033" />
  </displayname>
  <introducedversion>1.0.0.1</introducedversion>
  <iscustomizable>1</iscustomizable>
  <isrequired>0</isrequired>
  <parameterkey>table</parameterkey>
  <parentdefinitionid>
    <schemaname>marv_EnvVariables</schemaname>
  </parentdefinitionid>
  <secretstore>0</secretstore>
  <type>100000004</type>
</environmentvariabledefinition>