<powerpagecomponent powerpagecomponentid="befc9199-ded4-4f78-8873-9137d1adf90b">
  <content>{
  "filecontent": null,
  "display_name": "Footer",
  "type": 756150001,
  "value": "&lt;p&gt;&lt;span&gt;Copyright © &lt;/span&gt;{{ now | date: 'yyyy' }}&lt;span&gt;. All rights reserved.&lt;/span&gt;&lt;/p&gt;\n"
}</content>
  <iscustomizable>1</iscustomizable>
  <name>Footer</name>
  <powerpagecomponenttype>7</powerpagecomponenttype>
  <powerpagesiteid>
    <powerpagesiteid>0cd59409-6fec-4be9-bd09-8f1d362195e1</powerpagesiteid>
  </powerpagesiteid>
  <powerpagesitelanguageid>
    <powerpagesitelanguageid>86376c44-2f1d-4c1c-ab77-515ae3517a4f</powerpagesitelanguageid>
  </powerpagesitelanguageid>
  <statecode>0</statecode>
  <statuscode>1</statuscode>
</powerpagecomponent>