<environmentvariabledefinition schemaname="archer_IconBackground">
  <description default="Sample: #E7E7E7">
    <label description="Sample: #E7E7E7" languagecode="1033" />
  </description>
  <displayname default="IconBackground">
    <label description="IconBackground" languagecode="1033" />
  </displayname>
  <introducedversion>1.0.0.0</introducedversion>
  <iscustomizable>1</iscustomizable>
  <isrequired>0</isrequired>
  <secretstore>0</secretstore>
  <type>100000000</type>
</environmentvariabledefinition>