<powerpagecomponent powerpagecomponentid="899e5a92-09a1-413b-9cf5-e9432d319889">
  <content>{
  "filecontent": null,
  "entityname": "Client Request - C",
  "entitylogicalname": "mass_clientrequest",
  "scope": 756150000,
  "append": true,
  "appendto": true,
  "delete": false,
  "read": false,
  "create": true,
  "write": false,
  "parentrelationship": null,
  "parententitypermission": null,
  "contactrelationship": null,
  "accountrelationship": null,
  "childTablePermissions": [],
  "adx_entitypermission_webrole": [
    "6b01b1c9-e4d5-4744-876d-3d613972899f"
  ]
}</content>
  <iscustomizable>1</iscustomizable>
  <name>Client Request - C</name>
  <powerpagecomponenttype>18</powerpagecomponenttype>
  <powerpagesiteid>
    <powerpagesiteid>0cd59409-6fec-4be9-bd09-8f1d362195e1</powerpagesiteid>
  </powerpagesiteid>
  <statecode>0</statecode>
  <statuscode>1</statuscode>
</powerpagecomponent>