<powerpagecomponent powerpagecomponentid="af8525d0-8756-e462-60e0-864160e418dc">
  <content>{
  "filecontent": null,
  "webpageid": "b4c9c17f-68a0-4fa7-fd8d-c3ed62f49cb8",
  "right": 2,
  "scope": 1,
  "adx_webpageaccesscontrolrule_webrole": [
    "09afbfac-c6ca-4baf-bcc8-7e9affb39134"
  ]
}</content>
  <iscustomizable>1</iscustomizable>
  <name>Restrict Read on Access Request</name>
  <powerpagecomponenttype>10</powerpagecomponenttype>
  <powerpagesiteid>
    <powerpagesiteid>0cd59409-6fec-4be9-bd09-8f1d362195e1</powerpagesiteid>
  </powerpagesiteid>
  <statecode>0</statecode>
  <statuscode>1</statuscode>
</powerpagecomponent>