<botcomponent_workflowset>
  <botcomponent_workflow botcomponentid.schemaname="cr961_hackathonHealthcareBot.topic.Consultation" workflowid.workflowid="9da85dd8-f65b-ee11-be6f-000d3a338c5d">
    <iscustomizable>1</iscustomizable>
  </botcomponent_workflow>
  <botcomponent_workflow botcomponentid.schemaname="cr961_hackathonHealthcareBot.topic.Diagnosis" workflowid.workflowid="94672084-1659-ee11-be6f-000d3a338c5d">
    <iscustomizable>1</iscustomizable>
  </botcomponent_workflow>
</botcomponent_workflowset>