<environmentvariabledefinition schemaname="marv_EnvVariables">
  <apiid>/providers/microsoft.powerapps/apis/shared_sharepointonline</apiid>
  <description default="Environment Variables for SharePoint Site">
    <label description="Environment Variables for SharePoint Site" languagecode="1033" />
  </description>
  <displayname default="EnvVariables">
    <label description="EnvVariables" languagecode="1033" />
  </displayname>
  <introducedversion>1.0.0.1</introducedversion>
  <iscustomizable>1</iscustomizable>
  <isrequired>0</isrequired>
  <parameterkey>dataset</parameterkey>
  <secretstore>0</secretstore>
  <type>100000004</type>
</environmentvariabledefinition>