<environmentvariabledefinition schemaname="gsllc_Target_SharePoint_Url">
  <description default="The target SharePoint Site that file gets moved too">
    <label description="The target SharePoint Site that file gets moved too" languagecode="1033" />
  </description>
  <displayname default="Target_SharePoint_Url">
    <label description="Target_SharePoint_Url" languagecode="1033" />
  </displayname>
  <introducedversion>1.0.0.4</introducedversion>
  <iscustomizable>1</iscustomizable>
  <isrequired>0</isrequired>
  <secretstore>0</secretstore>
  <type>100000000</type>
</environmentvariabledefinition>