<entities >
  <entity name="kch_termbuddystatistics" displayname="termbuddy-statistics" etc="10433" primaryidfield="kch_termbuddystatisticsid" primarynamefield="kch_primaryid" disableplugins="false">
    <fields>
      <field displayname="action" name="kch_action" type="string" customfield="true" />
      <field displayname="conversation_id" name="kch_conversation_id" type="string" customfield="true" />
      <field displayname="Created By" name="createdby" type="entityreference" lookupType="systemuser" />
      <field displayname="Created By (Delegate)" name="createdonbehalfby" type="entityreference" lookupType="systemuser" />
      <field displayname="Created On" name="createdon" type="datetime" />
      <field displayname="CreatedDateTime" name="kch_createddatetime" type="datetime" customfield="true" />
      <field displayname="Import Sequence Number" name="importsequencenumber" type="number" />
      <field displayname="Modified By" name="modifiedby" type="entityreference" lookupType="systemuser" />
      <field displayname="Modified By (Delegate)" name="modifiedonbehalfby" type="entityreference" lookupType="systemuser" />
      <field displayname="Modified On" name="modifiedon" type="datetime" />
      <field displayname="Owner" name="ownerid" type="owner" />
      <field displayname="Owning Business Unit" name="owningbusinessunit" type="entityreference" lookupType="businessunit" />
      <field displayname="Owning Team" name="owningteam" type="entityreference" lookupType="team" />
      <field displayname="Owning User" name="owninguser" type="entityreference" lookupType="systemuser" />
      <field displayname="primary-id" name="kch_primaryid" type="string" customfield="true" />
      <field displayname="quiz-result" name="kch_quizresult" type="string" customfield="true" />
      <field displayname="Record Created On" name="overriddencreatedon" type="datetime" />
      <field displayname="Status" name="statecode" type="state" />
      <field displayname="Status Reason" name="statuscode" type="status" />
      <field displayname="term" name="kch_term" type="string" customfield="true" />
      <field displayname="termbuddy-statistics" name="kch_termbuddystatisticsid" type="guid" primaryKey="true" />
      <field displayname="Time Zone Rule Version Number" name="timezoneruleversionnumber" type="number" />
      <field displayname="UTC Conversion Time Zone Code" name="utcconversiontimezonecode" type="number" />
      <field displayname="Version Number" name="versionnumber" type="bigint" />
    </fields>
  </entity>
</entities>