<ImportExportXml version="9.2.23083.184" SolutionPackageVersion="9.2" languagecode="1033" generatedBy="CrmLive" xmlns:xsi="http://www.w3.org/2001/XMLSchema-instance">
  <SolutionManifest>
    <UniqueName>Hackathon28092023</UniqueName>
    <LocalizedNames>
      <LocalizedName description="AI Insurance Document Processing Hackathon28092023" languagecode="1033" />
    </LocalizedNames>
    <Descriptions />
    <Version>1.0.0.1</Version>
    <Managed>0</Managed>
    <Publisher>
      <UniqueName>hackathon</UniqueName>
      <LocalizedNames>
        <LocalizedName description="Hackathon" languagecode="1033" />
      </LocalizedNames>
      <Descriptions />
      <EMailAddress xsi:nil="true"></EMailAddress>
      <SupportingWebsiteUrl xsi:nil="true"></SupportingWebsiteUrl>
      <CustomizationPrefix>hac</CustomizationPrefix>
      <CustomizationOptionValuePrefix>80686</CustomizationOptionValuePrefix>
      <Addresses>
        <Address>
          <AddressNumber>1</AddressNumber>
          <AddressTypeCode>1</AddressTypeCode>
          <City xsi:nil="true"></City>
          <County xsi:nil="true"></County>
          <Country xsi:nil="true"></Country>
          <Fax xsi:nil="true"></Fax>
          <FreightTermsCode xsi:nil="true"></FreightTermsCode>
          <ImportSequenceNumber xsi:nil="true"></ImportSequenceNumber>
          <Latitude xsi:nil="true"></Latitude>
          <Line1 xsi:nil="true"></Line1>
          <Line2 xsi:nil="true"></Line2>
          <Line3 xsi:nil="true"></Line3>
          <Longitude xsi:nil="true"></Longitude>
          <Name xsi:nil="true"></Name>
          <PostalCode xsi:nil="true"></PostalCode>
          <PostOfficeBox xsi:nil="true"></PostOfficeBox>
          <PrimaryContactName xsi:nil="true"></PrimaryContactName>
          <ShippingMethodCode>1</ShippingMethodCode>
          <StateOrProvince xsi:nil="true"></StateOrProvince>
          <Telephone1 xsi:nil="true"></Telephone1>
          <Telephone2 xsi:nil="true"></Telephone2>
          <Telephone3 xsi:nil="true"></Telephone3>
          <TimeZoneRuleVersionNumber xsi:nil="true"></TimeZoneRuleVersionNumber>
          <UPSZone xsi:nil="true"></UPSZone>
          <UTCOffset xsi:nil="true"></UTCOffset>
          <UTCConversionTimeZoneCode xsi:nil="true"></UTCConversionTimeZoneCode>
        </Address>
        <Address>
          <AddressNumber>2</AddressNumber>
          <AddressTypeCode>1</AddressTypeCode>
          <City xsi:nil="true"></City>
          <County xsi:nil="true"></County>
          <Country xsi:nil="true"></Country>
          <Fax xsi:nil="true"></Fax>
          <FreightTermsCode xsi:nil="true"></FreightTermsCode>
          <ImportSequenceNumber xsi:nil="true"></ImportSequenceNumber>
          <Latitude xsi:nil="true"></Latitude>
          <Line1 xsi:nil="true"></Line1>
          <Line2 xsi:nil="true"></Line2>
          <Line3 xsi:nil="true"></Line3>
          <Longitude xsi:nil="true"></Longitude>
          <Name xsi:nil="true"></Name>
          <PostalCode xsi:nil="true"></PostalCode>
          <PostOfficeBox xsi:nil="true"></PostOfficeBox>
          <PrimaryContactName xsi:nil="true"></PrimaryContactName>
          <ShippingMethodCode>1</ShippingMethodCode>
          <StateOrProvince xsi:nil="true"></StateOrProvince>
          <Telephone1 xsi:nil="true"></Telephone1>
          <Telephone2 xsi:nil="true"></Telephone2>
          <Telephone3 xsi:nil="true"></Telephone3>
          <TimeZoneRuleVersionNumber xsi:nil="true"></TimeZoneRuleVersionNumber>
          <UPSZone xsi:nil="true"></UPSZone>
          <UTCOffset xsi:nil="true"></UTCOffset>
          <UTCConversionTimeZoneCode xsi:nil="true"></UTCConversionTimeZoneCode>
        </Address>
      </Addresses>
    </Publisher>
    <RootComponents>
      <RootComponent type="1" schemaName="hac_plan" behavior="0" />
      <RootComponent type="1" schemaName="opportunity" behavior="1" />
      <RootComponent type="29" id="{de9960b0-e85d-ee11-be6f-0022481d02c0}" behavior="0" />
      <RootComponent type="401" id="{7aec915d-93cc-434c-8482-695852430e4f}" behavior="0" />
    </RootComponents>
    <MissingDependencies>
      <MissingDependency>
        <Required type="1" schemaName="competitor" displayName="Competitor" solution="msdynce_Sales (9.0.4.0076)">
          <package>msdynce_SalesAnchor (9.0.23083.10003)</package>
        </Required>
        <Dependent type="60" displayName="Opportunity" parentDisplayName="Opportunity" id="{a837e4a7-01b8-4f82-a475-be9abd67e667}" />
      </MissingDependency>
      <MissingDependency>
        <Required type="1" schemaName="opportunity" displayName="Opportunity" solution="msdynce_Sales (9.0.4.0076)">
          <package>msdynce_SalesAnchor (9.0.23083.10003)</package>
        </Required>
        <Dependent type="1" schemaName="opportunity" displayName="Opportunity" />
      </MissingDependency>
      <MissingDependency>
        <Required type="1" schemaName="opportunity" displayName="Opportunity" solution="msdynce_Sales (9.0.4.0076)">
          <package>msdynce_SalesAnchor (9.0.23083.10003)</package>
        </Required>
        <Dependent type="10" schemaName="hac_opportunity_hac_plan_Opportunity" displayName="hac_opportunity_hac_plan_Opportunity" parentSchemaName="opportunity" parentDisplayName="Opportunity" />
      </MissingDependency>
      <MissingDependency>
        <Required type="1" schemaName="opportunity" displayName="Opportunity" solution="msdynce_Sales (9.0.4.0076)">
          <package>msdynce_SalesAnchor (9.0.23083.10003)</package>
        </Required>
        <Dependent type="29" displayName="Create different Plan against Opportunity" id="{de9960b0-e85d-ee11-be6f-0022481d02c0}" />
      </MissingDependency>
      <MissingDependency>
        <Required type="1" schemaName="opportunityproduct" displayName="Opportunity Product" solution="msdynce_Sales (9.0.4.0076)">
          <package>msdynce_SalesAnchor (9.0.23083.10003)</package>
        </Required>
        <Dependent type="60" displayName="Opportunity" parentDisplayName="Opportunity" id="{a837e4a7-01b8-4f82-a475-be9abd67e667}" />
      </MissingDependency>
      <MissingDependency>
        <Required type="1" schemaName="quote" displayName="Quote" solution="msdynce_Sales (9.0.4.0076)">
          <package>msdynce_SalesAnchor (9.0.23083.10003)</package>
        </Required>
        <Dependent type="60" displayName="Opportunity" parentDisplayName="Opportunity" id="{a837e4a7-01b8-4f82-a475-be9abd67e667}" />
      </MissingDependency>
      <MissingDependency>
        <Required type="2" schemaName="budgetamount" displayName="Budget amount" parentSchemaName="opportunity" parentDisplayName="Opportunity" solution="msdynce_Sales (9.0.4.0076)">
          <package>msdynce_SalesAnchor (9.0.23083.10003)</package>
        </Required>
        <Dependent type="60" displayName="Opportunity" parentDisplayName="Opportunity" id="{a837e4a7-01b8-4f82-a475-be9abd67e667}" />
      </MissingDependency>
      <MissingDependency>
        <Required type="2" schemaName="currentsituation" displayName="Current Situation" parentSchemaName="opportunity" parentDisplayName="Opportunity" solution="msdynce_Sales (9.0.4.0076)">
          <package>msdynce_SalesAnchor (9.0.23083.10003)</package>
        </Required>
        <Dependent type="60" displayName="Opportunity" parentDisplayName="Opportunity" id="{a837e4a7-01b8-4f82-a475-be9abd67e667}" />
      </MissingDependency>
      <MissingDependency>
        <Required type="2" schemaName="customerneed" displayName="Customer Need" parentSchemaName="opportunity" parentDisplayName="Opportunity" solution="msdynce_Sales (9.0.4.0076)">
          <package>msdynce_SalesAnchor (9.0.23083.10003)</package>
        </Required>
        <Dependent type="60" displayName="Opportunity" parentDisplayName="Opportunity" id="{a837e4a7-01b8-4f82-a475-be9abd67e667}" />
      </MissingDependency>
      <MissingDependency>
        <Required type="2" schemaName="description" displayName="Description" parentSchemaName="opportunity" parentDisplayName="Opportunity" solution="msdynce_Sales (9.0.4.0076)">
          <package>msdynce_SalesAnchor (9.0.23083.10003)</package>
        </Required>
        <Dependent type="60" displayName="Opportunity" parentDisplayName="Opportunity" id="{a837e4a7-01b8-4f82-a475-be9abd67e667}" />
      </MissingDependency>
      <MissingDependency>
        <Required type="2" schemaName="discountamount" displayName="Opportunity Discount Amount" parentSchemaName="opportunity" parentDisplayName="Opportunity" solution="msdynce_Sales (9.0.4.0076)">
          <package>msdynce_SalesAnchor (9.0.23083.10003)</package>
        </Required>
        <Dependent type="60" displayName="Opportunity" parentDisplayName="Opportunity" id="{a837e4a7-01b8-4f82-a475-be9abd67e667}" />
      </MissingDependency>
      <MissingDependency>
        <Required type="2" schemaName="discountpercentage" displayName="Opportunity Discount (%)" parentSchemaName="opportunity" parentDisplayName="Opportunity" solution="msdynce_Sales (9.0.4.0076)">
          <package>msdynce_SalesAnchor (9.0.23083.10003)</package>
        </Required>
        <Dependent type="60" displayName="Opportunity" parentDisplayName="Opportunity" id="{a837e4a7-01b8-4f82-a475-be9abd67e667}" />
      </MissingDependency>
      <MissingDependency>
        <Required type="2" schemaName="estimatedclosedate" displayName="Est. close date" parentSchemaName="opportunity" parentDisplayName="Opportunity" solution="msdynce_Sales (9.0.4.0076)">
          <package>msdynce_SalesAnchor (9.0.23083.10003)</package>
        </Required>
        <Dependent type="60" displayName="Opportunity" parentDisplayName="Opportunity" id="{a837e4a7-01b8-4f82-a475-be9abd67e667}" />
      </MissingDependency>
      <MissingDependency>
        <Required type="2" schemaName="estimatedvalue" displayName="Est. revenue" parentSchemaName="opportunity" parentDisplayName="Opportunity" solution="msdynce_Sales (9.0.4.0076)">
          <package>msdynce_SalesAnchor (9.0.23083.10003)</package>
        </Required>
        <Dependent type="60" displayName="Opportunity" parentDisplayName="Opportunity" id="{a837e4a7-01b8-4f82-a475-be9abd67e667}" />
      </MissingDependency>
      <MissingDependency>
        <Required type="2" schemaName="freightamount" displayName="Freight Amount" parentSchemaName="opportunity" parentDisplayName="Opportunity" solution="msdynce_Sales (9.0.4.0076)">
          <package>msdynce_SalesAnchor (9.0.23083.10003)</package>
        </Required>
        <Dependent type="60" displayName="Opportunity" parentDisplayName="Opportunity" id="{a837e4a7-01b8-4f82-a475-be9abd67e667}" />
      </MissingDependency>
      <MissingDependency>
        <Required type="2" schemaName="isrevenuesystemcalculated" displayName="Revenue" parentSchemaName="opportunity" parentDisplayName="Opportunity" solution="msdynce_Sales (9.0.4.0076)">
          <package>msdynce_SalesAnchor (9.0.23083.10003)</package>
        </Required>
        <Dependent type="60" displayName="Opportunity" parentDisplayName="Opportunity" id="{a837e4a7-01b8-4f82-a475-be9abd67e667}" />
      </MissingDependency>
      <MissingDependency>
        <Required type="2" schemaName="msdyn_forecastcategory" displayName="Forecast category" parentSchemaName="opportunity" parentDisplayName="Opportunity" solution="msdyn_Forecasting (9.0.23083.10100)">
          <package>msdyn_SalesIntegrationsAddOns (9.0.23083.10005)</package>
        </Required>
        <Dependent type="60" displayName="Opportunity" parentDisplayName="Opportunity" id="{a837e4a7-01b8-4f82-a475-be9abd67e667}" />
      </MissingDependency>
      <MissingDependency>
        <Required type="2" schemaName="name" displayName="Topic" parentSchemaName="opportunity" parentDisplayName="Opportunity" solution="msdynce_Sales (9.0.4.0076)">
          <package>msdynce_SalesAnchor (9.0.23083.10003)</package>
        </Required>
        <Dependent type="10" schemaName="hac_opportunity_hac_plan_Opportunity" displayName="hac_opportunity_hac_plan_Opportunity" parentSchemaName="opportunity" parentDisplayName="Opportunity" />
      </MissingDependency>
      <MissingDependency>
        <Required type="2" schemaName="name" displayName="Topic" parentSchemaName="opportunity" parentDisplayName="Opportunity" solution="msdynce_Sales (9.0.4.0076)">
          <package>msdynce_SalesAnchor (9.0.23083.10003)</package>
        </Required>
        <Dependent type="60" displayName="Opportunity" parentDisplayName="Opportunity" id="{a837e4a7-01b8-4f82-a475-be9abd67e667}" />
      </MissingDependency>
      <MissingDependency>
        <Required type="2" schemaName="opportunityid" displayName="Opportunity" parentSchemaName="opportunity" parentDisplayName="Opportunity" solution="msdynce_Sales (9.0.4.0076)">
          <package>msdynce_SalesAnchor (9.0.23083.10003)</package>
        </Required>
        <Dependent type="10" schemaName="hac_opportunity_hac_plan_Opportunity" displayName="hac_opportunity_hac_plan_Opportunity" parentSchemaName="opportunity" parentDisplayName="Opportunity" />
      </MissingDependency>
      <MissingDependency>
        <Required type="2" schemaName="ownerid" displayName="Owner" parentSchemaName="opportunity" parentDisplayName="Opportunity" solution="msdynce_Sales (9.0.4.0076)">
          <package>msdynce_SalesAnchor (9.0.23083.10003)</package>
        </Required>
        <Dependent type="60" displayName="Opportunity" parentDisplayName="Opportunity" id="{a837e4a7-01b8-4f82-a475-be9abd67e667}" />
      </MissingDependency>
      <MissingDependency>
        <Required type="2" schemaName="parentaccountid" displayName="Account" parentSchemaName="opportunity" parentDisplayName="Opportunity" solution="msdynce_Sales (9.0.4.0076)">
          <package>msdynce_SalesAnchor (9.0.23083.10003)</package>
        </Required>
        <Dependent type="60" displayName="Opportunity" parentDisplayName="Opportunity" id="{a837e4a7-01b8-4f82-a475-be9abd67e667}" />
      </MissingDependency>
      <MissingDependency>
        <Required type="2" schemaName="parentcontactid" displayName="Contact" parentSchemaName="opportunity" parentDisplayName="Opportunity" solution="msdynce_Sales (9.0.4.0076)">
          <package>msdynce_SalesAnchor (9.0.23083.10003)</package>
        </Required>
        <Dependent type="60" displayName="Opportunity" parentDisplayName="Opportunity" id="{a837e4a7-01b8-4f82-a475-be9abd67e667}" />
      </MissingDependency>
      <MissingDependency>
        <Required type="2" schemaName="pricelevelid" displayName="Price List" parentSchemaName="opportunity" parentDisplayName="Opportunity" solution="msdynce_Sales (9.0.4.0076)">
          <package>msdynce_SalesAnchor (9.0.23083.10003)</package>
        </Required>
        <Dependent type="60" displayName="Opportunity" parentDisplayName="Opportunity" id="{a837e4a7-01b8-4f82-a475-be9abd67e667}" />
      </MissingDependency>
      <MissingDependency>
        <Required type="2" schemaName="proposedsolution" displayName="Proposed Solution" parentSchemaName="opportunity" parentDisplayName="Opportunity" solution="msdynce_Sales (9.0.4.0076)">
          <package>msdynce_SalesAnchor (9.0.23083.10003)</package>
        </Required>
        <Dependent type="60" displayName="Opportunity" parentDisplayName="Opportunity" id="{a837e4a7-01b8-4f82-a475-be9abd67e667}" />
      </MissingDependency>
      <MissingDependency>
        <Required type="2" schemaName="purchaseprocess" displayName="Purchase Process" parentSchemaName="opportunity" parentDisplayName="Opportunity" solution="msdynce_Sales (9.0.4.0076)">
          <package>msdynce_SalesAnchor (9.0.23083.10003)</package>
        </Required>
        <Dependent type="60" displayName="Opportunity" parentDisplayName="Opportunity" id="{a837e4a7-01b8-4f82-a475-be9abd67e667}" />
      </MissingDependency>
      <MissingDependency>
        <Required type="2" schemaName="purchasetimeframe" displayName="Purchase Timeframe" parentSchemaName="opportunity" parentDisplayName="Opportunity" solution="msdynce_Sales (9.0.4.0076)">
          <package>msdynce_SalesAnchor (9.0.23083.10003)</package>
        </Required>
        <Dependent type="60" displayName="Opportunity" parentDisplayName="Opportunity" id="{a837e4a7-01b8-4f82-a475-be9abd67e667}" />
      </MissingDependency>
      <MissingDependency>
        <Required type="2" schemaName="totalamount" displayName="Total Amount" parentSchemaName="opportunity" parentDisplayName="Opportunity" solution="msdynce_Sales (9.0.4.0076)">
          <package>msdynce_SalesAnchor (9.0.23083.10003)</package>
        </Required>
        <Dependent type="60" displayName="Opportunity" parentDisplayName="Opportunity" id="{a837e4a7-01b8-4f82-a475-be9abd67e667}" />
      </MissingDependency>
      <MissingDependency>
        <Required type="2" schemaName="totalamountlessfreight" displayName="Total Pre-Freight Amount" parentSchemaName="opportunity" parentDisplayName="Opportunity" solution="msdynce_Sales (9.0.4.0076)">
          <package>msdynce_SalesAnchor (9.0.23083.10003)</package>
        </Required>
        <Dependent type="60" displayName="Opportunity" parentDisplayName="Opportunity" id="{a837e4a7-01b8-4f82-a475-be9abd67e667}" />
      </MissingDependency>
      <MissingDependency>
        <Required type="2" schemaName="totallineitemamount" displayName="Total Detail Amount" parentSchemaName="opportunity" parentDisplayName="Opportunity" solution="msdynce_Sales (9.0.4.0076)">
          <package>msdynce_SalesAnchor (9.0.23083.10003)</package>
        </Required>
        <Dependent type="60" displayName="Opportunity" parentDisplayName="Opportunity" id="{a837e4a7-01b8-4f82-a475-be9abd67e667}" />
      </MissingDependency>
      <MissingDependency>
        <Required type="2" schemaName="totaltax" displayName="Total Tax" parentSchemaName="opportunity" parentDisplayName="Opportunity" solution="msdynce_Sales (9.0.4.0076)">
          <package>msdynce_SalesAnchor (9.0.23083.10003)</package>
        </Required>
        <Dependent type="60" displayName="Opportunity" parentDisplayName="Opportunity" id="{a837e4a7-01b8-4f82-a475-be9abd67e667}" />
      </MissingDependency>
      <MissingDependency>
        <Required type="2" schemaName="transactioncurrencyid" displayName="Currency" parentSchemaName="opportunity" parentDisplayName="Opportunity" solution="msdynce_Sales (9.0.4.0076)">
          <package>msdynce_SalesAnchor (9.0.23083.10003)</package>
        </Required>
        <Dependent type="60" displayName="Opportunity" parentDisplayName="Opportunity" id="{a837e4a7-01b8-4f82-a475-be9abd67e667}" />
      </MissingDependency>
      <MissingDependency>
        <Required type="2" schemaName="parentbundleidref" displayName="Parent bundle product" parentSchemaName="opportunityproduct" parentDisplayName="Opportunity Product" solution="msdynce_SalesPatch (9.0.1904.3002)">
          <package>msdynce_SalesAnchor (9.0.23083.10003)</package>
        </Required>
        <Dependent type="60" displayName="Opportunity" parentDisplayName="Opportunity" id="{a837e4a7-01b8-4f82-a475-be9abd67e667}" />
      </MissingDependency>
      <MissingDependency>
        <Required type="26" schemaName="Opportunity Product Inline Edit View" displayName="Opportunity Product Inline Edit View" parentSchemaName="opportunityproduct" parentDisplayName="Opportunity Product" solution="msdynce_Sales (9.0.4.0076)" id="{01010de7-749e-4fe6-8037-aca560a4fcbe}">
          <package>msdynce_SalesAnchor (9.0.23083.10003)</package>
        </Required>
        <Dependent type="60" displayName="Opportunity" parentDisplayName="Opportunity" id="{a837e4a7-01b8-4f82-a475-be9abd67e667}" />
      </MissingDependency>
      <MissingDependency>
        <Required type="26" schemaName="All Competitors (summary)" displayName="All Competitors (summary)" parentSchemaName="competitor" parentDisplayName="Competitor" solution="msdynce_Sales (9.0.4.0076)" id="{57bca9ac-87a0-4c28-adc8-2d0a4645f29e}">
          <package>msdynce_SalesAnchor (9.0.23083.10003)</package>
        </Required>
        <Dependent type="60" displayName="Opportunity" parentDisplayName="Opportunity" id="{a837e4a7-01b8-4f82-a475-be9abd67e667}" />
      </MissingDependency>
      <MissingDependency>
        <Required type="26" schemaName="Opportunity Quotes" displayName="Opportunity Quotes" parentSchemaName="quote" parentDisplayName="Quote" solution="msdynce_Sales (9.0.4.0076)" id="{61a4c932-d775-e211-b420-00155d806600}">
          <package>msdynce_SalesAnchor (9.0.23083.10003)</package>
        </Required>
        <Dependent type="60" displayName="Opportunity" parentDisplayName="Opportunity" id="{a837e4a7-01b8-4f82-a475-be9abd67e667}" />
      </MissingDependency>
      <MissingDependency>
        <Required type="26" schemaName="Opportunity Product Inline Edit View: Bundle Products" displayName="Opportunity Product Inline Edit View: Bundle Products" parentSchemaName="opportunityproduct" parentDisplayName="Opportunity Product" solution="msdynce_SalesPatch (9.0.1904.3002)" id="{e175dfbf-8eae-4af2-9dd2-68c43c14d40f}">
          <package>msdynce_SalesAnchor (9.0.23083.10003)</package>
        </Required>
        <Dependent type="60" displayName="Opportunity" parentDisplayName="Opportunity" id="{a837e4a7-01b8-4f82-a475-be9abd67e667}" />
      </MissingDependency>
      <MissingDependency>
        <Required type="60" displayName="Opportunity" parentDisplayName="Opportunity" solution="msdynce_Sales (9.0.4.0076)" id="{a837e4a7-01b8-4f82-a475-be9abd67e667}">
          <package>msdynce_SalesAnchor (9.0.23083.10003)</package>
        </Required>
        <Dependent type="60" displayName="Opportunity" parentDisplayName="Opportunity" id="{a837e4a7-01b8-4f82-a475-be9abd67e667}" />
      </MissingDependency>
      <MissingDependency>
        <Required type="66" schemaName="MscrmControls.AcceleratedSales.CadenceWidgetControl" displayName="MscrmControls.AcceleratedSales.CadenceWidgetControl" solution="msdyn_acceleratedsales (9.1.23083.10008)">
          <package>msdyn_AcceleratedSalesAnchor (9.1.23083.10008)</package>
        </Required>
        <Dependent type="60" displayName="Opportunity" parentDisplayName="Opportunity" id="{a837e4a7-01b8-4f82-a475-be9abd67e667}" />
      </MissingDependency>
      <MissingDependency>
        <Required type="66" schemaName="MscrmControls.CardFeedContainer.CardFeedContainer" displayName="MscrmControls.CardFeedContainer.CardFeedContainer" solution="BaseCustomControlsCore (9.0.2308.3014)" />
        <Dependent type="60" displayName="Opportunity" parentDisplayName="Opportunity" id="{a837e4a7-01b8-4f82-a475-be9abd67e667}" />
      </MissingDependency>
      <MissingDependency>
        <Required type="66" schemaName="MscrmControls.Grid.GridControl" displayName="MscrmControls.Grid.GridControl" solution="BaseCustomControlsCore (9.0.2308.3014)" />
        <Dependent type="60" displayName="Opportunity" parentDisplayName="Opportunity" id="{a837e4a7-01b8-4f82-a475-be9abd67e667}" />
      </MissingDependency>
      <MissingDependency>
        <Required type="66" schemaName="MscrmControls.Grid.ReadOnlyGrid" displayName="MscrmControls.Grid.ReadOnlyGrid" solution="BaseCustomControlsCore (9.0.2308.3014)" />
        <Dependent type="60" displayName="Opportunity" parentDisplayName="Opportunity" id="{a837e4a7-01b8-4f82-a475-be9abd67e667}" />
      </MissingDependency>
      <MissingDependency>
        <Required type="66" schemaName="MscrmControls.RAContainer.RAControl" displayName="MscrmControls.RAContainer.RAControl" solution="RelationshipAnalytics (9.0.3.3140)">
          <package>msdynce_SalesInsightsAnchor (9.0.23083.10008)</package>
        </Required>
        <Dependent type="60" displayName="Opportunity" parentDisplayName="Opportunity" id="{a837e4a7-01b8-4f82-a475-be9abd67e667}" />
      </MissingDependency>
      <MissingDependency>
        <Required type="66" schemaName="MscrmControls.RAContainer.RAControlv2" displayName="MscrmControls.RAContainer.RAControlv2" solution="RelationshipAnalytics (9.0.3.3140)">
          <package>msdynce_SalesInsightsAnchor (9.0.23083.10008)</package>
        </Required>
        <Dependent type="60" displayName="Opportunity" parentDisplayName="Opportunity" id="{a837e4a7-01b8-4f82-a475-be9abd67e667}" />
      </MissingDependency>
    </MissingDependencies>
  </SolutionManifest>
</ImportExportXml>