<environmentvariabledefinition schemaname="new_SiteURL">
  <apiid>/providers/microsoft.powerapps/apis/shared_sharepointonline</apiid>
  <displayname default="POC1 - https://8fj2hx.sharepoint.com/sites/POC1">
    <label description="POC1 - https://8fj2hx.sharepoint.com/sites/POC1" languagecode="1033" />
  </displayname>
  <introducedversion>1.0.0.0</introducedversion>
  <iscustomizable>1</iscustomizable>
  <isrequired>0</isrequired>
  <parameterkey>dataset</parameterkey>
  <secretstore>0</secretstore>
  <type>100000004</type>
</environmentvariabledefinition>