<powerpagecomponent powerpagecomponentid="bdab7ae8-95ff-4626-aac6-09f1cafdb561">
  <content>{"enablerating":false,"enabletracking":false,"excludefromsearch":false,"hiddenfromsitemap":true,"isroot":true,"pagetemplateid":"c5a166a0-5a8f-4c03-8894-bf0728d38017","parentpageid":"c56a2cdf-2101-4a37-9797-240630eeab31","partialurl":"profile","publishingstateid":"98c3c40d-73b6-4b26-9791-e0b89a21706e","sharedpageconfiguration":false,"title":"Profile"}</content>
  <iscustomizable>1</iscustomizable>
  <name>Profile</name>
  <powerpagecomponenttype>2</powerpagecomponenttype>
  <powerpagesiteid>
    <powerpagesiteid>0cd59409-6fec-4be9-bd09-8f1d362195e1</powerpagesiteid>
  </powerpagesiteid>
  <searchcontent>ProfileProfile</searchcontent>
  <statecode>0</statecode>
  <statuscode>1</statuscode>
</powerpagecomponent>