<ImportExportXml version="9.2.23083.184" SolutionPackageVersion="9.2" languagecode="1033" generatedBy="CrmLive" xmlns:xsi="http://www.w3.org/2001/XMLSchema-instance">
  <SolutionManifest>
    <UniqueName>BarheadHackathon</UniqueName>
    <LocalizedNames>
      <LocalizedName description="Barhead Hackathon" languagecode="1033" />
    </LocalizedNames>
    <Descriptions />
    <Version>1.0.0.2</Version>
    <Managed>1</Managed>
    <Publisher>
      <UniqueName>barhead</UniqueName>
      <LocalizedNames>
        <LocalizedName description="Barhead" languagecode="1033" />
      </LocalizedNames>
      <Descriptions />
      <EMailAddress xsi:nil="true"></EMailAddress>
      <SupportingWebsiteUrl xsi:nil="true"></SupportingWebsiteUrl>
      <CustomizationPrefix>bh</CustomizationPrefix>
      <CustomizationOptionValuePrefix>12118</CustomizationOptionValuePrefix>
      <Addresses>
        <Address>
          <AddressNumber>1</AddressNumber>
          <AddressTypeCode>1</AddressTypeCode>
          <City xsi:nil="true"></City>
          <County xsi:nil="true"></County>
          <Country xsi:nil="true"></Country>
          <Fax xsi:nil="true"></Fax>
          <FreightTermsCode xsi:nil="true"></FreightTermsCode>
          <ImportSequenceNumber xsi:nil="true"></ImportSequenceNumber>
          <Latitude xsi:nil="true"></Latitude>
          <Line1 xsi:nil="true"></Line1>
          <Line2 xsi:nil="true"></Line2>
          <Line3 xsi:nil="true"></Line3>
          <Longitude xsi:nil="true"></Longitude>
          <Name xsi:nil="true"></Name>
          <PostalCode xsi:nil="true"></PostalCode>
          <PostOfficeBox xsi:nil="true"></PostOfficeBox>
          <PrimaryContactName xsi:nil="true"></PrimaryContactName>
          <ShippingMethodCode>1</ShippingMethodCode>
          <StateOrProvince xsi:nil="true"></StateOrProvince>
          <Telephone1 xsi:nil="true"></Telephone1>
          <Telephone2 xsi:nil="true"></Telephone2>
          <Telephone3 xsi:nil="true"></Telephone3>
          <TimeZoneRuleVersionNumber xsi:nil="true"></TimeZoneRuleVersionNumber>
          <UPSZone xsi:nil="true"></UPSZone>
          <UTCOffset xsi:nil="true"></UTCOffset>
          <UTCConversionTimeZoneCode xsi:nil="true"></UTCConversionTimeZoneCode>
        </Address>
        <Address>
          <AddressNumber>2</AddressNumber>
          <AddressTypeCode>1</AddressTypeCode>
          <City xsi:nil="true"></City>
          <County xsi:nil="true"></County>
          <Country xsi:nil="true"></Country>
          <Fax xsi:nil="true"></Fax>
          <FreightTermsCode xsi:nil="true"></FreightTermsCode>
          <ImportSequenceNumber xsi:nil="true"></ImportSequenceNumber>
          <Latitude xsi:nil="true"></Latitude>
          <Line1 xsi:nil="true"></Line1>
          <Line2 xsi:nil="true"></Line2>
          <Line3 xsi:nil="true"></Line3>
          <Longitude xsi:nil="true"></Longitude>
          <Name xsi:nil="true"></Name>
          <PostalCode xsi:nil="true"></PostalCode>
          <PostOfficeBox xsi:nil="true"></PostOfficeBox>
          <PrimaryContactName xsi:nil="true"></PrimaryContactName>
          <ShippingMethodCode>1</ShippingMethodCode>
          <StateOrProvince xsi:nil="true"></StateOrProvince>
          <Telephone1 xsi:nil="true"></Telephone1>
          <Telephone2 xsi:nil="true"></Telephone2>
          <Telephone3 xsi:nil="true"></Telephone3>
          <TimeZoneRuleVersionNumber xsi:nil="true"></TimeZoneRuleVersionNumber>
          <UPSZone xsi:nil="true"></UPSZone>
          <UTCOffset xsi:nil="true"></UTCOffset>
          <UTCConversionTimeZoneCode xsi:nil="true"></UTCConversionTimeZoneCode>
        </Address>
      </Addresses>
    </Publisher>
    <RootComponents>
      <RootComponent type="1" schemaName="contact" behavior="1" />
      <RootComponent type="1" schemaName="conversationtranscript" behavior="2" />
      <RootComponent type="1" schemaName="cr71f_legalassistancerequestform8b1e" behavior="0" />
      <RootComponent type="29" id="{1f09ff86-765a-ee11-be6f-00224803be4b}" behavior="0" />
      <RootComponent type="29" id="{54cb96e0-1b58-ee11-be6f-00224803be4b}" behavior="0" />
      <RootComponent type="29" id="{a02e6d84-3b59-ee11-be6f-00224803be4b}" behavior="0" />
      <RootComponent type="29" id="{b595f27e-f85b-ee11-be6f-00224803be4b}" behavior="0" />
      <RootComponent type="300" schemaName="bh_contractreviewer_5c40e" behavior="0" />
      <RootComponent type="300" schemaName="bh_ofwlegalassistance_8f864" behavior="0" />
      <RootComponent type="401" id="{1c8e0bf4-1535-4990-a7bb-2bb33f46b8a8}" behavior="0" />
    </RootComponents>
    <MissingDependencies>
      <MissingDependency>
        <Required type="1" schemaName="conversationtranscript" displayName="ConversationTranscript" solution="PowerVirtualAgentsCommon (2.0.0.519)" />
        <Dependent type="1" schemaName="conversationtranscript" displayName="ConversationTranscript" />
      </MissingDependency>
      <MissingDependency>
        <Required type="1" schemaName="conversationtranscript" displayName="ConversationTranscript" solution="PowerVirtualAgentsCommon (2.0.0.519)" />
        <Dependent type="10" schemaName="bh_conversationtranscript_Case_cr71f_legalas" displayName="bh_conversationtranscript_Case_cr71f_legalas" parentSchemaName="cr71f_legalassistancerequestform8b1e" parentDisplayName="Copilot Legal Assistance Request" />
      </MissingDependency>
      <MissingDependency>
        <Required type="1" schemaName="conversationtranscript" displayName="ConversationTranscript" solution="PowerVirtualAgentsCommon (2.0.0.519)" />
        <Dependent type="2" schemaName="bh_case" displayName="Case" parentSchemaName="conversationtranscript" parentDisplayName="ConversationTranscript" />
      </MissingDependency>
      <MissingDependency>
        <Required type="1" schemaName="conversationtranscript" displayName="ConversationTranscript" solution="PowerVirtualAgentsCommon (2.0.0.519)" />
        <Dependent type="2" schemaName="bh_transcript" displayName="Transcript" parentSchemaName="conversationtranscript" parentDisplayName="ConversationTranscript" />
      </MissingDependency>
      <MissingDependency>
        <Required type="1" schemaName="conversationtranscript" displayName="ConversationTranscript" solution="PowerVirtualAgentsCommon (2.0.0.519)" />
        <Dependent type="29" displayName="PA001 | Set Conversation Transcript" id="{1f09ff86-765a-ee11-be6f-00224803be4b}" />
      </MissingDependency>
      <MissingDependency>
        <Required type="1" schemaName="conversationtranscript" displayName="ConversationTranscript" solution="PowerVirtualAgentsCommon (2.0.0.519)" />
        <Dependent type="300" schemaName="bh_ofwlegalassistance_8f864" displayName="OFW Legal Assistance" />
      </MissingDependency>
      <MissingDependency>
        <Required type="1" schemaName="msdyn_aimodel" displayName="AI Model" solution="msdyn_AISolution (202308.3.15.1)">
          <package>msdyn_AISolutionAnchor (202308.3.15.1)</package>
        </Required>
        <Dependent type="300" schemaName="bh_ofwlegalassistance_8f864" displayName="OFW Legal Assistance" />
      </MissingDependency>
      <MissingDependency>
        <Required type="2" schemaName="content" displayName="Content" parentSchemaName="conversationtranscript" parentDisplayName="ConversationTranscript" solution="PowerVirtualAgentsCommon (2.0.0.519)" />
        <Dependent type="2" schemaName="content" displayName="Content" parentSchemaName="conversationtranscript" parentDisplayName="ConversationTranscript" />
      </MissingDependency>
      <MissingDependency>
        <Required type="connectionreference" displayName="new_sharedcommondataserviceforapps_64f34" solution="Active" id.connectionreferencelogicalname="new_sharedcommondataserviceforapps_64f34" />
        <Dependent type="29" displayName="PA001 | Set Conversation Transcript" id="{1f09ff86-765a-ee11-be6f-00224803be4b}" />
      </MissingDependency>
      <MissingDependency>
        <Required type="connectionreference" displayName="new_sharedcommondataserviceforapps_64f34" solution="Active" id.connectionreferencelogicalname="new_sharedcommondataserviceforapps_64f34" />
        <Dependent type="29" displayName="Create Legal Advise" id="{a02e6d84-3b59-ee11-be6f-00224803be4b}" />
      </MissingDependency>
      <MissingDependency>
        <Required type="connectionreference" displayName="new_sharedopenaiip_0d243" solution="Active" id.connectionreferencelogicalname="new_sharedopenaiip_0d243" />
        <Dependent type="29" displayName="Power Virtual Agents Flow Template" id="{54cb96e0-1b58-ee11-be6f-00224803be4b}" />
      </MissingDependency>
    </MissingDependencies>
  </SolutionManifest>
</ImportExportXml>