<powerpagecomponent powerpagecomponentid="7d35ce17-73ec-ef11-be20-6045bdef6d3f">
  <content>{
  "filecontent": null,
  "recordidquerystringparametername": "id",
  "entitysourcetype": "756150001",
  "tabname": "tab_AccessDetails",
  "formname": "Power Pages User Form",
  "entityname": "mass_contactaccess",
  "referenceentityshowreadonlyform": false,
  "referencequerystringisprimarykey": true,
  "populatereferenceentitylookupfield": false,
  "setentityreference": false,
  "geolocation_displaymap": false,
  "geolocation_enabled": false,
  "attachfilerestrictaccept": false,
  "attachfilerequired": false,
  "attachfileallowmultiple": false,
  "attachfile": false,
  "portaluserlookupattributeisactivityparty": false,
  "associatecurrentportaluser": false,
  "redirecturlappendentityidquerystring": false,
  "appendquerystring": false,
  "hideformonsuccess": true,
  "onsuccess": "756150000",
  "validationsummarylinksenabled": true,
  "forceallfieldsrequired": false,
  "recommendedfieldsrequired": false,
  "showunsupportedfields": false,
  "showownerfields": false,
  "tooltipenabled": false,
  "renderwebresourcesinline": false,
  "autogeneratesteps": false,
  "showcaptchaforauthenticatedusers": false,
  "captcharequired": false,
  "recordsourceallowcreateonnull": false,
  "entitypermissionsenabled": true,
  "mode": 100000002,
  "geolocation_maptype": 756150000,
  "entityFormMetadatas": [
    "899fb583-6e4b-474f-93fb-8e611a11e7ad"
  ],
  "lcid": 1033,
  "successmessage": "[{\"LCID\":1033,\"Value\":\"\"}]",
  "attachfilelabel": "[{\"LCID\":1033,\"Value\":\"\"}]",
  "attachfilemaxsize": null,
  "redirecturl": null,
  "redirectwebpage": null
}</content>
  <iscustomizable>1</iscustomizable>
  <name>Contact Access - View</name>
  <powerpagecomponenttype>15</powerpagecomponenttype>
  <powerpagesiteid>
    <powerpagesiteid>0cd59409-6fec-4be9-bd09-8f1d362195e1</powerpagesiteid>
  </powerpagesiteid>
  <statecode>0</statecode>
  <statuscode>1</statuscode>
</powerpagecomponent>