<powerpagecomponent powerpagecomponentid="984d701a-5359-e956-c0cc-d140b359bccc">
  <content>{
  "filecontent": null,
  "webpageid": "d8e27b7b-be64-3d98-35d6-ad95252d35dd",
  "right": 2,
  "scope": 1,
  "adx_webpageaccesscontrolrule_webrole": [
    "09afbfac-c6ca-4baf-bcc8-7e9affb39134"
  ]
}</content>
  <iscustomizable>1</iscustomizable>
  <name>Restrict Read on Access Details</name>
  <powerpagecomponenttype>10</powerpagecomponenttype>
  <powerpagesiteid>
    <powerpagesiteid>0cd59409-6fec-4be9-bd09-8f1d362195e1</powerpagesiteid>
  </powerpagesiteid>
  <statecode>0</statecode>
  <statuscode>1</statuscode>
</powerpagecomponent>