<powerpagecomponent powerpagecomponentid="618f415a-659f-4c68-bea6-f1a660203f1e">
  <content>{"enablerating":false,"enabletracking":false,"excludefromsearch":false,"hiddenfromsitemap":true,"isroot":true,"pagetemplateid":"e67712e6-5f0f-4967-a32d-513eac51f775","parentpageid":"c56a2cdf-2101-4a37-9797-240630eeab31","partialurl":"search","publishingstateid":"98c3c40d-73b6-4b26-9791-e0b89a21706e","sharedpageconfiguration":false}</content>
  <iscustomizable>1</iscustomizable>
  <name>Search</name>
  <powerpagecomponenttype>2</powerpagecomponenttype>
  <powerpagesiteid>
    <powerpagesiteid>0cd59409-6fec-4be9-bd09-8f1d362195e1</powerpagesiteid>
  </powerpagesiteid>
  <searchcontent>Search</searchcontent>
  <statecode>0</statecode>
  <statuscode>1</statuscode>
</powerpagecomponent>