<ImportExportXml version="9.2.25065.144" SolutionPackageVersion="9.2" languagecode="1033" generatedBy="CrmLive" xmlns:xsi="http://www.w3.org/2001/XMLSchema-instance" OrganizationVersion="9.2.25065.144" OrganizationSchemaType="Full" CRMServerServiceabilityVersion="9.2.25065.00146">
  <SolutionManifest>
    <UniqueName>SharePointSiteCreationBot</UniqueName>
    <LocalizedNames>
      <LocalizedName description="SharePoint Site Creation Bot" languagecode="1033" />
    </LocalizedNames>
    <Descriptions />
    <Version>2.0.0.0</Version>
    <Managed>0</Managed>
    <Publisher>
      <UniqueName>m365pnp</UniqueName>
      <LocalizedNames>
        <LocalizedName description="PnP Samples" languagecode="1033" />
      </LocalizedNames>
      <Descriptions />
      <EMailAddress xsi:nil="true"></EMailAddress>
      <SupportingWebsiteUrl xsi:nil="true"></SupportingWebsiteUrl>
      <CustomizationPrefix>m365pnp</CustomizationPrefix>
      <CustomizationOptionValuePrefix>71837</CustomizationOptionValuePrefix>
      <Addresses />
    </Publisher>
    <RootComponents>
      <RootComponent type="29" id="{fe41089d-04cf-ec11-a7b5-6045bd8e353d}" behavior="0" />
    </RootComponents>
    <MissingDependencies />
  </SolutionManifest>
</ImportExportXml>