<customapi uniquename="msdyn_aibdpttimemanagement65320871cfe942a697857858b6967c6f">
  <allowedcustomprocessingsteptype>0</allowedcustomprocessingsteptype>
  <bindingtype>0</bindingtype>
  <description default="Create a time management plan for a workday, given these tasks and priorities  priorities . Take into account the meetings already in place for the day  meetings  and display a breakdown of focus allocations by time. Format response as HTML.&#xA;&#xA;&#xA;&#xA;">
    <label description="Create a time management plan for a workday, given these tasks and priorities  priorities . Take into account the meetings already in place for the day  meetings  and display a breakdown of focus allocations by time. Format response as HTML.&#xA;&#xA;&#xA;&#xA;" languagecode="1033" />
  </description>
  <displayname default="Time Management">
    <label description="Time Management" languagecode="1033" />
  </displayname>
  <iscustomizable>0</iscustomizable>
  <isfunction>0</isfunction>
  <isprivate>0</isprivate>
  <name>TimeManagement</name>
  <plugintypeid>
    <plugintypeexportkey>727e8789-bd29-46fa-b00a-3a49605eeb06</plugintypeexportkey>
  </plugintypeid>
  <workflowsdkstepenabled>0</workflowsdkstepenabled>
</customapi>