<powerpagecomponent powerpagecomponentid="3e249ee0-c521-4119-ac69-606db7446ee9">
  <content>{"description":"Set whether the footer web template is output cached.","value":"True"}</content>
  <iscustomizable>1</iscustomizable>
  <name>Footer/OutputCache/Enabled</name>
  <powerpagecomponenttype>9</powerpagecomponenttype>
  <powerpagesiteid>
    <powerpagesiteid>0cd59409-6fec-4be9-bd09-8f1d362195e1</powerpagesiteid>
  </powerpagesiteid>
  <statecode>0</statecode>
  <statuscode>1</statuscode>
</powerpagecomponent>