<botcomponent_workflowset>
  <botcomponent_workflow botcomponentid.schemaname="ba_vaRifyBot.component.VARify_Introduction" workflowid.workflowid="0e0dd588-ba10-f011-9989-6045bd0e2fc6">
    <iscustomizable>1</iscustomizable>
  </botcomponent_workflow>
  <botcomponent_workflow botcomponentid.schemaname="ba_vaRifyBot.topic.FavouriteTeam" workflowid.workflowid="0e0dd588-ba10-f011-9989-6045bd0e2fc6">
    <iscustomizable>1</iscustomizable>
  </botcomponent_workflow>
  <botcomponent_workflow botcomponentid.schemaname="ba_vaRifyBot.topic.SetFavouriteTeam" workflowid.workflowid="b320508c-d212-f011-998a-6045bd0e2fc6">
    <iscustomizable>1</iscustomizable>
  </botcomponent_workflow>
</botcomponent_workflowset>