<powerpagecomponent powerpagecomponentid="bc71020a-b8eb-ef11-be20-6045bdef6d3f">
  <content>{"botschemaname":"crfbf_0abaed18-ab79-48c1-a174-edaf43f4e7c7","configjson":"{\"skillConfigViewName\":\"MASS Travel Gateway bot Answers\"}"}</content>
  <iscustomizable>1</iscustomizable>
  <name>Bot Consumer</name>
  <powerpagecomponenttype>27</powerpagecomponenttype>
  <powerpagesiteid>
    <powerpagesiteid>0cd59409-6fec-4be9-bd09-8f1d362195e1</powerpagesiteid>
  </powerpagesiteid>
  <statecode>0</statecode>
  <statuscode>1</statuscode>
</powerpagecomponent>