<powerpagecomponent powerpagecomponentid="899fb583-6e4b-474f-93fb-8e611a11e7ad">
  <content>{
  "entityform": "7d35ce17-73ec-ef11-be20-6045bdef6d3f",
  "webformstep": "7d35ce17-73ec-ef11-be20-6045bdef6d3f",
  "type": 100000002,
  "label": "[{\"LCID\":1033,\"Value\":\"&lt;br&gt;\"}]",
  "tabname": "tab_AccessDetails"
}</content>
  <iscustomizable>1</iscustomizable>
  <name>Contact Access - View tab_AccessDetails</name>
  <powerpagecomponenttype>16</powerpagecomponenttype>
  <powerpagesiteid>
    <powerpagesiteid>0cd59409-6fec-4be9-bd09-8f1d362195e1</powerpagesiteid>
  </powerpagesiteid>
  <statecode>0</statecode>
  <statuscode>1</statuscode>
</powerpagecomponent>