<ImportExportXml version="9.2.23084.182" SolutionPackageVersion="9.2" languagecode="1033" generatedBy="CrmLive" xmlns:xsi="http://www.w3.org/2001/XMLSchema-instance">
  <SolutionManifest>
    <UniqueName>IncidentReporting</UniqueName>
    <LocalizedNames>
      <LocalizedName description="Incident Reporting" languagecode="1033" />
    </LocalizedNames>
    <Descriptions />
    <Version>1.0.0.2</Version>
    <Managed>0</Managed>
    <Publisher>
      <UniqueName>Shaheer</UniqueName>
      <LocalizedNames>
        <LocalizedName description="Shaheer Ahmad" languagecode="1033" />
      </LocalizedNames>
      <Descriptions>
        <Description description="Shaheer" languagecode="1033" />
      </Descriptions>
      <EMailAddress>shaheer.ashraf@live.com</EMailAddress>
      <SupportingWebsiteUrl>shaheer365.blogspot.com</SupportingWebsiteUrl>
      <CustomizationPrefix>sa</CustomizationPrefix>
      <CustomizationOptionValuePrefix>12638</CustomizationOptionValuePrefix>
      <Addresses>
        <Address>
          <AddressNumber>1</AddressNumber>
          <AddressTypeCode>1</AddressTypeCode>
          <City>Faisalabad</City>
          <County xsi:nil="true"></County>
          <Country>Pakistan</Country>
          <Fax xsi:nil="true"></Fax>
          <FreightTermsCode xsi:nil="true"></FreightTermsCode>
          <ImportSequenceNumber xsi:nil="true"></ImportSequenceNumber>
          <Latitude xsi:nil="true"></Latitude>
          <Line1 xsi:nil="true"></Line1>
          <Line2 xsi:nil="true"></Line2>
          <Line3 xsi:nil="true"></Line3>
          <Longitude xsi:nil="true"></Longitude>
          <Name xsi:nil="true"></Name>
          <PostalCode>38000</PostalCode>
          <PostOfficeBox xsi:nil="true"></PostOfficeBox>
          <PrimaryContactName xsi:nil="true"></PrimaryContactName>
          <ShippingMethodCode>1</ShippingMethodCode>
          <StateOrProvince>punjab</StateOrProvince>
          <Telephone1>+923041977660</Telephone1>
          <Telephone2 xsi:nil="true"></Telephone2>
          <Telephone3 xsi:nil="true"></Telephone3>
          <TimeZoneRuleVersionNumber xsi:nil="true"></TimeZoneRuleVersionNumber>
          <UPSZone xsi:nil="true"></UPSZone>
          <UTCOffset xsi:nil="true"></UTCOffset>
          <UTCConversionTimeZoneCode xsi:nil="true"></UTCConversionTimeZoneCode>
        </Address>
        <Address>
          <AddressNumber>2</AddressNumber>
          <AddressTypeCode>1</AddressTypeCode>
          <City xsi:nil="true"></City>
          <County xsi:nil="true"></County>
          <Country xsi:nil="true"></Country>
          <Fax xsi:nil="true"></Fax>
          <FreightTermsCode xsi:nil="true"></FreightTermsCode>
          <ImportSequenceNumber xsi:nil="true"></ImportSequenceNumber>
          <Latitude xsi:nil="true"></Latitude>
          <Line1 xsi:nil="true"></Line1>
          <Line2 xsi:nil="true"></Line2>
          <Line3 xsi:nil="true"></Line3>
          <Longitude xsi:nil="true"></Longitude>
          <Name xsi:nil="true"></Name>
          <PostalCode xsi:nil="true"></PostalCode>
          <PostOfficeBox xsi:nil="true"></PostOfficeBox>
          <PrimaryContactName xsi:nil="true"></PrimaryContactName>
          <ShippingMethodCode>1</ShippingMethodCode>
          <StateOrProvince xsi:nil="true"></StateOrProvince>
          <Telephone1 xsi:nil="true"></Telephone1>
          <Telephone2 xsi:nil="true"></Telephone2>
          <Telephone3 xsi:nil="true"></Telephone3>
          <TimeZoneRuleVersionNumber xsi:nil="true"></TimeZoneRuleVersionNumber>
          <UPSZone xsi:nil="true"></UPSZone>
          <UTCOffset xsi:nil="true"></UTCOffset>
          <UTCConversionTimeZoneCode xsi:nil="true"></UTCConversionTimeZoneCode>
        </Address>
      </Addresses>
    </Publisher>
    <RootComponents>
      <RootComponent type="1" schemaName="csa_csincident" behavior="0" />
      <RootComponent type="1" schemaName="systemuser" behavior="0" />
      <RootComponent type="1" schemaName="team" behavior="0" />
      <RootComponent type="9" schemaName="csa_incidenttype" behavior="0" />
      <RootComponent type="9" schemaName="csa_severity" behavior="0" />
      <RootComponent type="29" id="{6e5a9197-e359-ee11-be6f-000d3a45ed19}" behavior="0" />
      <RootComponent type="60" id="{ea2c2a0d-ff59-ee11-be6f-000d3a45ed19}" behavior="0" />
      <RootComponent type="62" schemaName="csa_HealthandSafetyApp" behavior="0" />
      <RootComponent type="80" schemaName="csa_HealthandSafetyApp" behavior="0" />
      <RootComponent type="300" schemaName="csa_incedentreporting_0a14a" behavior="0" />
    </RootComponents>
    <MissingDependencies>
      <MissingDependency>
        <Required type="1" schemaName="adx_webformsession" displayName="Multistep Form Session" solution="PowerPages_RuntimeCore (1.0.2308.4)">
          <package>PowerPages_Core (1.0.2309.59)</package>
        </Required>
        <Dependent type="1" schemaName="systemuser" displayName="Employee" />
      </MissingDependency>
      <MissingDependency>
        <Required type="1" schemaName="appusersetting" displayName="Model-Driven App User Setting" solution="AppModule (9.1.23083.230816003)" />
        <Dependent type="1" schemaName="systemuser" displayName="Employee" />
      </MissingDependency>
      <MissingDependency>
        <Required type="1" schemaName="bot" displayName="Chatbot" solution="PowerVirtualAgents (2.0.0.502)">
          <package>msdynce_CustomerCareIntelligenceBots_Anchor (2.0.0.502)</package>
        </Required>
        <Dependent type="1" schemaName="systemuser" displayName="Employee" />
      </MissingDependency>
      <MissingDependency>
        <Required type="1" schemaName="deploymentstagerun" displayName="Deployment Stage Run" solution="msdyn_AppDeploymentMetadata (9.1.1.8)">
          <package>msdyn_AppDeploymentAnchor (9.1.1.8)</package>
        </Required>
        <Dependent type="1" schemaName="systemuser" displayName="Employee" />
      </MissingDependency>
      <MissingDependency>
        <Required type="1" schemaName="msfp_survey" displayName="Customer Voice survey" solution="MicrosoftFormsPro (2.0.0.43)">
          <package>MicrosoftFormsPro (2.0.0.43)</package>
        </Required>
        <Dependent type="1" schemaName="systemuser" displayName="Employee" />
      </MissingDependency>
      <MissingDependency>
        <Required type="1" schemaName="mspp_adplacement" displayName="Ad Placement" solution="PowerPages_Apps (1.0.2309.1)">
          <package>PowerPages_Core (1.0.2309.59)</package>
        </Required>
        <Dependent type="1" schemaName="systemuser" displayName="Employee" />
      </MissingDependency>
      <MissingDependency>
        <Required type="1" schemaName="mspp_columnpermission" displayName="Column Permission" solution="PowerPages_Apps (1.0.2309.1)">
          <package>PowerPages_Core (1.0.2309.59)</package>
        </Required>
        <Dependent type="1" schemaName="systemuser" displayName="Employee" />
      </MissingDependency>
      <MissingDependency>
        <Required type="1" schemaName="mspp_columnpermissionprofile" displayName="Column Permission Profile" solution="PowerPages_Apps (1.0.2309.1)">
          <package>PowerPages_Core (1.0.2309.59)</package>
        </Required>
        <Dependent type="1" schemaName="systemuser" displayName="Employee" />
      </MissingDependency>
      <MissingDependency>
        <Required type="1" schemaName="mspp_contentsnippet" displayName="Content Snippet" solution="PowerPages_Apps (1.0.2309.1)">
          <package>PowerPages_Core (1.0.2309.59)</package>
        </Required>
        <Dependent type="1" schemaName="systemuser" displayName="Employee" />
      </MissingDependency>
      <MissingDependency>
        <Required type="1" schemaName="mspp_entityform" displayName="Basic Form" solution="PowerPages_Apps (1.0.2309.1)">
          <package>PowerPages_Core (1.0.2309.59)</package>
        </Required>
        <Dependent type="1" schemaName="systemuser" displayName="Employee" />
      </MissingDependency>
      <MissingDependency>
        <Required type="1" schemaName="mspp_entityformmetadata" displayName="Basic Form Metadata" solution="PowerPages_Apps (1.0.2309.1)">
          <package>PowerPages_Core (1.0.2309.59)</package>
        </Required>
        <Dependent type="1" schemaName="systemuser" displayName="Employee" />
      </MissingDependency>
      <MissingDependency>
        <Required type="1" schemaName="mspp_entitylist" displayName="List" solution="PowerPages_Apps (1.0.2309.1)">
          <package>PowerPages_Core (1.0.2309.59)</package>
        </Required>
        <Dependent type="1" schemaName="systemuser" displayName="Employee" />
      </MissingDependency>
      <MissingDependency>
        <Required type="1" schemaName="mspp_entitypermission" displayName="Table Permission" solution="PowerPages_Apps (1.0.2309.1)">
          <package>PowerPages_Core (1.0.2309.59)</package>
        </Required>
        <Dependent type="1" schemaName="systemuser" displayName="Employee" />
      </MissingDependency>
      <MissingDependency>
        <Required type="1" schemaName="mspp_pagetemplate" displayName="Page Template" solution="PowerPages_Apps (1.0.2309.1)">
          <package>PowerPages_Core (1.0.2309.59)</package>
        </Required>
        <Dependent type="1" schemaName="systemuser" displayName="Employee" />
      </MissingDependency>
      <MissingDependency>
        <Required type="1" schemaName="mspp_pollplacement" displayName="Poll Placement" solution="PowerPages_Apps (1.0.2309.1)">
          <package>PowerPages_Core (1.0.2309.59)</package>
        </Required>
        <Dependent type="1" schemaName="systemuser" displayName="Employee" />
      </MissingDependency>
      <MissingDependency>
        <Required type="1" schemaName="mspp_publishingstate" displayName="Publishing State" solution="PowerPages_Apps (1.0.2309.1)">
          <package>PowerPages_Core (1.0.2309.59)</package>
        </Required>
        <Dependent type="1" schemaName="systemuser" displayName="Employee" />
      </MissingDependency>
      <MissingDependency>
        <Required type="1" schemaName="mspp_publishingstatetransitionrule" displayName="Publishing State Transition Rule" solution="PowerPages_Apps (1.0.2309.1)">
          <package>PowerPages_Core (1.0.2309.59)</package>
        </Required>
        <Dependent type="1" schemaName="systemuser" displayName="Employee" />
      </MissingDependency>
      <MissingDependency>
        <Required type="1" schemaName="mspp_redirect" displayName="Redirect" solution="PowerPages_Apps (1.0.2309.1)">
          <package>PowerPages_Core (1.0.2309.59)</package>
        </Required>
        <Dependent type="1" schemaName="systemuser" displayName="Employee" />
      </MissingDependency>
      <MissingDependency>
        <Required type="1" schemaName="mspp_shortcut" displayName="Shortcut" solution="PowerPages_Apps (1.0.2309.1)">
          <package>PowerPages_Core (1.0.2309.59)</package>
        </Required>
        <Dependent type="1" schemaName="systemuser" displayName="Employee" />
      </MissingDependency>
      <MissingDependency>
        <Required type="1" schemaName="mspp_sitemarker" displayName="Site Marker" solution="PowerPages_Apps (1.0.2309.1)">
          <package>PowerPages_Core (1.0.2309.59)</package>
        </Required>
        <Dependent type="1" schemaName="systemuser" displayName="Employee" />
      </MissingDependency>
      <MissingDependency>
        <Required type="1" schemaName="mspp_sitesetting" displayName="Site Setting" solution="PowerPages_Apps (1.0.2309.1)">
          <package>PowerPages_Core (1.0.2309.59)</package>
        </Required>
        <Dependent type="1" schemaName="systemuser" displayName="Employee" />
      </MissingDependency>
      <MissingDependency>
        <Required type="1" schemaName="mspp_webfile" displayName="Web File" solution="PowerPages_Apps (1.0.2309.1)">
          <package>PowerPages_Core (1.0.2309.59)</package>
        </Required>
        <Dependent type="1" schemaName="systemuser" displayName="Employee" />
      </MissingDependency>
      <MissingDependency>
        <Required type="1" schemaName="mspp_webform" displayName="Multistep Form" solution="PowerPages_Apps (1.0.2309.1)">
          <package>PowerPages_Core (1.0.2309.59)</package>
        </Required>
        <Dependent type="1" schemaName="systemuser" displayName="Employee" />
      </MissingDependency>
      <MissingDependency>
        <Required type="1" schemaName="mspp_webformmetadata" displayName="Multistep Form Metadata" solution="PowerPages_Apps (1.0.2309.1)">
          <package>PowerPages_Core (1.0.2309.59)</package>
        </Required>
        <Dependent type="1" schemaName="systemuser" displayName="Employee" />
      </MissingDependency>
      <MissingDependency>
        <Required type="1" schemaName="mspp_webformstep" displayName="Form Step" solution="PowerPages_Apps (1.0.2309.1)">
          <package>PowerPages_Core (1.0.2309.59)</package>
        </Required>
        <Dependent type="1" schemaName="systemuser" displayName="Employee" />
      </MissingDependency>
      <MissingDependency>
        <Required type="1" schemaName="mspp_weblink" displayName="Web Link" solution="PowerPages_Apps (1.0.2309.1)">
          <package>PowerPages_Core (1.0.2309.59)</package>
        </Required>
        <Dependent type="1" schemaName="systemuser" displayName="Employee" />
      </MissingDependency>
      <MissingDependency>
        <Required type="1" schemaName="mspp_weblinkset" displayName="Web Link Set" solution="PowerPages_Apps (1.0.2309.1)">
          <package>PowerPages_Core (1.0.2309.59)</package>
        </Required>
        <Dependent type="1" schemaName="systemuser" displayName="Employee" />
      </MissingDependency>
      <MissingDependency>
        <Required type="1" schemaName="mspp_webpage" displayName="Web Page" solution="PowerPages_Apps (1.0.2309.1)">
          <package>PowerPages_Core (1.0.2309.59)</package>
        </Required>
        <Dependent type="1" schemaName="systemuser" displayName="Employee" />
      </MissingDependency>
      <MissingDependency>
        <Required type="1" schemaName="mspp_webpageaccesscontrolrule" displayName="Web Page Access Control Rule" solution="PowerPages_Apps (1.0.2309.1)">
          <package>PowerPages_Core (1.0.2309.59)</package>
        </Required>
        <Dependent type="1" schemaName="systemuser" displayName="Employee" />
      </MissingDependency>
      <MissingDependency>
        <Required type="1" schemaName="mspp_webrole" displayName="Web Role" solution="PowerPages_Apps (1.0.2309.1)">
          <package>PowerPages_Core (1.0.2309.59)</package>
        </Required>
        <Dependent type="1" schemaName="systemuser" displayName="Employee" />
      </MissingDependency>
      <MissingDependency>
        <Required type="1" schemaName="mspp_website" displayName="Website" solution="PowerPages_Apps (1.0.2309.1)">
          <package>PowerPages_Core (1.0.2309.59)</package>
        </Required>
        <Dependent type="1" schemaName="systemuser" displayName="Employee" />
      </MissingDependency>
      <MissingDependency>
        <Required type="1" schemaName="mspp_websiteaccess" displayName="Website Access" solution="PowerPages_Apps (1.0.2309.1)">
          <package>PowerPages_Core (1.0.2309.59)</package>
        </Required>
        <Dependent type="1" schemaName="systemuser" displayName="Employee" />
      </MissingDependency>
      <MissingDependency>
        <Required type="1" schemaName="mspp_websitelanguage" displayName="Website Language" solution="PowerPages_Apps (1.0.2309.1)">
          <package>PowerPages_Core (1.0.2309.59)</package>
        </Required>
        <Dependent type="1" schemaName="systemuser" displayName="Employee" />
      </MissingDependency>
      <MissingDependency>
        <Required type="1" schemaName="mspp_webtemplate" displayName="Web Template" solution="PowerPages_Apps (1.0.2309.1)">
          <package>PowerPages_Core (1.0.2309.59)</package>
        </Required>
        <Dependent type="1" schemaName="systemuser" displayName="Employee" />
      </MissingDependency>
      <MissingDependency>
        <Required type="1" schemaName="teammobileofflineprofilemembership" displayName="TeamMobileOfflineProfileMembership" solution="MobileOfflineMembership (1.0.0.3)" />
        <Dependent type="1" schemaName="team" displayName="Team" />
      </MissingDependency>
      <MissingDependency>
        <Required type="1" schemaName="usermobileofflineprofilemembership" displayName="UserMobileOfflineProfileMembership" solution="MobileOfflineMembership (1.0.0.3)" />
        <Dependent type="1" schemaName="systemuser" displayName="Employee" />
      </MissingDependency>
      <MissingDependency>
        <Required type="61" schemaName="msdyn_/Images/AppModule_Default_Icon.png" displayName="msdyn_/Images/AppModule_Default_Icon.png" solution="AppModuleWebResources (2.5)" />
        <Dependent type="80" schemaName="csa_HealthandSafetyApp" displayName="Incident Monitoring" />
      </MissingDependency>
      <MissingDependency>
        <Required type="61" schemaName="mspp_entity_permissions.svg" displayName="mspp_entity_permissions.svg" solution="PowerPages_AppResources (1.0.2308.1)">
          <package>PowerPages_Core (1.0.2309.59)</package>
        </Required>
        <Dependent type="62" schemaName="csa_HealthandSafetyApp" />
      </MissingDependency>
    </MissingDependencies>
  </SolutionManifest>
</ImportExportXml>