{
  "nodes": {
    "definition_generation": {
      "variant_0": {
        "inputs": {},
        "inputsValue": {}
      }
    },
    "refresh": {
      "variant_0": {
        "inputs": {},
        "inputsValue": {}
      }
    },
    "examples": {
      "variant_1": {
        "inputs": {},
        "inputsValue": {}
      }
    },
    "quiz": {
      "variant_0": {
        "inputs": {},
        "inputsValue": {}
      }
    },
    "generate_answer": {
      "variant_0": {
        "inputs": {},
        "inputsValue": {}
      }
    },
    "telemetry_log": {
      "variant_0": {
        "inputs": {},
        "inputsValue": {}
      }
    }
  }
}