{
  "package": {},
  "code": {
    "chat.jinja2": {
      "name": "chat.jinja2",
      "type": "prompt",
      "inputs": {
        "chat_history": {
          "type": [
            "string"
          ],
          "allow_manual_entry": false,
          "is_multi_select": false,
          "input_type": "default",
          "value": "${inputs.chat_history}",
          "id": "dbyavyz5"
        },
        "question": {
          "type": [
            "string"
          ],
          "allow_manual_entry": false,
          "is_multi_select": false,
          "input_type": "default",
          "value": "${inputs.question}",
          "id": "acr7sgxk"
        },
        "userprompt": {
          "type": [
            "string"
          ],
          "allow_manual_entry": false,
          "is_multi_select": false,
          "input_type": "default",
          "value": "${inputs.user_prompt}",
          "id": "zn2mxt23"
        }
      },
      "source": "chat.jinja2",
      "is_builtin": false,
      "enable_kwargs": false,
      "tool_state": "stable",
      "toolId": "chat.jinja2"
    },
    "refresh.jinja2": {
      "name": "refresh.jinja2",
      "type": "prompt",
      "inputs": {
        "chat_history": {
          "type": [
            "string"
          ],
          "allow_manual_entry": false,
          "is_multi_select": false,
          "input_type": "default",
          "value": "${inputs.chat_history}",
          "id": "0bx97e3n"
        },
        "question": {
          "type": [
            "string"
          ],
          "allow_manual_entry": false,
          "is_multi_select": false,
          "input_type": "default",
          "value": "${inputs.question}",
          "id": "qb57wvgi"
        },
        "term": {
          "type": [
            "string"
          ],
          "allow_manual_entry": false,
          "is_multi_select": false,
          "input_type": "default",
          "value": "${inputs.term}",
          "id": "6c4yfyy3"
        },
        "userprompt": {
          "type": [
            "string"
          ],
          "allow_manual_entry": false,
          "is_multi_select": false,
          "input_type": "default",
          "value": "${inputs.user_prompt}",
          "id": "dfvb88oh"
        }
      },
      "source": "refresh.jinja2",
      "is_builtin": false,
      "enable_kwargs": false,
      "tool_state": "stable",
      "toolId": "refresh.jinja2"
    },
    "generate_answer.py": {
      "name": "generate_answer.py",
      "type": "python",
      "inputs": {
        "definition_output": {
          "type": [
            "object"
          ],
          "allow_manual_entry": false,
          "is_multi_select": false,
          "input_type": "default",
          "value": "${definition_generation.output}",
          "id": "sz6d8vz6"
        },
        "example_output": {
          "type": [
            "object"
          ],
          "allow_manual_entry": false,
          "is_multi_select": false,
          "input_type": "default",
          "value": "${examples.output}",
          "id": "1hxcyhi4"
        },
        "quiz_output": {
          "type": [
            "object"
          ],
          "allow_manual_entry": false,
          "is_multi_select": false,
          "input_type": "default"
        },
        "refresh_output": {
          "type": [
            "object"
          ],
          "allow_manual_entry": false,
          "is_multi_select": false,
          "input_type": "default",
          "value": "${refresh.output}",
          "id": "vqo3e3yj"
        }
      },
      "description": "Returns the first non-None output among the given branches.\nAssumes only one branch executes at a time.",
      "source": "generate_answer.py",
      "function": "merge_outputs",
      "is_builtin": false,
      "enable_kwargs": false,
      "tool_state": "stable",
      "toolId": "generate_answer.py"
    },
    "telemetry_log.py": {
      "name": "telemetry_log.py",
      "type": "python",
      "inputs": {
        "action": {
          "type": [
            "string"
          ],
          "allow_manual_entry": false,
          "is_multi_select": false,
          "input_type": "default"
        },
        "question": {
          "type": [
            "string"
          ],
          "allow_manual_entry": false,
          "is_multi_select": false,
          "input_type": "default",
          "value": "${inputs.question}",
          "id": "f7vhf7jl"
        },
        "response": {
          "type": [
            "string"
          ],
          "allow_manual_entry": false,
          "is_multi_select": false,
          "input_type": "default",
          "value": "${generate_answer.output}",
          "id": "fvm271hi"
        },
        "temperature": {
          "type": [
            "double"
          ],
          "allow_manual_entry": false,
          "is_multi_select": false,
          "input_type": "default",
          "value": "${inputs.temperature}",
          "id": "9pqt3inb"
        },
        "term": {
          "type": [
            "string"
          ],
          "allow_manual_entry": false,
          "is_multi_select": false,
          "input_type": "default"
        },
        "user_prompt": {
          "type": [
            "string"
          ],
          "allow_manual_entry": false,
          "is_multi_select": false,
          "input_type": "default",
          "value": "${inputs.user_prompt}",
          "id": "cu9vgf7m"
        }
      },
      "source": "telemetry_log.py",
      "function": "main",
      "is_builtin": false,
      "enable_kwargs": false,
      "tool_state": "stable",
      "toolId": "telemetry_log.py"
    },
    "examples.jinja2": {
      "name": "examples.jinja2",
      "type": "prompt",
      "inputs": {
        "chat_history": {
          "type": [
            "string"
          ],
          "allow_manual_entry": false,
          "is_multi_select": false,
          "input_type": "default",
          "value": "${inputs.chat_history}",
          "id": "d6swd55d"
        },
        "question": {
          "type": [
            "string"
          ],
          "allow_manual_entry": false,
          "is_multi_select": false,
          "input_type": "default",
          "value": "${inputs.question}",
          "id": "8wssur3s"
        },
        "term": {
          "type": [
            "string"
          ],
          "allow_manual_entry": false,
          "is_multi_select": false,
          "input_type": "default",
          "value": "${inputs.term}",
          "id": "v4qh7wfa"
        },
        "userprompt": {
          "type": [
            "string"
          ],
          "allow_manual_entry": false,
          "is_multi_select": false,
          "input_type": "default",
          "value": "${inputs.user_prompt}",
          "id": "qphvn7g1"
        }
      },
      "source": "examples.jinja2",
      "is_builtin": false,
      "enable_kwargs": false,
      "tool_state": "stable",
      "toolId": "examples.jinja2"
    },
    "examples__variant_1.jinja2": {
      "name": "examples__variant_1.jinja2",
      "type": "prompt",
      "inputs": {
        "chat_history": {
          "type": [
            "string"
          ],
          "allow_manual_entry": false,
          "is_multi_select": false,
          "input_type": "default",
          "value": "${inputs.chat_history}",
          "id": "emgf5pma"
        },
        "question": {
          "type": [
            "string"
          ],
          "allow_manual_entry": false,
          "is_multi_select": false,
          "input_type": "default",
          "value": "${inputs.question}",
          "id": "5klj9b8h"
        },
        "term": {
          "type": [
            "string"
          ],
          "allow_manual_entry": false,
          "is_multi_select": false,
          "input_type": "default",
          "value": "${inputs.term}",
          "id": "bygv50qi"
        },
        "userprompt": {
          "type": [
            "string"
          ],
          "allow_manual_entry": false,
          "is_multi_select": false,
          "input_type": "default",
          "value": "${inputs.user_prompt}",
          "id": "ji6qinwj"
        }
      },
      "source": "examples__variant_1.jinja2",
      "is_builtin": false,
      "enable_kwargs": false,
      "tool_state": "stable",
      "toolId": "examples__variant_1.jinja2"
    },
    "quiz.jinja2": {
      "name": "quiz.jinja2",
      "type": "prompt",
      "inputs": {
        "term": {
          "type": [
            "string"
          ],
          "allow_manual_entry": false,
          "is_multi_select": false,
          "input_type": "default",
          "value": "${inputs.term}",
          "id": "4w1n8fdo"
        }
      },
      "source": "quiz.jinja2",
      "is_builtin": false,
      "enable_kwargs": false,
      "tool_state": "stable",
      "toolId": "quiz.jinja2"
    }
  }
}