{
  "orientation": "Vertical",
  "nodeLayouts": {
    "inputs": {
      "x": 592.5,
      "y": 62,
      "index": -1
    },
    "outputs": {
      "x": 648,
      "y": 392,
      "index": -1
    },
    "definition_generation": {
      "x": 473,
      "y": 172,
      "height": 75,
      "index": 0
    },
    "refresh": {
      "x": 1173,
      "y": 172,
      "height": 75,
      "index": 1
    },
    "examples": {
      "x": 823,
      "y": 172,
      "height": 75,
      "index": 2
    },
    "generate_answer": {
      "x": 648,
      "y": 282,
      "height": 75,
      "index": 4
    },
    "telemetry_log": {
      "x": 349.33317057291663,
      "y": 385.3333333333333,
      "height": 75,
      "index": 5
    },
    "quiz": {
      "x": 123,
      "y": 172,
      "height": 75,
      "index": 3
    }
  },
  "viewport": {
    "transformMatrix": [
      0.6000000000000001,
      0,
      0,
      0.6000000000000001,
      158.825,
      256.90000610351564
    ]
  }
}