<environmentvariabledefinition schemaname="gsllc_SharePoint_Processed_File_Target_Location">
  <description default="This is the folder path it will be saved in">
    <label description="This is the folder path it will be saved in" languagecode="1033" />
  </description>
  <displayname default="SharePoint_Processed_Folder_Target_Location">
    <label description="SharePoint_Processed_Folder_Target_Location" languagecode="1033" />
  </displayname>
  <introducedversion>1.0.0.4</introducedversion>
  <iscustomizable>1</iscustomizable>
  <isrequired>0</isrequired>
  <secretstore>0</secretstore>
  <type>100000000</type>
</environmentvariabledefinition>