﻿<?xml version="1.0" encoding="utf-8"?>
<ImportExportXml xmlns:xsi="http://www.w3.org/2001/XMLSchema-instance">
  <Entities />
  <Roles />
  <Workflows />
  <FieldSecurityProfiles />
  <Templates />
  <EntityMaps />
  <EntityRelationships />
  <OrganizationSettings />
  <optionsets />
  <CustomControls />
  <EntityDataProviders />
  <CanvasApps>
    <CanvasApp>
      <Name>cr630_circulartimer_68073</Name>
      <AppVersion>2024-01-06T17:57:35Z</AppVersion>
      <Status>Ready</Status>
      <CreatedByClientVersion>3.23122.17.0</CreatedByClientVersion>
      <MinClientVersion>3.23122.17.0</MinClientVersion>
      <Tags>{"primaryDeviceWidth":"640","primaryDeviceHeight":"640","supportsPortrait":"true","supportsLandscape":"true","primaryFormFactor":"Phone","showStatusBar":"false","publisherVersion":"3.23122.17","minimumRequiredApiVersion":"2.2.0","hasComponent":"true","hasUnlockedComponent":"true","isUnifiedRootApp":"false","offlineLargeFilesSupport":"false","sienaVersion":"20240106T162723Z-3.23122.17.0"}</Tags>
      <IsCdsUpgraded>0</IsCdsUpgraded>
      <GalleryItemId xsi:nil="true"></GalleryItemId>
      <BackgroundColor>rgba(251, 101, 60, 1)</BackgroundColor>
      <DisplayName>CircularTimer</DisplayName>
      <Description xsi:nil="true"></Description>
      <CommitMessage xsi:nil="true"></CommitMessage>
      <Publisher xsi:nil="true"></Publisher>
      <AuthorizationReferences>[]</AuthorizationReferences>
      <ConnectionReferences>{}</ConnectionReferences>
      <DatabaseReferences>{}</DatabaseReferences>
      <AppComponents>[{"appComponentName":"9d0d1648327d456f9e98ec1e8d43365d","displayName":"cmp_CircularTimer","description":"A control that performs a countdown  and triggers a specific action after a certain amount of time passes.","appName":"62517fe2-6ebd-46b2-af85-523af49a6852","appVersion":"2024-01-06T17:57:35Z","appComponentLibraryLogicalName":"cr630_circulartimer_68073","appDisplayName":"CircularTimer","environmentName":"default-8d4ef4b8-ed27-41d2-a15b-a1c019819918","owner":{"id":"78ed9639-e90c-48b3-b0de-0244a8da6855","displayName":"Olga Staszek","email":"ostaszek@os365dev.onmicrosoft.com","type":"User","tenantId":"8d4ef4b8-ed27-41d2-a15b-a1c019819918","userPrincipalName":"ostaszek@os365dev.onmicrosoft.com"},"allowCustomization":true,"createdOn":"2023-12-29T14:18:42.706Z","lastModifiedOn":"2024-01-06T17:53:11.23Z","connectionReferences":{},"databaseReferences":{}}]</AppComponents>
      <AppComponentDependencies>[]</AppComponentDependencies>
      <CanConsumeAppPass>1</CanConsumeAppPass>
      <CanvasAppType>1</CanvasAppType>
      <BypassConsent>0</BypassConsent>
      <AdminControlBypassConsent>0</AdminControlBypassConsent>
      <EmbeddedApp xsi:nil="true"></EmbeddedApp>
      <IntroducedVersion>1.0</IntroducedVersion>
      <CdsDependencies>{"cdsdependencies":[]}</CdsDependencies>
      <IsCustomizable>1</IsCustomizable>
      <BackgroundImageUri>/CanvasApps/cr630_circulartimer_68073_BackgroundImageUri</BackgroundImageUri>
      <DocumentUri>/CanvasApps/cr630_circulartimer_68073_DocumentUri.msapp</DocumentUri>
      <AdditionalUris>
        <AdditionalUri>/CanvasApps/cr630_circulartimer_68073_AdditionalUris0_identity.json</AdditionalUri>
      </AdditionalUris>
    </CanvasApp>
  </CanvasApps>
  <Languages>
    <Language>1033</Language>
  </Languages>
</ImportExportXml>