<powerpagecomponent powerpagecomponentid="31de4f80-ba4d-a39e-2320-0bf04a806df8">
  <content>{
  "displayorder": 3,
  "parentweblinkid": "6c5aba18-31ae-6d56-9cec-7c529d2d54b6",
  "weblinksetid": "8be3b635-8771-4386-9361-87ff0d106b8a",
  "pageid": "085779db-eb59-f677-59dc-75efa099a1d1",
  "publishingstateid": "98c3c40d-73b6-4b26-9791-e0b89a21706e",
  "displaypagevalidation": false,
  "displayimageonly": false,
  "displaypagechildlinks": false,
  "openinnewwindow": false,
  "robotsfollowlink": true
}</content>
  <iscustomizable>1</iscustomizable>
  <name>Referrals</name>
  <powerpagecomponenttype>5</powerpagecomponenttype>
  <powerpagesiteid>
    <powerpagesiteid>0cd59409-6fec-4be9-bd09-8f1d362195e1</powerpagesiteid>
  </powerpagesiteid>
  <statecode>0</statecode>
  <statuscode>1</statuscode>
</powerpagecomponent>