<environmentvariabledefinition schemaname="gsllc_Excel_Table_Name">
  <description default="THe name of the table that has your data in excel">
    <label description="THe name of the table that has your data in excel" languagecode="1033" />
  </description>
  <displayname default="Excel_Table_Name">
    <label description="Excel_Table_Name" languagecode="1033" />
  </displayname>
  <introducedversion>1.0.0.4</introducedversion>
  <iscustomizable>1</iscustomizable>
  <isrequired>0</isrequired>
  <secretstore>0</secretstore>
  <type>100000000</type>
</environmentvariabledefinition>