<powerpagecomponent powerpagecomponentid="69102581-ef64-5013-1457-fff80a5c8513">
  <content>{
  "displayorder": 2,
  "customcss": "",
  "customjavascript": "",
  "pagetemplateid": "24ef4cfc-9aea-4ffb-ae57-e19531d5db47",
  "parentpageid": "c56a2cdf-2101-4a37-9797-240630eeab31",
  "partialurl": "Destinations-deleted",
  "isroot": true,
  "title": "Destinations",
  "summary": "&lt;p&gt;This is a sample landing page designed to be a starting point for your website&lt;/p&gt;",
  "copy": "",
  "publishingstateid": "98c3c40d-73b6-4b26-9791-e0b89a21706e",
  "enablerating": false,
  "enabletracking": false,
  "excludefromsearch": false,
  "hiddenfromsitemap": true,
  "sharedpageconfiguration": false
}</content>
  <iscustomizable>1</iscustomizable>
  <name>Destinations-deleted</name>
  <powerpagecomponenttype>2</powerpagecomponenttype>
  <powerpagesiteid>
    <powerpagesiteid>0cd59409-6fec-4be9-bd09-8f1d362195e1</powerpagesiteid>
  </powerpagesiteid>
  <searchcontent>DestinationsDestinations-deleted</searchcontent>
  <statecode>1</statecode>
  <statuscode>2</statuscode>
</powerpagecomponent>