<powerpagecomponent powerpagecomponentid="6848f8d4-e5d5-43d6-915f-8732e1d84e3e">
  <content>{
  "entityname": "Contact - R",
  "entitylogicalname": "contact",
  "scope": 756150001,
  "append": true,
  "appendto": true,
  "delete": false,
  "read": true,
  "create": false,
  "write": false,
  "parentrelationship": null,
  "parententitypermission": null,
  "contactrelationship": "contact_master_contact",
  "accountrelationship": null,
  "childTablePermissions": [],
  "adx_entitypermission_webrole": [
    "09afbfac-c6ca-4baf-bcc8-7e9affb39134"
  ]
}</content>
  <iscustomizable>1</iscustomizable>
  <name>Contact - R</name>
  <powerpagecomponenttype>18</powerpagecomponenttype>
  <powerpagesiteid>
    <powerpagesiteid>0cd59409-6fec-4be9-bd09-8f1d362195e1</powerpagesiteid>
  </powerpagesiteid>
  <statecode>0</statecode>
  <statuscode>1</statuscode>
</powerpagecomponent>