<environmentvariabledefinition schemaname="gsllc_Excel_Attachment_Name">
  <description default="The name of the attachment">
    <label description="The name of the attachment" languagecode="1033" />
  </description>
  <displayname default="Excel_Attachment_Name">
    <label description="Excel_Attachment_Name" languagecode="1033" />
  </displayname>
  <introducedversion>1.0.0.4</introducedversion>
  <iscustomizable>1</iscustomizable>
  <isrequired>0</isrequired>
  <secretstore>0</secretstore>
  <type>100000000</type>
</environmentvariabledefinition>