<powerpagecomponent powerpagecomponentid="d96cb8d7-72ec-ef11-be20-6045bdef6d3f">
  <content>{
  "onsavefromattribute": "contactid",
  "attributelogicalname": "mass_modifiedbycontact",
  "type": 100000000,
  "fieldisrequired": false,
  "useattributedescriptionproperty": true,
  "descriptionposition": 100000000,
  "adddescription": false,
  "setvalueonsave": true,
  "ignoredefaultvalue": false,
  "randomizeoptionsetvalues": false,
  "entityformforcreate": "5a2d4898-72ec-ef11-be20-6045bdef6d3f",
  "entityform": "5a2d4898-72ec-ef11-be20-6045bdef6d3f"
}</content>
  <iscustomizable>1</iscustomizable>
  <name>Contact Access - Add mass_modifiedbycontact</name>
  <powerpagecomponenttype>16</powerpagecomponenttype>
  <powerpagesiteid>
    <powerpagesiteid>0cd59409-6fec-4be9-bd09-8f1d362195e1</powerpagesiteid>
  </powerpagesiteid>
  <statecode>0</statecode>
  <statuscode>1</statuscode>
</powerpagecomponent>