<powerpagecomponent powerpagecomponentid="0aac392a-c803-4a56-a6e8-2525681e5544">
  <content>{"enabletracking":false,"excludefromsearch":false,"hiddenfromsitemap":false,"parentpageid":"c56a2cdf-2101-4a37-9797-240630eeab31","partialurl":"Cat-PC.png","publishingstateid":"98c3c40d-73b6-4b26-9791-e0b89a21706e"}</content>
  <filecontent mimetype="application/octet-stream">Cat-PC.png</filecontent>
  <iscustomizable>1</iscustomizable>
  <name>Cat-PC.png</name>
  <powerpagecomponenttype>3</powerpagecomponenttype>
  <powerpagesiteid>
    <powerpagesiteid>0cd59409-6fec-4be9-bd09-8f1d362195e1</powerpagesiteid>
  </powerpagesiteid>
  <statecode>0</statecode>
  <statuscode>1</statuscode>
</powerpagecomponent>