<bot schemaname="cr3f8_sharePointSiteCreation">
  <authenticationmode>2</authenticationmode>
  <authenticationtrigger>1</authenticationtrigger>
  <iscustomizable>0</iscustomizable>
  <language>1033</language>
  <name>SharePoint Site Creation</name>
  <runtimeprovider>0</runtimeprovider>
  <synchronizationstatus>{
  "$kind": "BotSynchronizationDetails",
  "contentVersion": 2,
  "lastFinishedPublishOperation": {
    "$kind": "PublishResultDetails",
    "operationStart": "2025-07-10T17:59:13.513741Z",
    "operationEnd": "2025-07-10T17:59:46.3388772Z",
    "status": "Succeeded"
  },
  "lastPublishedDetails": {
    "$kind": "SuccessfulPublishResultDetails",
    "authenticationMode": "Integrated"
  },
  "currentSynchronizationState": {
    "$kind": "SynchronizationState",
    "botRegistration": {
      "$kind": "BotRegistrationDetails",
      "botRegistrationIdConsumptionTime": "2025-07-10T17:35:07Z",
      "applicationId": "b98f2933-6b54-4461-8615-88910748e429",
      "isAppAvailableInTenant": true
    },
    "provisioningStatus": "Provisioned",
    "state": "Synchronized"
  },
  "lastSynchronizedOnUtc": "2025-07-10T17:59:55.5096536Z"
}</synchronizationstatus>
  <template>converted-default-2.0.0</template>
  <timezoneruleversionnumber>4</timezoneruleversionnumber>
</bot>