<environmentvariabledefinition schemaname="new_SPSite">
  <apiid>/providers/microsoft.powerapps/apis/shared_sharepointonline</apiid>
  <description default="SharePoint Site URL">
    <label description="SharePoint Site URL" languagecode="1033" />
  </description>
  <displayname default="SPSiteNew">
    <label description="SPSiteNew" languagecode="1033" />
  </displayname>
  <introducedversion>1.0.0.1</introducedversion>
  <iscustomizable>1</iscustomizable>
  <isrequired>0</isrequired>
  <parameterkey>dataset</parameterkey>
  <secretstore>0</secretstore>
  <type>100000004</type>
</environmentvariabledefinition>