<powerpagecomponent powerpagecomponentid="0e268408-f4ef-ef11-be20-000d3a1620e0">
  <content>{
  "recordidquerystringparametername": "id",
  "entitysourcetype": 756150001,
  "tabname": "tab_General",
  "formname": "Information",
  "entityname": "mass_clientfeedback",
  "referenceentityshowreadonlyform": false,
  "referencequerystringisprimarykey": true,
  "populatereferenceentitylookupfield": false,
  "setentityreference": false,
  "geolocation_displaymap": false,
  "geolocation_enabled": false,
  "attachfilerestrictaccept": false,
  "attachfilerequired": false,
  "attachfileallowmultiple": false,
  "attachfile": false,
  "portaluserlookupattributeisactivityparty": false,
  "associatecurrentportaluser": false,
  "redirecturlappendentityidquerystring": false,
  "appendquerystring": false,
  "hideformonsuccess": true,
  "onsuccess": 756150000,
  "validationsummarylinksenabled": true,
  "forceallfieldsrequired": false,
  "recommendedfieldsrequired": false,
  "showunsupportedfields": false,
  "showownerfields": false,
  "tooltipenabled": false,
  "renderwebresourcesinline": false,
  "autogeneratesteps": false,
  "showcaptchaforauthenticatedusers": false,
  "captcharequired": false,
  "recordsourceallowcreateonnull": false,
  "entitypermissionsenabled": true,
  "mode": 100000002,
  "geolocation_maptype": 756150000
}</content>
  <iscustomizable>1</iscustomizable>
  <name>Client Feedback - R</name>
  <powerpagecomponenttype>15</powerpagecomponenttype>
  <powerpagesiteid>
    <powerpagesiteid>0cd59409-6fec-4be9-bd09-8f1d362195e1</powerpagesiteid>
  </powerpagesiteid>
  <statecode>0</statecode>
  <statuscode>1</statuscode>
</powerpagecomponent>