<environmentvariabledefinition schemaname="tic_shared_sharepointonline_614c7675ed454904b4c2da658a504c29">
  <apiid>/providers/microsoft.powerapps/apis/shared_sharepointonline</apiid>
  <displayname default="Tickets">
    <label description="Tickets" languagecode="1033" />
  </displayname>
  <introducedversion>1.0.0.1</introducedversion>
  <iscustomizable>1</iscustomizable>
  <isrequired>0</isrequired>
  <parameterkey>table</parameterkey>
  <parentdefinitionid>
    <schemaname>tic_shared_sharepointonline_c2569fc7dd6f45debfd9811f5418f6e0</schemaname>
  </parentdefinitionid>
  <secretstore>0</secretstore>
  <type>100000004</type>
</environmentvariabledefinition>