<environmentvariabledefinition schemaname="gsllc_SharePoint_Document_Library_Metadata_Id">
  <description default="The metadata ID of the sharepoint point folder for List Rows Actions">
    <label description="The metadata ID of the sharepoint point folder for List Rows Actions" languagecode="1033" />
  </description>
  <displayname default="SharePoint_Document_Library_Metadata_Id">
    <label description="SharePoint_Document_Library_Metadata_Id" languagecode="1033" />
  </displayname>
  <introducedversion>1.0.0.4</introducedversion>
  <iscustomizable>1</iscustomizable>
  <isrequired>0</isrequired>
  <secretstore>0</secretstore>
  <type>100000000</type>
</environmentvariabledefinition>