{
  "properties": {
    "connectionReferences": {},
    "definition": {
      "$schema": "https://schema.management.azure.com/providers/Microsoft.Logic/schemas/2016-06-01/workflowdefinition.json#",
      "contentVersion": "undefined",
      "parameters": {
        "$authentication": {
          "defaultValue": {},
          "type": "SecureObject"
        }
      },
      "triggers": {
        "manual": {
          "metadata": {
            "operationMetadataId": "da9e7fd4-caab-4795-acc8-4638b65baba5"
          },
          "type": "Request",
          "kind": "Button",
          "inputs": {
            "schema": {
              "type": "object",
              "properties": {},
              "required": []
            }
          }
        }
      },
      "actions": {
        "Compose_-__Get_current_date": {
          "runAfter": {
            "Initialize_variable_-_Last_Day": [
              "Succeeded"
            ]
          },
          "metadata": {
            "operationMetadataId": "a9549860-f827-4e56-b59e-65dcf0e7d57e"
          },
          "type": "Compose",
          "inputs": "@utcNow()"
        },
        "Compose_-_Get_last_day": {
          "runAfter": {
            "Compose_-__Get_current_date": [
              "Succeeded"
            ]
          },
          "metadata": {
            "operationMetadataId": "e996f94a-d4b0-40e9-9e5a-bd17d3240195"
          },
          "type": "Compose",
          "inputs": "@formatDateTime(subtractFromTime(startOfMonth(addToTime(outputs('Compose_-__Get_current_date'), 1, 'Month')), 1, 'Day'), 'yyyy-MM-dd')"
        },
        "Switch": {
          "runAfter": {
            "Compose_-_Get_last_day": [
              "Succeeded"
            ]
          },
          "cases": {
            "Case_-_Sunday": {
              "case": 0,
              "actions": {
                "Set_variable_-_Last_day": {
                  "runAfter": {},
                  "metadata": {
                    "operationMetadataId": "f15f9599-baa0-42fa-995f-9b07eda96d7b"
                  },
                  "type": "SetVariable",
                  "inputs": {
                    "name": "Last Day",
                    "value": "@{addDays(outputs('Compose_-_Get_last_day'),-2)}"
                  }
                }
              }
            },
            "Case_-_Saturday": {
              "case": 6,
              "actions": {
                "Set_variable_-_Last_Day_1": {
                  "runAfter": {},
                  "metadata": {
                    "operationMetadataId": "f15f9599-baa0-42fa-995f-9b07eda96d7b"
                  },
                  "type": "SetVariable",
                  "inputs": {
                    "name": "Last Day",
                    "value": "@{addDays(outputs('Compose_-_Get_last_day'),-2)}"
                  }
                }
              }
            }
          },
          "default": {
            "actions": {
              "Set_variable_-_Last_day_2": {
                "runAfter": {},
                "metadata": {
                  "operationMetadataId": "f15f9599-baa0-42fa-995f-9b07eda96d7b"
                },
                "type": "SetVariable",
                "inputs": {
                  "name": "Last Day",
                  "value": "@outputs('Compose_-_Get_last_day')"
                }
              }
            }
          },
          "expression": "@dayOfWeek(outputs('Compose_-_Get_last_day'))",
          "metadata": {
            "operationMetadataId": "bfd77bf0-81a7-424d-80b5-34b7c65a9b75"
          },
          "type": "Switch"
        },
        "Initialize_variable_-_Last_Day": {
          "runAfter": {},
          "metadata": {
            "operationMetadataId": "5987c86b-631c-4ca3-84b1-9d51a763f47d"
          },
          "type": "InitializeVariable",
          "inputs": {
            "variables": [
              {
                "name": "Last Day",
                "type": "string"
              }
            ]
          }
        },
        "Compose_-_Last_Working_Day": {
          "runAfter": {
            "Switch": [
              "Succeeded"
            ]
          },
          "metadata": {
            "operationMetadataId": "c197d387-f319-4426-84ba-6ca9508f05e3"
          },
          "type": "Compose",
          "inputs": "@variables('Last Day')"
        }
      }
    },
    "templateName": null
  },
  "schemaVersion": "1.0.0.0"
}