<ImportExportXml xmlns:xsi="http://www.w3.org/2001/XMLSchema-instance">
  <Entities></Entities>
  <Roles></Roles>
  <Workflows></Workflows>
  <FieldSecurityProfiles></FieldSecurityProfiles>
  <Templates />
  <EntityMaps />
  <EntityRelationships />
  <OrganizationSettings />
  <optionsets />
  <CustomControls />
  <EntityDataProviders />
  <CanvasApps>
    <CanvasApp>
      <Name>sa_userdefinedformulasregularexpressionvalidations_8b660</Name>
      <AppVersion>2024-03-17T13:10:16Z</AppVersion>
      <Status>Ready</Status>
      <CreatedByClientVersion>3.24031.25.0</CreatedByClientVersion>
      <MinClientVersion>3.24031.25.0</MinClientVersion>
      <Tags>{"primaryDeviceWidth":"640","primaryDeviceHeight":"1136","supportsPortrait":"true","supportsLandscape":"true","primaryFormFactor":"Phone","showStatusBar":"false","publisherVersion":"3.24031.25","minimumRequiredApiVersion":"2.2.0","hasComponent":"true","hasUnlockedComponent":"true","isUnifiedRootApp":"false","offlineLargeFilesSupport":"false"}</Tags>
      <IsCdsUpgraded>0</IsCdsUpgraded>
      <GalleryItemId xsi:nil="true"></GalleryItemId>
      <BackgroundColor>RGBA(251,101,60,1)</BackgroundColor>
      <DisplayName>User Defined Formulas - Regular Expression Validations</DisplayName>
      <Description xsi:nil="true"></Description>
      <CommitMessage xsi:nil="true"></CommitMessage>
      <Publisher xsi:nil="true"></Publisher>
      <AuthorizationReferences>[]</AuthorizationReferences>
      <ConnectionReferences>{}</ConnectionReferences>
      <DatabaseReferences>{}</DatabaseReferences>
      <AppComponents>[{"appComponentName":"d1affd95fa2c457ea1b1047bdd2dc79a","displayName":"UserDefinedFunctions","appName":"a3b3c51c-56a3-4834-bfad-6dd2409a7a84","appVersion":"2024-03-17T13:10:16Z","appComponentLibraryLogicalName":"sa_userdefinedformulasregularexpressionvalidations_8b660","appDisplayName":"User Defined Formulas - Regular Expression Validations","environmentName":"3466824b-1fef-ef36-add8-745f90acc09b","owner":{"id":"43de01ce-6d63-46ed-8422-c3907d0a3fff","displayName":"Shaheer Ahmed","email":"ShaheerAhmad@w20tr.onmicrosoft.com","type":"User","tenantId":"083e7bcf-c004-4c50-aa51-8b5a4d3a4771","userPrincipalName":"ShaheerAhmad@w20tr.onmicrosoft.com"},"allowCustomization":true,"createdOn":"2024-03-17T10:30:55.739Z","lastModifiedOn":"2024-03-17T13:09:12.379Z","connectionReferences":{},"databaseReferences":{}}]</AppComponents>
      <AppComponentDependencies>[]</AppComponentDependencies>
      <CanConsumeAppPass>1</CanConsumeAppPass>
      <CanvasAppType>1</CanvasAppType>
      <BypassConsent>0</BypassConsent>
      <AdminControlBypassConsent>0</AdminControlBypassConsent>
      <EmbeddedApp xsi:nil="true"></EmbeddedApp>
      <IntroducedVersion>1.0</IntroducedVersion>
      <CdsDependencies>{"cdsdependencies":[]}</CdsDependencies>
      <IsCustomizable>1</IsCustomizable>
      <BackgroundImageUri>/CanvasApps/sa_userdefinedformulasregularexpressionvalida41102_BackgroundImageUri</BackgroundImageUri>
      <DocumentUri>/CanvasApps/sa_userdefinedformulasregularexpressionvalida45886_DocumentUri.msapp</DocumentUri>
      <AdditionalUris>
        <AdditionalUri>/CanvasApps/sa_userdefinedformulasregularexpressionvalida30550_AdditionalUris0_identity.json</AdditionalUri>
      </AdditionalUris>
    </CanvasApp>
  </CanvasApps>
  <Languages>
    <Language>1033</Language>
  </Languages>
</ImportExportXml>