<powerpagecomponent powerpagecomponentid="6762c917-e0ee-ef11-be20-000d3a1620e0">
  <content>{"botschemaname":"crfbf_bcf32e76-2308-4af7-957e-a231cc55e90e","configjson":"{\"skillConfigViewName\":\"MASS Travel Gateway bot Answers\"}"}</content>
  <iscustomizable>1</iscustomizable>
  <name>Bot Consumer</name>
  <powerpagecomponenttype>27</powerpagecomponenttype>
  <powerpagesiteid>
    <powerpagesiteid>0cd59409-6fec-4be9-bd09-8f1d362195e1</powerpagesiteid>
  </powerpagesiteid>
  <statecode>0</statecode>
  <statuscode>1</statuscode>
</powerpagecomponent>