<powerpagecomponent powerpagecomponentid="187b38ab-88ec-ef11-be20-6045bdef6d3f">
  <content>{
  "tablename": "mass_referral",
  "profilename": "MTA Referral Web API"
}</content>
  <iscustomizable>1</iscustomizable>
  <name>MTA Referral Web API</name>
  <powerpagecomponenttype>28</powerpagecomponenttype>
  <powerpagesiteid>
    <powerpagesiteid>0cd59409-6fec-4be9-bd09-8f1d362195e1</powerpagesiteid>
  </powerpagesiteid>
  <statecode>0</statecode>
  <statuscode>1</statuscode>
</powerpagecomponent>