<environmentvariabledefinition schemaname="alexmsft_BrokenLinksSPOTenantName">
  <description default="SharePoint tenant name">
    <label description="SharePoint tenant name" languagecode="1033" />
  </description>
  <displayname default="Broken Links SPO Tenant Name">
    <label description="Broken Links SPO Tenant Name" languagecode="1033" />
  </displayname>
  <introducedversion>1.0.0.0</introducedversion>
  <iscustomizable>1</iscustomizable>
  <isrequired>0</isrequired>
  <secretstore>0</secretstore>
  <type>100000000</type>
</environmentvariabledefinition>