<environmentvariabledefinition schemaname="acs_AzureCommunicationServicesEmail">
  <description default="Email for Azure ">
    <label description="Email for Azure " languagecode="1033" />
  </description>
  <displayname default="Azure Communication Services Email">
    <label description="Azure Communication Services Email" languagecode="1033" />
  </displayname>
  <introducedversion>1.1.0.2</introducedversion>
  <iscustomizable>1</iscustomizable>
  <isrequired>0</isrequired>
  <secretstore>0</secretstore>
  <type>100000000</type>
</environmentvariabledefinition>