<powerpagecomponent powerpagecomponentid="8db95d04-3c02-4c85-826e-df03e9a416a6">
  <content>{"disablepagevalidation":false,"displayimageonly":false,"displayorder":1,"displaypagechildlinks":false,"openinnewwindow":false,"pageid":"c56a2cdf-2101-4a37-9797-240630eeab31","publishingstateid":"98c3c40d-73b6-4b26-9791-e0b89a21706e","robotsfollowlink":true,"weblinksetid":"8be3b635-8771-4386-9361-87ff0d106b8a"}</content>
  <iscustomizable>1</iscustomizable>
  <name>Home</name>
  <powerpagecomponenttype>5</powerpagecomponenttype>
  <powerpagesiteid>
    <powerpagesiteid>0cd59409-6fec-4be9-bd09-8f1d362195e1</powerpagesiteid>
  </powerpagesiteid>
  <statecode>0</statecode>
  <statuscode>1</statuscode>
</powerpagecomponent>