<powerpagecomponent powerpagecomponentid="972cb400-177d-479d-98cb-d5656294499d">
  <content>{
  "entityname": "Contact Access - CRU",
  "entitylogicalname": "mass_contactaccess",
  "scope": 756150001,
  "append": true,
  "appendto": true,
  "delete": false,
  "read": true,
  "create": true,
  "write": false,
  "parentrelationship": null,
  "parententitypermission": null,
  "contactrelationship": "mass_contactaccess_contact",
  "accountrelationship": null,
  "childTablePermissions": [],
  "adx_entitypermission_webrole": [
    "09afbfac-c6ca-4baf-bcc8-7e9affb39134"
  ]
}</content>
  <iscustomizable>1</iscustomizable>
  <name>Contact Access - CRU</name>
  <powerpagecomponenttype>18</powerpagecomponenttype>
  <powerpagesiteid>
    <powerpagesiteid>0cd59409-6fec-4be9-bd09-8f1d362195e1</powerpagesiteid>
  </powerpagesiteid>
  <statecode>0</statecode>
  <statuscode>1</statuscode>
</powerpagecomponent>