{
  "$kind": "BotConfiguration",
  "settings": {
    "default-2.1.0": {
      "content": {
        "conversationStarters": [],
        "description": "",
        "displayName": "Alt Text Generator",
        "instructions": ""
      },
      "spec": {
        "connectors": [],
        "knowledgeSources": {
          "publicSites": [],
          "sharepointSites": []
        }
      }
    },
    "GenerativeActionsEnabled": true
  },
  "aISettings": {
    "$kind": "AISettings",
    "useModelKnowledge": true,
    "isFileAnalysisEnabled": false
  }
}