<powerpagecomponent powerpagecomponentid="9e72309b-74aa-4df4-a810-44744df84ed3">
  <content>{"modifiedon":"2025-02-15T16:14:55Z","displayorder":10,"enabletracking":false,"excludefromsearch":true,"hiddenfromsitemap":false,"parentpageid":"c56a2cdf-2101-4a37-9797-240630eeab31","partialurl":"portalbasictheme.css","publishingstateid":"98c3c40d-73b6-4b26-9791-e0b89a21706e"}</content>
  <filecontent mimetype="text/css">portalbasictheme.css</filecontent>
  <iscustomizable>1</iscustomizable>
  <name>portalbasictheme.css</name>
  <powerpagecomponenttype>3</powerpagecomponenttype>
  <powerpagesiteid>
    <powerpagesiteid>0cd59409-6fec-4be9-bd09-8f1d362195e1</powerpagesiteid>
  </powerpagesiteid>
  <statecode>0</statecode>
  <statuscode>1</statuscode>
</powerpagecomponent>