<environmentvariabledefinition schemaname="archer_ProgressInactive">
  <description default="Sample: #DDDDDD">
    <label description="Sample: #DDDDDD" languagecode="1033" />
  </description>
  <displayname default="ProgressInactive">
    <label description="ProgressInactive" languagecode="1033" />
  </displayname>
  <introducedversion>1.0.0.0</introducedversion>
  <iscustomizable>1</iscustomizable>
  <isrequired>0</isrequired>
  <secretstore>0</secretstore>
  <type>100000000</type>
</environmentvariabledefinition>