<powerpagecomponent powerpagecomponentid="77b43723-a657-fbce-ea37-745a3a4e5518">
  <content>{
  "filecontent": null,
  "webpageid": "c97db2f7-6376-cd6b-ce6f-722260267fdd",
  "right": 2,
  "scope": 1,
  "adx_webpageaccesscontrolrule_webrole": [
    "09afbfac-c6ca-4baf-bcc8-7e9affb39134",
    "bebfc636-75ec-ef11-be20-6045bdef6d3f"
  ]
}</content>
  <iscustomizable>1</iscustomizable>
  <name>Restrict Read on Agency</name>
  <powerpagecomponenttype>10</powerpagecomponenttype>
  <powerpagesiteid>
    <powerpagesiteid>0cd59409-6fec-4be9-bd09-8f1d362195e1</powerpagesiteid>
  </powerpagesiteid>
  <statecode>0</statecode>
  <statuscode>1</statuscode>
</powerpagecomponent>