<environmentvariabledefinition schemaname="crfc6_Recipientemailaddress">
  <description default="Colon separated email address of recipients">
    <label description="Colon separated email address of recipients" languagecode="1033" />
  </description>
  <displayname default="Recipient email address ">
    <label description="Recipient email address " languagecode="1033" />
  </displayname>
  <introducedversion>1.0.0.0</introducedversion>
  <iscustomizable>1</iscustomizable>
  <isrequired>0</isrequired>
  <secretstore>0</secretstore>
  <type>100000000</type>
</environmentvariabledefinition>