{"schemaVersion":"1.0","appDefinitionTemplate":{"id":"/providers/Microsoft.PowerApps/apps/","type":"Microsoft.PowerApps/apps","tags":{"primaryDeviceWidth":"1366","primaryDeviceHeight":"768","supportsPortrait":"true","supportsLandscape":"true","primaryFormFactor":"Tablet","showStatusBar":"false","publisherVersion":"3.23102.20","minimumRequiredApiVersion":"2.2.0","hasComponent":"true","hasUnlockedComponent":"true","isUnifiedRootApp":"false","sienaVersion":"20231101T141729Z-3.23102.20.0"},"properties":{"appVersion":"2023-11-01T14:17:29Z","lifeCycleId":"Published","createdByClientVersion":{"major":3,"minor":23102,"build":20,"revision":0,"majorRevision":0,"minorRevision":0},"minClientVersion":{"major":3,"minor":23102,"build":20,"revision":0,"majorRevision":0,"minorRevision":0},"backgroundColor":"RGBA(0,176,240,1)","backgroundImageUri":"/5937974194298515023/N1de67b91-3801-4125-96d6-993331e2438e-logoSmallFile","displayName":"QNA App Internal","description":"","commitMessage":"","appUris":{"documentUri":{"value":"/5937974194298515023/N1763a223-b863-4794-9748-735663ad16bb-document.msapp"},"imageUris":[],"additionalUris":[]},"createdTime":"0001-01-01T00:00:00Z","lastModifiedTime":"0001-01-01T00:00:00Z","sharedGroupsCount":0,"sharedUsersCount":0,"connectionReferences":{"030c8b53-7ab3-4df8-a0ef-5bc6210277dd":{"id":"199ee377-69d0-4564-ad8f-febf2a7c351c","displayName":"SharePoint","iconUri":"https://connectoricons-prod.azureedge.net/releases/v1.0.1656/1.0.1656.3432/sharepointonline/icon.png","dataSources":["QNA List","Department Member List"],"dependencies":[],"dependents":[],"parameterHints":{},"parameterHintsV2":{},"isOnPremiseConnection":false,"bypassConsent":false,"dataSets":{"https://fe27.sharepoint.com/sites/PowerAppsTraining":{"dataSources":{"QNA List":{"tableName":"d1bdefe3-6e44-478c-8b2e-7ed43e9eea37"},"Department Member List":{"tableName":"519ceaf4-eff9-445f-9d92-8a71cc2fbf83"}}}},"apiTier":"Standard","isCustomApiConnection":false,"actions":["providers/PowerPlatform.Governance/Operations/Read","providers/PowerPlatform.Governance/Operations/Write"]}},"databaseReferences":{},"almMode":"Environment","performanceOptimizationEnabled":true,"canConsumeAppPass":true,"enableModernRuntimeMode":false,"executionRestrictions":{"isTeamsOnly":false,"dataLossPreventionEvaluationResult":{"status":"Compliant","lastEvaluationDate":"2023-10-31T15:59:49.0423857Z","violations":[],"violationsByPolicy":[],"violationErrorMessage":"The app uses the following connectors: ."}}},"appType":"ClassicCanvasApp","appComponents":[]}}