<environmentvariabledefinition schemaname="gsllc_Notification_Email_Address">
  <description default="Here you should input your operations email">
    <label description="Here you should input your operations email" languagecode="1033" />
  </description>
  <displayname default="Notification_Email_Address">
    <label description="Notification_Email_Address" languagecode="1033" />
  </displayname>
  <introducedversion>1.0.0.4</introducedversion>
  <iscustomizable>1</iscustomizable>
  <isrequired>0</isrequired>
  <secretstore>0</secretstore>
  <type>100000000</type>
</environmentvariabledefinition>