{"__Version":"0.1","App":"514f49e6-7257-413b-8cf0-3a03e6d47a97","Test_7F478737223C4B69":"5ad26228-5d71-4d8e-9c45-b8e537d5d9a8","Host":"3909d291-e034-4515-9deb-31ae71a04bd3","Timeline":"e9f7f0f6-ffe5-4b00-84de-228bbecf2b65","con_TL_Accounts":"08f236f7-3e40-4bcc-88bf-99b0c8157fc9","gal_TL_Account":"28f473f7-d47b-4ad5-849a-ecbcf2b3af69","galleryTemplate2_3":"6276c800-105d-444e-b944-f768c32e8e6d","con_TL_galAccountRecord":"8ef0c0e2-88eb-47b4-833b-a137d2a65efd","shp_TL_galAccountsRecord":"7b871719-df1c-4d07-96f9-c83967c4051f","btn_TL_galAccountRecord_Select":"65032ed2-5564-45cd-a795-403426fc5965","lbl_TL_galAccountRecord_Name":"f4ac24c0-7e88-4145-afe9-be590191a25d","lbl_TL_galAccountsRecord_Email":"fa446fba-4f7e-43a6-8cb1-6caceca391b2","lbl_TL_Accounts":"79edf3ac-f509-467e-b1c8-580f47217903","con_TL_Contacts":"81ff0710-4224-4842-8a43-74c4582415bf","gal_TL_Contacts":"0c7e329d-c6c6-4550-8bd4-9fd5b8f94b60","galleryTemplate2_2":"c93ca34a-5669-47af-ab83-f9d45028849e","lbl_TL_Contacts":"6e6d09e1-fde3-4c14-b03a-6dc236eedd77","shp_TL_galContactRecord":"1fe60386-ec58-4fbd-bd00-0b385516b3a5","btn_TL_galContactRecord_Select":"be306171-f37d-433b-8f29-c53c8cff8801","lbl_TL_galContactRecord_Name":"f4784a93-323c-456e-89db-1a7e5ead34ae","con_TL_galContactRecord":"67ded5cf-ab8f-4c2f-947b-e6129b296386","lbl_TL_galContactRecord_Email":"a2bf6dcf-47b8-4f3f-bb2f-38f7f7204b8b","con_TL_Timeline":"0f28a339-7e7f-4b77-bf41-68dc55a1f3f0","ico_TL_NewActivity":"abcddd9d-b801-4945-a670-282479af62f8","lbl_TL_Timeline":"e593b7a4-c1d5-4ec1-8f8d-b01f2c28abeb","gal_TL_Timeline":"9c1e0204-503a-428b-996c-cc9d9da43521","galleryTemplate2_5":"13e22bff-a2dc-493f-894d-88a568151ce4","con_TL_galTimeline_Activity":"2398abbf-a7b4-49f9-bca7-10ecd5e2f79c","btn_TL_galTimeline_ActivitySelect":"59aebf0b-8c74-448d-98a5-e364f2bff34b","lbl_TL_galTimeline_ActivityCreated":"871122a6-7af0-4a8d-81b7-8e0ead845eba","ico_TL_galTimeline_ActivityEdit":"6dcc27da-4750-49ab-942e-79b1b3fc8ae6","ico_TL_galTimeline_ActivityType":"8976671a-0ea2-4bc9-b03d-7792a5c7eb36","lbl_TL_galTimeline_ActivityTitle":"e11fd9d4-c8cc-4a9a-b419-b5411a82baf5","lbl_TL_galTimeline_ActivityDescription":"96816bb6-714c-4b5a-8c7a-a697271b2d94","shp_TL_galTimelineCreatedBy_1":"e8adbfb2-e401-4e56-a499-d398b47c4abb","lbl_TL_galTimelineCreatedBy_1":"0fe68e11-fc30-4d73-b780-92d21f7b9aea","tgl_TL_RelatedActivities":"a7b10ff3-e87f-4b66-8163-caca6ec6f919","grp_TL_galTimelineCreatedBy":"46515059-ed99-453b-a233-f3091eaec45d","btn_TL_Timeline":"65525df6-2b40-489f-861a-b0ec0437e8ce","btn_TL_Clear":"c4d58bc4-1c98-4dc5-af52-ba9373bccb95","btn_TL_Notes":"0c68abb6-4276-4f21-b00a-742a0ee77246","btn_TL_Appointments":"0233a051-49b6-46a2-9f51-b819ff45df14","btn_TL_Calls":"3a2dc01f-c364-4109-878d-a03403006aaa","btn_TL_Emails":"d3a44a08-d931-40d3-b53f-117f9830a3c0","btn_TL_Tasks":"093b6810-e1c3-44db-b98b-2b348a8b95f5","hde_TL_Header":"94d79fe2-5c82-4466-ad86-769358f0d660","con_TL_Header":"eca5d714-40ae-4fb3-9a74-c85140c50163"}