{"schemaVersion":"1.0","appDefinitionTemplate":{"id":"/providers/Microsoft.PowerApps/apps/","type":"Microsoft.PowerApps/apps","tags":{"primaryDeviceWidth":"1366","primaryDeviceHeight":"768","supportsPortrait":"true","supportsLandscape":"true","primaryFormFactor":"Tablet","showStatusBar":"false","publisherVersion":"3.25022.11","minimumRequiredApiVersion":"2.2.0","hasComponent":"true","hasUnlockedComponent":"true","isUnifiedRootApp":"false","sienaVersion":"20250302T190738Z-3.25022.11.0"},"properties":{"appVersion":"2025-03-02T19:07:38Z","lifeCycleId":"Published","createdByClientVersion":{"major":3,"minor":25022,"build":11,"revision":0,"majorRevision":0,"minorRevision":0},"minClientVersion":{"major":3,"minor":25022,"build":11,"revision":0,"majorRevision":0,"minorRevision":0},"backgroundColor":"rgba(255, 255, 255, 1)","backgroundImageUri":"/14341605426614766316/Na49b21de-73bd-4f56-9d10-6364871bea2c-logoSmallFile","displayName":"Charts 4 PowerApps","description":"🚀 Boost Your Power Apps with Stunning Charts! 📊✨\n\nIntroducing Chart4PowerApps – a demo app with ready-to-use chart components for beautiful, data-driven visuals in your Canvas Apps.\n\n✅ Multiple chart types (bar, line, pie & more)\n✅ Fully customizable & easy to integrate\n✅ Live data support for real-time insights\n\nTransform raw data into engaging visuals effortlessly! Want a demo? Drop a comment or message me!\n\nLearn more from https://www.logisam.com","commitMessage":"","appUris":{"documentUri":{"value":"/14341605426614766316/Nf019245d-92a5-4f4e-bc06-8ff9aca3c692-document.msapp"},"imageUris":[],"additionalUris":[{"isSolutionAware":false,"value":"/14341605426614766316/N101163df-2b01-49a6-8425-63e67d55a34e-identity.json"}]},"createdTime":"0001-01-01T00:00:00Z","lastModifiedTime":"0001-01-01T00:00:00Z","sharedGroupsCount":0,"sharedUsersCount":0,"connectionReferences":{},"databaseReferences":{},"almMode":"Solution","performanceOptimizationEnabled":true,"canConsumeAppPass":false,"enableModernRuntimeMode":false,"executionRestrictions":{"isTeamsOnly":false,"dataLossPreventionEvaluationResult":{"status":"Compliant","lastEvaluationDate":"2025-03-02T01:51:59.1876309Z","violations":[],"violationsByPolicy":[],"violationErrorMessage":"The app uses the following connectors: ."}}},"isAppComponentLibrary":false,"appType":"ClassicCanvasApp","appComponents":[]}}