{
  "properties": {
    "connectionReferences": {
      "shared_sharepointonline-1": {
        "api": {
          "name": "shared_sharepointonline"
        },
        "connection": {
          "connectionReferenceLogicalName": "glynn_SharePoint"
        },
        "runtimeSource": "invoker"
      }
    },
    "definition": {
      "$schema": "https://schema.management.azure.com/providers/Microsoft.Logic/schemas/2016-06-01/workflowdefinition.json#",
      "contentVersion": "1.0.0.0",
      "parameters": {
        "$authentication": {
          "defaultValue": {},
          "type": "SecureObject"
        },
        "$connections": {
          "defaultValue": {},
          "type": "Object"
        }
      },
      "triggers": {
        "manual": {
          "type": "Request",
          "kind": "Button",
          "inputs": {
            "schema": {
              "type": "object",
              "properties": {
                "text": {
                  "title": "List Name",
                  "type": "string",
                  "x-ms-dynamically-added": true,
                  "description": "Name of the list to update",
                  "x-ms-content-hint": "TEXT"
                },
                "number": {
                  "title": "List ID",
                  "type": "number",
                  "x-ms-dynamically-added": true,
                  "description": "List item ID to update",
                  "x-ms-content-hint": "NUMBER"
                },
                "text_1": {
                  "title": "Created By Email",
                  "type": "string",
                  "x-ms-dynamically-added": true,
                  "description": "Email address of the person to set as Author",
                  "x-ms-content-hint": "TEXT"
                },
                "text_2": {
                  "title": "Site Address",
                  "type": "string",
                  "x-ms-dynamically-added": true,
                  "description": "Site address of the list",
                  "x-ms-content-hint": "TEXT"
                }
              },
              "required": [
                "text",
                "number",
                "text_1",
                "text_2"
              ]
            }
          },
          "metadata": {
            "operationMetadataId": "470f91ea-51c2-49f7-aea7-eacb8719fced"
          }
        }
      },
      "actions": {
        "Send_an_HTTP_request_to_SharePoint": {
          "type": "OpenApiConnection",
          "inputs": {
            "parameters": {
              "dataset": "@triggerBody()['text_2']",
              "parameters/method": "POST",
              "parameters/uri": "_api/web/lists/getbytitle('@{triggerBody()['text']}')/items('@{triggerBody()['number']}')/validateUpdateListItem",
              "parameters/body": "{\n\t\"formValues\":[\n\t\t{\n\t\t\t\"FieldName\": \"Author\",\n\t\t\t\"FieldValue\": \"[{'Key':'i:0#.f|membership|@{triggerBody()?['text_1']}'}]\"\n\t\t}\n\t]\n}"
            },
            "host": {
              "apiId": "/providers/Microsoft.PowerApps/apis/shared_sharepointonline",
              "operationId": "HttpRequest",
              "connectionName": "shared_sharepointonline-1"
            }
          },
          "runAfter": {},
          "metadata": {
            "operationMetadataId": "f2ca745a-b93c-40f1-b189-55975d1ce485"
          }
        },
        "Respond_to_a_Power_App_or_flow": {
          "type": "Response",
          "kind": "PowerApp",
          "inputs": {
            "schema": {
              "type": "object",
              "properties": {
                "status": {
                  "title": "Status",
                  "x-ms-dynamically-added": true,
                  "type": "string"
                }
              },
              "additionalProperties": {}
            },
            "statusCode": 200,
            "body": {
              "status": "Complete"
            }
          },
          "runAfter": {
            "Send_an_HTTP_request_to_SharePoint": [
              "Succeeded"
            ]
          },
          "metadata": {
            "operationMetadataId": "9a81b50e-41dd-4bc9-9ec0-77dc5d06453c"
          }
        }
      },
      "description": "This Power Automate flow updates the “Created By” field in Microsoft Lists, replacing the default account with a specified user based on their email address, using an HTTP request to SharePoint."
    },
    "templateName": null
  },
  "schemaVersion": "1.0.0.0"
}