<environmentvariabledefinition schemaname="csa_shared_sharepointonline_c459cc46bfd247029488ddc02494a7ff">
  <apiid>/providers/microsoft.powerapps/apis/shared_sharepointonline</apiid>
  <displayname default="Incident Reporting - SharePoint Site">
    <label description="Incident Reporting - SharePoint Site" languagecode="1033" />
  </displayname>
  <introducedversion>1.0.0.0</introducedversion>
  <iscustomizable>1</iscustomizable>
  <isrequired>0</isrequired>
  <parameterkey>dataset</parameterkey>
  <secretstore>0</secretstore>
  <type>100000004</type>
</environmentvariabledefinition>