<environmentvariabledefinition schemaname="pnp_ChannelID">
  <description default="ID of the Microsoft Teams Channel">
    <label description="ID of the Microsoft Teams Channel" languagecode="1033" />
  </description>
  <displayname default="Channel ID">
    <label description="Channel ID" languagecode="1033" />
  </displayname>
  <introducedversion>1.0.0.0</introducedversion>
  <iscustomizable>1</iscustomizable>
  <isrequired>0</isrequired>
  <secretstore>0</secretstore>
  <type>100000000</type>
</environmentvariabledefinition>