{"__Version":"0.1","App":"0b025a30-b0af-4d9c-807b-4fd409d35a55","Test_7F478737223C4B69":"645c48af-0b0c-4e53-8ba9-989e0b532cc2","Host":"15adf8a3-01b8-41d7-b43d-c71ec52ec70a","menu component":"59a2ea87-0ad9-4c61-893c-5a72d93e5cb7","menu logo":"7fce1a06-1006-42f3-9845-5ad4fd42540f","menu gallery":"db8a0828-17d5-4586-87e4-44915668d805","b448fe5b-7ee2-48c5-9b00-4bcae267e48f":"cef4ddb5-665d-49d6-a3a3-6c84b665d502","menu icons":"994c1aff-51b9-4925-b2d3-a59f16934a10","screen header":"1a3dcf38-3c3d-4486-b4a2-61996b89f559","header text_1":"963754bc-c667-489c-b134-c4ecada5e491","Prompt refinement":"1cfc805f-24af-42ea-b54a-fa07ecab6d14","Instruction Main Container":"2359b242-c3cb-4e60-a5cb-18c1c47708c8","Instruction Menu Container":"e94db1fe-7cfd-4199-b798-d3a6fe3b30f1","Instructions menu compomemt":"08c96762-7aa7-4926-adec-645f5af92a13","Instruction Prompt Container":"9106e712-e543-4316-bb02-3678c5ed6d2e","Instruction screen - Header":"50cf595b-8d04-4208-84ec-e7f734165881","Instructions header component":"5284db4b-35b1-4b8e-9af9-a808378f999e","Instruction screen - Main part":"06b00681-58c9-4b77-b45f-e23360a7b8ba","Instruction screen - Guides container":"13cf4744-8f0c-4357-9b2e-091060d91aab","Instruction screen - Tips":"48c9b50f-8dfe-4aae-93b8-2ef750b1655f","Instruction screen - Text input container":"8371bc5a-a2f4-4f12-809b-e5949af0b880","Instruction screen - Input prompt":"cab63d65-9971-4d4e-8b42-ce3ce8ea7d27","Instruction screen - Notification container":"b7a7c11b-57d4-44df-88e6-430411c4fc1d","Instruction screen - Length notification":"69bdcd44-87e5-4332-a292-1b5aa3938536","Instruction screen - Button container":"73f6824a-3ee8-441a-a038-b9faa3338783","Instruction screen - Update prompt button":"89e5f011-edd5-4153-9fed-9ac560896ba9","Analytics":"abe84ea1-6b6a-4173-8830-db849685afcd","Analytcs Main Container":"1f7eb73e-08fe-4400-be4a-773da498c4dc","Analytcs Menu Container":"eca56f98-8aff-4484-b0d7-8c3c9cfd97cf","Analytcs menu component":"0d2eef33-a85c-4a8e-ad26-174c2d2364fe","Analytcs Prompt Container":"c3463903-74d6-4e2b-8f24-3af0e655e821","Analytcs screen Header":"5f81451a-f85d-4d33-8e1b-59a4a7197d5c","Analytcs header component":"fb30e38e-86bc-45b4-a138-ba2577983c0f","Analytcs screen - Main part":"2584ffce-11aa-4629-a421-a094602d9f65","Analytcs screen - Metrics container":"f19f95a6-4c2c-4a6e-9c8c-f902c9a8f5dc","Analytics screen - Messages Container":"12a5a51e-1a4f-4df6-96ea-362e50a4c8e9","Analytics screen - Messages header":"8c5dc322-38b4-4a94-b09d-f21c7392dfd2","Analytics screen - Messages info":"cc2575e3-6575-451b-8c19-a918870bca27","Analytics screen - Messages value":"c10ea5fa-298e-4bca-a31e-d091b48d41a1","Analytics screen - Quiz Container":"1d450f59-f856-4eed-a940-7a8dbe809109","Analytics screen - Quiz header":"64ab4b9a-ec87-46f6-b6d7-327c16b92611","Analytics screen - Quiz info":"78723f72-6c05-4439-b837-0c5df87f0b3d","Analytics screen - Quiz value":"e523a789-cc96-4ee2-bb53-4b07c2aeb92e","Analytics screen - Examples Container":"fc4fb1e5-4cce-4a3e-a0ef-755de54c906c","Analytics screen - Examples header":"f3bd3172-28ae-4bda-80ea-230588f12adb","Analytics screen - Examples info":"9559564e-c653-43fd-81fe-9f73c5f0ef66","Analytics screen - Examples value":"568f818d-193b-49c8-84fe-9f30f7bd138b","Analytics screen - Renews definition Container":"6edd42b8-7394-441d-a9cf-b97e3e95bf79","Analytics screen - Renews definition header":"891d24a6-d077-4e9b-874c-4dbf038439eb","Analytics screen - Renews definition info":"59cda875-0767-4f91-9daa-990432b50e9b","Analytics screen - Renews definition value":"705fbdfc-4820-40ee-aa51-69b4a2db84bc","Analytics screen - Terms Container":"bbf40d39-9645-4ad6-9e50-f8be0dcab81e","Analytics screen - Terms header":"26126ab7-e523-4d75-ae7c-de4dcf1edca1","Analytics screen - Terms info":"dffd1fd7-3af9-4d4b-a2cc-0449cdb447b5","Analytics screen - Terms value":"e99e9521-ee78-4710-bc29-c79b37e89b90","Analytics screen - Period container":"8889e565-4ff0-44c6-97a8-d1b77fc0d540","Analytics screen - Period header":"ae428d0e-4021-4106-bdd8-e75caf26159e","Analytics screen - Period dropdown":"3d672062-d665-41a9-ae57-d3adbac4703f","name1":"55499d49-1257-47db-925a-e981f5372c41","Analytics screen - Charts container":"11b00124-90d8-48da-a9da-45d0dee8af0e","Analytics screen - Chart container":"4f8fd01a-5eb1-4530-945c-fc3d069960de","Analytics screen - Chart":"b2fd75e0-e48e-43e8-bd9b-b33bf3e4d59a","Analytics screen - Histogram container":"5856400f-19ca-4ffd-b5e9-6f1a0fbcf6c0","Analytics screen - Histogram":"26328642-4311-49ab-b86f-8169195749be","About":"794dd3ba-5a41-462f-a654-3f09f7186851","About Main Container":"11f548d9-b092-438d-98fb-cad3b431077f","About Menu Container":"d209d54d-0028-446c-82d7-acd239c4ca56","About menu component":"bc1a2ff2-38ab-42ef-ba0d-2916d4bac684","About Main container":"e19b4f2d-fa87-47b5-a832-1316f1ca3a54","About screen Header":"7e020651-dcb7-4f67-b805-3a6353650493","About header component":"83a203b4-adf5-41fb-a426-dda50764d932","About screen - Main part":"c570c4d0-2b38-4a76-b3c1-0735bb2d4a6c","About screen - Main container":"701b1ef4-b509-451f-8e0f-266abd5f9049","About screen - container for nformation":"eb34a7be-7586-42b8-81ef-3a714f0516fd","About screen - information":"655da2b6-bc5e-4807-824c-649d4eaafb34","Settings":"436a9be2-d99c-411b-b644-fca351f03462","Settings Main Container":"26ff4e2e-8648-489c-83bc-6807e1671865","Settings Menu Container":"d6e6f75d-4c0f-4576-b8f4-3bded8bc2632","Settings menu component":"3c448b7d-04ad-4352-9b0f-78b62e1f81e1","Settings Prompt Container":"a38c9c35-962e-4a51-bec0-e071c7afb471","Settings screen Header":"a5f2961b-7aed-4102-8e4c-154ad33aaac1","Settings header component":"1f6aa0b6-490d-47c2-a1b0-77fbe1ffb096","Settings screen - Main part":"847f2039-7151-43ef-8ece-df35cf005cf1","Settings screen - Container":"70a2eebc-82b0-40d5-bc08-ef5e40256ea9","Settings screen - Container for description":"219ee230-5374-4bec-bb63-9e15ba84271c","Settings screen - Description":"80bdb8b7-9f5a-4bfa-8e90-3f12975829a9","Settings screen - Container for form":"84b10d06-a2eb-4ffd-99a2-e3dd4a27aaf4","Settings screen - Form header":"f87b496e-c62e-43ca-b1ee-43cfc87b26ba","Settings screen - Option selection":"ec4c4726-b6a8-4292-a322-50a0c5bde148","name2":"73e4f2ff-654b-4b63-8bad-9f0089ce7793","Settings screen - Subheader 1":"36355182-e946-40e6-92da-00e70c93e636","Settings screen - Endpoint subheader":"61360f10-f6c8-43fa-a166-9801a1a479f0","Settings screen - Endpoint header":"bfa4a1f1-3d53-4be7-b7fb-bbbb1f9acaee","Settings screen - Endpoint value":"571b33e2-cd32-438c-806b-b8bb86d08034","Settings screen - Model header":"ccc34539-2a09-49a3-8651-5178f7299999","Settings screen - Model value":"f8708beb-ed64-43dd-b543-2d7670b0c9a9","Settings screen - Key Vault subheader":"44a174ed-83b9-42ea-a8fc-a154928e3e91","Settings screen - Subscription header":"3f499632-90ce-4b99-b515-b6cc0c6523c4","Settings screen - Subscription value":"f827a143-86f5-4449-bd19-e564eefc677b","Settings screen - Resource group header":"b801bc63-4f71-43d2-a287-2da78bdfcfcd","Settings screen - Resource group value":"bac8457f-5c46-4c91-b3df-98b78590597d","Settings screen - Key Vault name header":"ee7c03e0-c777-44b0-9bd3-095a36f65bab","Settings screen - Key Vault name value":"15912da7-660a-40c3-9eeb-3cfe473b63a6","Settings screen - Secret header":"c709b0ba-79d3-422d-b2b7-7378378afa0a","Settings screen - Secret value":"8c62bee1-13cd-4ea1-b57c-06e243ed432f","Settings screen - Space container":"cf23ca24-38e5-4615-8449-d76e8c65dc20","Settings screen - Save button":"69e403fd-f4b7-4808-bf68-93e8139f1c17"}