<powerpagecomponent powerpagecomponentid="4cc9963d-c354-4b7d-8bd0-4129b197ae99">
  <content>{"createdOn":"2025-02-19T14:31:04.216Z","parentpageid":"c56a2cdf-2101-4a37-9797-240630eeab31","publishingstateid":"98c3c40d-73b6-4b26-9791-e0b89a21706e","partialurl":"Screenshot 2025-02-19 093054.png","title":"","summary":"","enabletracking":false,"excludefromsearch":false,"hiddenfromsitemap":false}</content>
  <filecontent mimetype="image/png">Screenshot%202025-02-19%20093054.png</filecontent>
  <iscustomizable>1</iscustomizable>
  <name>Screenshot 2025-02-19 093054.png</name>
  <powerpagecomponenttype>3</powerpagecomponenttype>
  <powerpagesiteid>
    <powerpagesiteid>0cd59409-6fec-4be9-bd09-8f1d362195e1</powerpagesiteid>
  </powerpagesiteid>
  <statecode>0</statecode>
  <statuscode>1</statuscode>
</powerpagecomponent>