<ImportExportXml version="9.2.25021.206" SolutionPackageVersion="9.2" languagecode="1033" generatedBy="CrmLive" xmlns:xsi="http://www.w3.org/2001/XMLSchema-instance" OrganizationVersion="9.2.25021.206" OrganizationSchemaType="Standard" CRMServerServiceabilityVersion="9.2.25022.00202">
  <SolutionManifest>
    <UniqueName>TravelRequestApprovalApp</UniqueName>
    <LocalizedNames>
      <LocalizedName description="Travel Request Approval App" languagecode="1033" />
    </LocalizedNames>
    <Descriptions />
    <Version>1.0.0.6</Version>
    <Managed>0</Managed>
    <Publisher>
      <UniqueName>Summit</UniqueName>
      <LocalizedNames>
        <LocalizedName description="summit" languagecode="1033" />
      </LocalizedNames>
      <Descriptions>
        <Description description="summit" languagecode="1033" />
      </Descriptions>
      <EMailAddress xsi:nil="true"></EMailAddress>
      <SupportingWebsiteUrl xsi:nil="true"></SupportingWebsiteUrl>
      <CustomizationPrefix>summit</CustomizationPrefix>
      <CustomizationOptionValuePrefix>30405</CustomizationOptionValuePrefix>
      <Addresses>
        <Address>
          <AddressNumber>1</AddressNumber>
          <AddressTypeCode>1</AddressTypeCode>
          <City xsi:nil="true"></City>
          <County xsi:nil="true"></County>
          <Country xsi:nil="true"></Country>
          <Fax xsi:nil="true"></Fax>
          <FreightTermsCode xsi:nil="true"></FreightTermsCode>
          <ImportSequenceNumber xsi:nil="true"></ImportSequenceNumber>
          <Latitude xsi:nil="true"></Latitude>
          <Line1 xsi:nil="true"></Line1>
          <Line2 xsi:nil="true"></Line2>
          <Line3 xsi:nil="true"></Line3>
          <Longitude xsi:nil="true"></Longitude>
          <Name xsi:nil="true"></Name>
          <PostalCode xsi:nil="true"></PostalCode>
          <PostOfficeBox xsi:nil="true"></PostOfficeBox>
          <PrimaryContactName xsi:nil="true"></PrimaryContactName>
          <ShippingMethodCode>1</ShippingMethodCode>
          <StateOrProvince xsi:nil="true"></StateOrProvince>
          <Telephone1 xsi:nil="true"></Telephone1>
          <Telephone2 xsi:nil="true"></Telephone2>
          <Telephone3 xsi:nil="true"></Telephone3>
          <TimeZoneRuleVersionNumber xsi:nil="true"></TimeZoneRuleVersionNumber>
          <UPSZone xsi:nil="true"></UPSZone>
          <UTCOffset xsi:nil="true"></UTCOffset>
          <UTCConversionTimeZoneCode xsi:nil="true"></UTCConversionTimeZoneCode>
        </Address>
        <Address>
          <AddressNumber>2</AddressNumber>
          <AddressTypeCode>1</AddressTypeCode>
          <City xsi:nil="true"></City>
          <County xsi:nil="true"></County>
          <Country xsi:nil="true"></Country>
          <Fax xsi:nil="true"></Fax>
          <FreightTermsCode xsi:nil="true"></FreightTermsCode>
          <ImportSequenceNumber xsi:nil="true"></ImportSequenceNumber>
          <Latitude xsi:nil="true"></Latitude>
          <Line1 xsi:nil="true"></Line1>
          <Line2 xsi:nil="true"></Line2>
          <Line3 xsi:nil="true"></Line3>
          <Longitude xsi:nil="true"></Longitude>
          <Name xsi:nil="true"></Name>
          <PostalCode xsi:nil="true"></PostalCode>
          <PostOfficeBox xsi:nil="true"></PostOfficeBox>
          <PrimaryContactName xsi:nil="true"></PrimaryContactName>
          <ShippingMethodCode>1</ShippingMethodCode>
          <StateOrProvince xsi:nil="true"></StateOrProvince>
          <Telephone1 xsi:nil="true"></Telephone1>
          <Telephone2 xsi:nil="true"></Telephone2>
          <Telephone3 xsi:nil="true"></Telephone3>
          <TimeZoneRuleVersionNumber xsi:nil="true"></TimeZoneRuleVersionNumber>
          <UPSZone xsi:nil="true"></UPSZone>
          <UTCOffset xsi:nil="true"></UTCOffset>
          <UTCConversionTimeZoneCode xsi:nil="true"></UTCConversionTimeZoneCode>
        </Address>
      </Addresses>
    </Publisher>
    <RootComponents>
      <RootComponent type="1" schemaName="ctb_bookings" behavior="0" />
      <RootComponent type="1" schemaName="ctb_equipments" behavior="0" />
      <RootComponent type="1" schemaName="sb_flightbookings" behavior="0" />
      <RootComponent type="1" schemaName="sb_hotelbooking" behavior="0" />
      <RootComponent type="1" schemaName="sb_linemanager" behavior="0" />
      <RootComponent type="1" schemaName="sb_purposeoftravel" behavior="0" />
      <RootComponent type="1" schemaName="sb_requestrules" behavior="0" />
      <RootComponent type="1" schemaName="sb_roles" behavior="0" />
      <RootComponent type="1" schemaName="sb_travelrequest" behavior="0" />
      <RootComponent type="1" schemaName="sb_travelrequestaudit" behavior="0" />
      <RootComponent type="1" schemaName="sb_userroles" behavior="0" />
      <RootComponent type="1" schemaName="systemuser" behavior="1" />
      <RootComponent type="9" schemaName="ctb_bookingstatus" behavior="0" />
      <RootComponent type="9" schemaName="sb_flightbookingstatus" behavior="0" />
      <RootComponent type="9" schemaName="sb_onewayreturnflight" behavior="0" />
      <RootComponent type="9" schemaName="sb_priority" behavior="0" />
      <RootComponent type="20" id="{49dc42ed-984e-ed11-bba1-002248212f5a}" behavior="0" />
      <RootComponent type="20" id="{5987c3c8-984e-ed11-bba1-002248212f5a}" behavior="0" />
      <RootComponent type="20" id="{5ee85572-9b4e-ed11-bba1-002248212f5a}" behavior="0" />
      <RootComponent type="20" id="{608e2609-974e-ed11-bba1-002248212f5a}" behavior="0" />
      <RootComponent type="20" id="{fed453e0-984e-ed11-bba1-002248212f5a}" behavior="0" />
      <RootComponent type="29" id="{0cddc450-e761-ed11-9562-002248212f5a}" behavior="0" />
      <RootComponent type="29" id="{3d5069eb-de61-ed11-9562-002248212f5a}" behavior="0" />
      <RootComponent type="29" id="{7a9ed336-e14d-ed11-bba1-002248212f5a}" behavior="0" />
      <RootComponent type="29" id="{80472d75-a762-ed11-9562-002248212f5a}" behavior="0" />
      <RootComponent type="29" id="{e8f2a3e4-1a4e-ed11-bba1-002248212f5a}" behavior="0" />
      <RootComponent type="29" id="{f1d30b96-1564-ed11-9562-002248212f5a}" behavior="0" />
      <RootComponent type="29" id="{fd7fe842-6b2e-ed11-9db1-0022482d3383}" behavior="0" />
      <RootComponent type="62" schemaName="sb_TravelRequestAdminPortal" behavior="0" />
      <RootComponent type="80" schemaName="sb_TravelRequestAdminPortal" behavior="0" />
      <RootComponent type="300" schemaName="sb_travelrequestapp_71ff6" behavior="0" />
    </RootComponents>
    <MissingDependencies>
      <MissingDependency>
        <Required type="61" schemaName="msdyn_/Images/AppModule_Default_Icon.png" displayName="msdyn_/Images/AppModule_Default_Icon.png" solution="AppModuleWebResources (2.5)" />
        <Dependent type="80" schemaName="sb_TravelRequestAdminPortal" displayName="Travel Request Admin Portal" />
      </MissingDependency>
      <MissingDependency>
        <Required type="9" schemaName="capability" displayName="Capability" solution="msdyn_PowerConnectors (9.2.15.0)">
          <package appName="Connector" version="9.2.15.0">msdyn_PowerConnectors (9.2.15.0)</package>
        </Required>
        <Dependent type="2" schemaName="ctb_capability" displayName="Capability" parentSchemaName="ctb_equipments" parentDisplayName="Equipment" />
      </MissingDependency>
    </MissingDependencies>
  </SolutionManifest>
</ImportExportXml>