<powerpagesitelanguages>
  <powerpagesitelanguage powerpagesitelanguageid="86376c44-2f1d-4c1c-ab77-515ae3517a4f">
    <content>{"publishingstate":"98c3c40d-73b6-4b26-9791-e0b89a21706e","systemlanguage":1033}</content>
    <displayname>English</displayname>
    <iscustomizable>1</iscustomizable>
    <languagecode>en-US</languagecode>
    <lcid>1033</lcid>
    <name>English</name>
    <powerpagesiteid>
      <powerpagesiteid>0cd59409-6fec-4be9-bd09-8f1d362195e1</powerpagesiteid>
    </powerpagesiteid>
    <statecode>0</statecode>
    <statuscode>1</statuscode>
  </powerpagesitelanguage>
</powerpagesitelanguages>