<powerpagesites>
  <powerpagesite powerpagesiteid="0cd59409-6fec-4be9-bd09-8f1d362195e1">
    <content>{"defaultlanguage":"86376c44-2f1d-4c1c-ab77-515ae3517a4f","footerwebtemplateid":"2ae308ed-271e-4156-aca8-73627007139b","headerwebtemplateid":"371e36d9-5fa4-4163-b783-084aba25dfc8","website_language":1033,"defaultbotconsumerid":"6762c917-e0ee-ef11-be20-000d3a1620e0"}</content>
    <datamodelversion>2.0</datamodelversion>
    <iscustomizable>1</iscustomizable>
    <name>MASS Travel Gateway</name>
    <primarydomainname>mass-travel-gateway-dev.powerappsportals.com</primarydomainname>
    <statecode>0</statecode>
    <statuscode>1</statuscode>
  </powerpagesite>
</powerpagesites>