<botcomponent schemaname="cr3f8_sharePointSiteCreation.topic.Greeting">
  <componenttype>9</componenttype>
  <description>This is the default greeting when a chat begins. Start by having your bot or virtual agent introduce itself. When building out topics, consider whether you need to comply with applicable local law.</description>
  <iscustomizable>1</iscustomizable>
  <name>Greeting</name>
  <parentbotid>
    <schemaname>cr3f8_sharePointSiteCreation</schemaname>
  </parentbotid>
  <statecode>0</statecode>
  <statuscode>1</statuscode>
</botcomponent>