<powerpagecomponent powerpagecomponentid="57052535-6bbf-66b9-01cc-74eae893d74a">
  <content>{
  "webpageid": "1e2aaad7-deaa-f320-894d-1d1023848939",
  "right": 2,
  "scope": 1,
  "adx_webpageaccesscontrolrule_webrole": [
    "bebfc636-75ec-ef11-be20-6045bdef6d3f"
  ]
}</content>
  <iscustomizable>1</iscustomizable>
  <name>Restrict Read on Surveys</name>
  <powerpagecomponenttype>10</powerpagecomponenttype>
  <powerpagesiteid>
    <powerpagesiteid>0cd59409-6fec-4be9-bd09-8f1d362195e1</powerpagesiteid>
  </powerpagesiteid>
  <statecode>0</statecode>
  <statuscode>1</statuscode>
</powerpagecomponent>