<ImportExportXml version="9.2.25023.146" SolutionPackageVersion="9.2" languagecode="1033" generatedBy="CrmLive" xmlns:xsi="http://www.w3.org/2001/XMLSchema-instance" OrganizationVersion="9.2.25023.146" OrganizationSchemaType="Standard" CRMServerServiceabilityVersion="9.2.25023.00154">
  <SolutionManifest>
    <UniqueName>MASSTravelAutomations</UniqueName>
    <LocalizedNames>
      <LocalizedName description="MASS Travel Automations" languagecode="1033" />
    </LocalizedNames>
    <Descriptions />
    <Version>1.0.0.5</Version>
    <Managed>1</Managed>
    <Publisher>
      <UniqueName>Mass</UniqueName>
      <LocalizedNames>
        <LocalizedName description="mass" languagecode="1033" />
      </LocalizedNames>
      <Descriptions>
        <Description description="Publisher for Hackathon 2025 MASS Team" languagecode="1033" />
      </Descriptions>
      <EMailAddress xsi:nil="true"></EMailAddress>
      <SupportingWebsiteUrl xsi:nil="true"></SupportingWebsiteUrl>
      <CustomizationPrefix>mass</CustomizationPrefix>
      <CustomizationOptionValuePrefix>29028</CustomizationOptionValuePrefix>
      <Addresses>
        <Address>
          <AddressNumber>1</AddressNumber>
          <AddressTypeCode>1</AddressTypeCode>
          <City xsi:nil="true"></City>
          <County xsi:nil="true"></County>
          <Country xsi:nil="true"></Country>
          <Fax xsi:nil="true"></Fax>
          <FreightTermsCode xsi:nil="true"></FreightTermsCode>
          <ImportSequenceNumber xsi:nil="true"></ImportSequenceNumber>
          <Latitude xsi:nil="true"></Latitude>
          <Line1 xsi:nil="true"></Line1>
          <Line2 xsi:nil="true"></Line2>
          <Line3 xsi:nil="true"></Line3>
          <Longitude xsi:nil="true"></Longitude>
          <Name xsi:nil="true"></Name>
          <PostalCode xsi:nil="true"></PostalCode>
          <PostOfficeBox xsi:nil="true"></PostOfficeBox>
          <PrimaryContactName xsi:nil="true"></PrimaryContactName>
          <ShippingMethodCode>1</ShippingMethodCode>
          <StateOrProvince xsi:nil="true"></StateOrProvince>
          <Telephone1 xsi:nil="true"></Telephone1>
          <Telephone2 xsi:nil="true"></Telephone2>
          <Telephone3 xsi:nil="true"></Telephone3>
          <TimeZoneRuleVersionNumber xsi:nil="true"></TimeZoneRuleVersionNumber>
          <UPSZone xsi:nil="true"></UPSZone>
          <UTCOffset xsi:nil="true"></UTCOffset>
          <UTCConversionTimeZoneCode xsi:nil="true"></UTCConversionTimeZoneCode>
        </Address>
        <Address>
          <AddressNumber>2</AddressNumber>
          <AddressTypeCode>1</AddressTypeCode>
          <City xsi:nil="true"></City>
          <County xsi:nil="true"></County>
          <Country xsi:nil="true"></Country>
          <Fax xsi:nil="true"></Fax>
          <FreightTermsCode xsi:nil="true"></FreightTermsCode>
          <ImportSequenceNumber xsi:nil="true"></ImportSequenceNumber>
          <Latitude xsi:nil="true"></Latitude>
          <Line1 xsi:nil="true"></Line1>
          <Line2 xsi:nil="true"></Line2>
          <Line3 xsi:nil="true"></Line3>
          <Longitude xsi:nil="true"></Longitude>
          <Name xsi:nil="true"></Name>
          <PostalCode xsi:nil="true"></PostalCode>
          <PostOfficeBox xsi:nil="true"></PostOfficeBox>
          <PrimaryContactName xsi:nil="true"></PrimaryContactName>
          <ShippingMethodCode>1</ShippingMethodCode>
          <StateOrProvince xsi:nil="true"></StateOrProvince>
          <Telephone1 xsi:nil="true"></Telephone1>
          <Telephone2 xsi:nil="true"></Telephone2>
          <Telephone3 xsi:nil="true"></Telephone3>
          <TimeZoneRuleVersionNumber xsi:nil="true"></TimeZoneRuleVersionNumber>
          <UPSZone xsi:nil="true"></UPSZone>
          <UTCOffset xsi:nil="true"></UTCOffset>
          <UTCConversionTimeZoneCode xsi:nil="true"></UTCConversionTimeZoneCode>
        </Address>
      </Addresses>
    </Publisher>
    <RootComponents>
      <RootComponent type="1" schemaName="mass_cityinformation1" behavior="0" />
      <RootComponent type="1" schemaName="mass_clientrequest" behavior="0" />
      <RootComponent type="1" schemaName="mass_contactaccess" behavior="0" />
      <RootComponent type="1" schemaName="mass_referral" behavior="0" />
      <RootComponent type="29" id="{14a8fa08-b5f2-ef11-be20-7c1e5217846a}" behavior="0" />
      <RootComponent type="29" id="{35e345eb-a5ef-ef11-be20-000d3a1620e0}" behavior="0" />
      <RootComponent type="29" id="{654ce9f7-70ec-ef11-be20-6045bdef6d3f}" behavior="0" />
      <RootComponent type="29" id="{7e6de350-1df3-ef11-be20-7c1e5217846a}" behavior="0" />
      <RootComponent type="29" id="{b37fec4c-b9ef-ef11-be20-000d3a1620e0}" behavior="0" />
      <RootComponent type="29" id="{b3ffc600-a4ef-ef11-be20-000d3a1620e0}" behavior="0" />
      <RootComponent type="29" id="{bf71b36f-f6ef-ef11-be20-000d3a1620e0}" behavior="0" />
    </RootComponents>
    <MissingDependencies>
      <MissingDependency>
        <Required type="1" schemaName="mspp_webrole" displayName="Web Role" solution="PowerPages_Apps (1.0.2407.8)">
          <package appName="Power Pages Core Package" version="1.0.2409.121">PowerPages_Core (1.0.2409.121)</package>
        </Required>
        <Dependent type="29" displayName="MASS Contact Access Sync by Status" id="{654ce9f7-70ec-ef11-be20-6045bdef6d3f}" />
      </MissingDependency>
      <MissingDependency>
        <Required type="26" schemaName="All Accounts" displayName="All Accounts" parentSchemaName="account" parentDisplayName="Account" solution="msdynce_AppCommon (9.0.4.0066)" id="{65ffaf9a-e8c5-432d-860b-32f841b00d87}">
          <package appName="msdynce_AppCommon" version="9.0.25023.10001">msdynce_AppCommonAnchor (9.0.25023.10001)</package>
        </Required>
        <Dependent type="60" displayName="Power Pages User Form" parentDisplayName="MASS Contact Access" id="{9a02789c-6fec-ef11-be20-6045bdef6d3f}" />
      </MissingDependency>
      <MissingDependency>
        <Required type="26" schemaName="Agency View" displayName="Agency View" parentSchemaName="account" parentDisplayName="Account" solution="Active" id="{ff6ee6e7-36ef-ef11-be20-000d3a1620e0}" />
        <Dependent type="60" displayName="Power Pages User Form" parentDisplayName="MASS Contact Access" id="{9a02789c-6fec-ef11-be20-6045bdef6d3f}" />
      </MissingDependency>
      <MissingDependency>
        <Required type="61" schemaName="mass_contactdetails" displayName="mass_contactdetails" solution="Active" />
        <Dependent type="1" schemaName="mass_contactaccess" displayName="MASS Contact Access" />
      </MissingDependency>
      <MissingDependency>
        <Required type="61" schemaName="mass_referral" displayName="mass_referral" solution="Active" />
        <Dependent type="1" schemaName="mass_referral" displayName="MASS Referral" />
      </MissingDependency>
      <MissingDependency>
        <Required type="61" schemaName="mass_request" displayName="mass_request" solution="Active" />
        <Dependent type="1" schemaName="mass_clientrequest" displayName="MASS Client Request" />
      </MissingDependency>
      <MissingDependency>
        <Required type="66" schemaName="Microsoft.PowerApps.PowerAppsOneGrid" displayName="Microsoft.PowerApps.PowerAppsOneGrid" solution="BaseCustomControlsCore (9.0.2502.3005)">
          <package appName="Base Custom Controls" version="9.0.2502.3005">BaseCustomControlsCore (9.0.2502.3005)</package>
        </Required>
        <Dependent type="26" schemaName="All Referrals" displayName="All Referrals" parentSchemaName="mass_referral" parentDisplayName="MASS Referral" id="{a4bd156b-97ec-ef11-be20-6045bdef6d3f}" />
      </MissingDependency>
      <MissingDependency>
        <Required type="66" schemaName="Microsoft.PowerApps.PowerAppsOneGrid" displayName="Microsoft.PowerApps.PowerAppsOneGrid" solution="BaseCustomControlsCore (9.0.2502.3005)">
          <package appName="Base Custom Controls" version="9.0.2502.3005">BaseCustomControlsCore (9.0.2502.3005)</package>
        </Required>
        <Dependent type="26" schemaName="All Contact Accesses" displayName="All Contact Accesses" parentSchemaName="mass_contactaccess" parentDisplayName="MASS Contact Access" id="{cd3a38ff-d2ee-ef11-be20-7c1e5248186a}" />
      </MissingDependency>
      <MissingDependency>
        <Required type="9" schemaName="mass_accommodationspecialrequest" displayName="Accommodation: Special Request" solution="Active" />
        <Dependent type="2" schemaName="mass_accommodationspecialrequest" displayName="Accommodation Special Request" parentSchemaName="mass_referral" parentDisplayName="MASS Referral" />
      </MissingDependency>
      <MissingDependency>
        <Required type="9" schemaName="mass_agencyservicetypechoices" displayName="AgencyServicetypeChoices" solution="Active" />
        <Dependent type="2" schemaName="mass_servicetype" displayName="Service Type" parentSchemaName="mass_clientrequest" parentDisplayName="MASS Client Request" />
      </MissingDependency>
      <MissingDependency>
        <Required type="9" schemaName="mass_budgetrange" displayName="Budget Range" solution="Active" />
        <Dependent type="2" schemaName="mass_budgetrange" displayName="Budget Range" parentSchemaName="mass_clientrequest" parentDisplayName="MASS Client Request" />
      </MissingDependency>
      <MissingDependency>
        <Required type="9" schemaName="mass_departuretime" displayName="Departure: Time" solution="Active" />
        <Dependent type="2" schemaName="mass_departuretime" displayName="Departure: Time" parentSchemaName="mass_clientrequest" parentDisplayName="MASS Client Request" />
      </MissingDependency>
      <MissingDependency>
        <Required type="9" schemaName="mass_preferredactivities" displayName="Preferred Activities" solution="Active" />
        <Dependent type="2" schemaName="mass_activitiesinterestspreferredactivities" displayName="Activities &amp; Interests: Preferred Activities" parentSchemaName="mass_clientrequest" parentDisplayName="MASS Client Request" />
      </MissingDependency>
      <MissingDependency>
        <Required type="9" schemaName="mass_preferredhoteltype" displayName="Preferred Hotel Type" solution="Active" />
        <Dependent type="2" schemaName="mass_preferredhoteltype" displayName="Preferred Hotel Type" parentSchemaName="mass_clientrequest" parentDisplayName="MASS Client Request" />
      </MissingDependency>
      <MissingDependency>
        <Required type="9" schemaName="mass_preferredhoteltype" displayName="Preferred Hotel Type" solution="Active" />
        <Dependent type="2" schemaName="mass_prefferedhoteltype" displayName="Preffered Hotel Type" parentSchemaName="mass_referral" parentDisplayName="MASS Referral" />
      </MissingDependency>
      <MissingDependency>
        <Required type="9" schemaName="mass_requeststatuschoices" displayName="RequestStatusChoices" solution="Active" />
        <Dependent type="2" schemaName="mass_clientrequeststatus" displayName="Client Request Status" parentSchemaName="mass_clientrequest" parentDisplayName="MASS Client Request" />
      </MissingDependency>
      <MissingDependency>
        <Required type="9" schemaName="mass_seatingpreference" displayName="Seating Preference " solution="Active" />
        <Dependent type="2" schemaName="mass_airseatingpreference" displayName="Air seating Preference" parentSchemaName="mass_referral" parentDisplayName="MASS Referral" />
      </MissingDependency>
      <MissingDependency>
        <Required type="connectionreference" displayName="mass_OutlookConnectionRef" solution="Active" id.connectionreferencelogicalname="mass_OutlookConnectionRef" />
        <Dependent type="29" displayName="MASS Send Finalized Details to Client" id="{7e6de350-1df3-ef11-be20-7c1e5217846a}" />
      </MissingDependency>
      <MissingDependency>
        <Required type="connectionreference" displayName="mass_OutlookConnectionRef" solution="Active" id.connectionreferencelogicalname="mass_OutlookConnectionRef" />
        <Dependent type="29" displayName="MASS Agency Travel Hub Copilot Custom Automation" id="{b37fec4c-b9ef-ef11-be20-000d3a1620e0}" />
      </MissingDependency>
      <MissingDependency>
        <Required type="connectionreference" displayName="mass_OutlookConnectionRef" solution="Active" id.connectionreferencelogicalname="mass_OutlookConnectionRef" />
        <Dependent type="29" displayName="MASS Client Request Acknowledgement Email" id="{b3ffc600-a4ef-ef11-be20-000d3a1620e0}" />
      </MissingDependency>
      <MissingDependency>
        <Required type="connectionreference" displayName="mass_sharedcommondataserviceforapps_e708b" solution="Active" id.connectionreferencelogicalname="mass_sharedcommondataserviceforapps_e708b" />
        <Dependent type="29" displayName="MASS Finalize Agency Cost Update &amp; Mark as Complete" id="{14a8fa08-b5f2-ef11-be20-7c1e5217846a}" />
      </MissingDependency>
      <MissingDependency>
        <Required type="connectionreference" displayName="mass_sharedcommondataserviceforapps_e708b" solution="Active" id.connectionreferencelogicalname="mass_sharedcommondataserviceforapps_e708b" />
        <Dependent type="29" displayName="MASS Create New Travel Request" id="{35e345eb-a5ef-ef11-be20-000d3a1620e0}" />
      </MissingDependency>
      <MissingDependency>
        <Required type="connectionreference" displayName="mass_sharedcommondataserviceforapps_e708b" solution="Active" id.connectionreferencelogicalname="mass_sharedcommondataserviceforapps_e708b" />
        <Dependent type="29" displayName="MASS Contact Access Sync by Status" id="{654ce9f7-70ec-ef11-be20-6045bdef6d3f}" />
      </MissingDependency>
      <MissingDependency>
        <Required type="connectionreference" displayName="mass_sharedcommondataserviceforapps_e708b" solution="Active" id.connectionreferencelogicalname="mass_sharedcommondataserviceforapps_e708b" />
        <Dependent type="29" displayName="MASS Send Finalized Details to Client" id="{7e6de350-1df3-ef11-be20-7c1e5217846a}" />
      </MissingDependency>
      <MissingDependency>
        <Required type="connectionreference" displayName="mass_sharedcommondataserviceforapps_e708b" solution="Active" id.connectionreferencelogicalname="mass_sharedcommondataserviceforapps_e708b" />
        <Dependent type="29" displayName="MASS Agency Travel Hub Copilot Custom Automation" id="{b37fec4c-b9ef-ef11-be20-000d3a1620e0}" />
      </MissingDependency>
      <MissingDependency>
        <Required type="connectionreference" displayName="mass_sharedcommondataserviceforapps_e708b" solution="Active" id.connectionreferencelogicalname="mass_sharedcommondataserviceforapps_e708b" />
        <Dependent type="29" displayName="MASS Client Request Acknowledgement Email" id="{b3ffc600-a4ef-ef11-be20-000d3a1620e0}" />
      </MissingDependency>
    </MissingDependencies>
  </SolutionManifest>
</ImportExportXml>