﻿<?xml version="1.0" encoding="utf-8"?>
<ImportExportXml xmlns:xsi="http://www.w3.org/2001/XMLSchema-instance">
  <Entities />
  <Roles />
  <Workflows>
    <Workflow WorkflowId="{186a0b68-29d5-ed11-a7c7-6045bdf5407f}" Name="Upload a File to SharePoint">
      <JsonFileName>/Workflows/UploadaFiletoSharePoint-186A0B68-29D5-ED11-A7C7-6045BDF5407F.json</JsonFileName>
      <Type>1</Type>
      <Subprocess>0</Subprocess>
      <Category>5</Category>
      <Mode>0</Mode>
      <Scope>4</Scope>
      <OnDemand>0</OnDemand>
      <TriggerOnCreate>0</TriggerOnCreate>
      <TriggerOnDelete>0</TriggerOnDelete>
      <AsyncAutodelete>0</AsyncAutodelete>
      <SyncWorkflowLogOnFailure>0</SyncWorkflowLogOnFailure>
      <StateCode>1</StateCode>
      <StatusCode>2</StatusCode>
      <RunAs>1</RunAs>
      <IsTransacted>1</IsTransacted>
      <IntroducedVersion>1.0.0.24</IntroducedVersion>
      <IsCustomizable>1</IsCustomizable>
      <IsCustomProcessingStepAllowedForOtherPublishers>1</IsCustomProcessingStepAllowedForOtherPublishers>
      <PrimaryEntity>none</PrimaryEntity>
      <LocalizedNames>
        <LocalizedName languagecode="1033" description="Upload a File to SharePoint" />
      </LocalizedNames>
    </Workflow>
  </Workflows>
  <FieldSecurityProfiles />
  <Templates />
  <EntityMaps />
  <EntityRelationships />
  <OrganizationSettings />
  <optionsets />
  <CustomControls />
  <EntityDataProviders />
  <CanvasApps>
    <CanvasApp>
      <Name>sh_attachmentupload_12492</Name>
      <AppVersion>2023-11-10T05:22:54Z</AppVersion>
      <Status>Ready</Status>
      <CreatedByClientVersion>3.23105.17.0</CreatedByClientVersion>
      <MinClientVersion>3.23105.17.0</MinClientVersion>
      <Tags>{"primaryDeviceWidth":"1366","primaryDeviceHeight":"768","supportsPortrait":"true","supportsLandscape":"true","primaryFormFactor":"Tablet","showStatusBar":"false","publisherVersion":"3.23105.17","minimumRequiredApiVersion":"2.2.0","hasComponent":"false","hasUnlockedComponent":"false","isUnifiedRootApp":"false"}</Tags>
      <IsCdsUpgraded>0</IsCdsUpgraded>
      <GalleryItemId xsi:nil="true"></GalleryItemId>
      <BackgroundColor>RGBA(0,176,240,1)</BackgroundColor>
      <DisplayName>Attachment Upload</DisplayName>
      <Description xsi:nil="true"></Description>
      <CommitMessage xsi:nil="true"></CommitMessage>
      <Publisher xsi:nil="true"></Publisher>
      <AuthorizationReferences>[]</AuthorizationReferences>
      <ConnectionReferences>{"f3e05c95-828d-4c1c-b39d-0f092636b9f1":{"id":"/providers/microsoft.powerapps/apis/shared_logicflows","displayName":"Logic flows","iconUri":"https://connectoricons-prod.azureedge.net/releases/v1.0.1664/1.0.1664.3477/logicflows/icon.png","dataSources":["UploadaFiletoSharePoint"],"dependencies":["c157d2ff-db20-4165-9a1e-144ae0b8e8b9"],"dependents":[],"parameterHints":{"workflowName":{"value":"d3bbaf58-230c-4691-b51a-b36b85a907de"},"workflowEntityId":{"value":"186a0b68-29d5-ed11-a7c7-6045bdf5407f"},"c157d2ff-db20-4165-9a1e-144ae0b8e8b9":{"value":"shared_sharepointonline"}},"parameterHintsV2":{"workflowName":{"value":"d3bbaf58-230c-4691-b51a-b36b85a907de"},"workflowEntityId":{"value":"186a0b68-29d5-ed11-a7c7-6045bdf5407f"},"shared_sharepointonline":{"value":"c157d2ff-db20-4165-9a1e-144ae0b8e8b9"}},"isOnPremiseConnection":false,"dataSets":{},"apiTier":"Standard","actions":["Run"]},"c157d2ff-db20-4165-9a1e-144ae0b8e8b9":{"id":"/providers/microsoft.powerapps/apis/shared_sharepointonline","displayName":"SharePoint","iconUri":"https://connectoricons-prod.azureedge.net/releases/v1.0.1664/1.0.1664.3477/sharepointonline/icon.png","dataSources":[],"dependencies":[],"dependents":["f3e05c95-828d-4c1c-b39d-0f092636b9f1"],"parameterHints":{},"parameterHintsV2":{},"isOnPremiseConnection":false,"dataSets":{},"apiTier":"Standard"}}</ConnectionReferences>
      <DatabaseReferences>{}</DatabaseReferences>
      <AppComponents>[]</AppComponents>
      <AppComponentDependencies>[]</AppComponentDependencies>
      <CanConsumeAppPass>1</CanConsumeAppPass>
      <CanvasAppType>0</CanvasAppType>
      <BypassConsent>0</BypassConsent>
      <AdminControlBypassConsent>0</AdminControlBypassConsent>
      <EmbeddedApp xsi:nil="true"></EmbeddedApp>
      <IntroducedVersion>1.0</IntroducedVersion>
      <CdsDependencies>{"cdsdependencies":[{"dependencyid":"186a0b68-29d5-ed11-a7c7-6045bdf5407f","componenttype":29,"componenttypeplatformname":"Workflow"}]}</CdsDependencies>
      <IsCustomizable>1</IsCustomizable>
      <BackgroundImageUri>/CanvasApps/sh_attachmentupload_12492_BackgroundImageUri</BackgroundImageUri>
      <DocumentUri>/CanvasApps/sh_attachmentupload_12492_DocumentUri.msapp</DocumentUri>
    </CanvasApp>
  </CanvasApps>
  <connectionreferences>
    <connectionreference connectionreferencelogicalname="cr30a_SharePoint8cb8f896383644af839131d8674b47c3">
      <connectionreferencedisplayname>SharePoint Connection Reference</connectionreferencedisplayname>
      <connectorid>/providers/Microsoft.PowerApps/apis/shared_sharepointonline</connectorid>
      <iscustomizable>1</iscustomizable>
      <statecode>0</statecode>
      <statuscode>1</statuscode>
    </connectionreference>
  </connectionreferences>
  <Languages>
    <Language>1033</Language>
  </Languages>
</ImportExportXml>