{
  "properties": {
    "connectionReferences": {
      "shared_commondataserviceforapps_1": {
        "runtimeSource": "embedded",
        "connection": {
          "connectionReferenceLogicalName": "mass_sharedcommondataserviceforapps_e708b"
        },
        "api": {
          "name": "shared_commondataserviceforapps"
        }
      }
    },
    "definition": {
      "metadata": {
        "defaultToEmbeddedConnections": true
      },
      "$schema": "https://schema.management.azure.com/providers/Microsoft.Logic/schemas/2016-06-01/workflowdefinition.json#",
      "contentVersion": "1.0.0.0",
      "parameters": {
        "$connections": {
          "defaultValue": {},
          "type": "Object"
        },
        "$authentication": {
          "defaultValue": {},
          "type": "SecureObject"
        }
      },
      "staticResults": {
        "Add_a_new_client_request0": {
          "status": "Succeeded",
          "outputs": {
            "statusCode": "OK",
            "headers": {}
          }
        }
      },
      "triggers": {
        "manual": {
          "metadata": {
            "operationMetadataId": "b8f61c18-7224-4f8a-9c5f-72fbce5df764"
          },
          "type": "Request",
          "kind": "Skills",
          "inputs": {
            "schema": {
              "type": "object",
              "properties": {
                "text": {
                  "title": "BudgetRange",
                  "type": "string",
                  "x-ms-dynamically-added": true,
                  "description": "Please enter your input",
                  "x-ms-content-hint": "TEXT"
                },
                "text_1": {
                  "title": "DepartureDate",
                  "type": "string",
                  "x-ms-dynamically-added": true,
                  "description": "Please enter your input",
                  "x-ms-content-hint": "TEXT"
                },
                "text_2": {
                  "title": "ReturnDate",
                  "type": "string",
                  "x-ms-dynamically-added": true,
                  "description": "Please enter your input",
                  "x-ms-content-hint": "TEXT"
                },
                "email": {
                  "title": "Email",
                  "type": "string",
                  "format": "email",
                  "x-ms-dynamically-added": true,
                  "description": "Please enter an e-mail address",
                  "x-ms-content-hint": "EMAIL"
                },
                "text_3": {
                  "title": "FirstName",
                  "type": "string",
                  "x-ms-dynamically-added": true,
                  "description": "Please enter your input",
                  "x-ms-content-hint": "TEXT"
                },
                "text_4": {
                  "title": "GoingTo",
                  "type": "string",
                  "x-ms-dynamically-added": true,
                  "description": "Please enter your input",
                  "x-ms-content-hint": "TEXT"
                },
                "text_5": {
                  "title": "LeavingFrom",
                  "type": "string",
                  "x-ms-dynamically-added": true,
                  "description": "Please enter your input",
                  "x-ms-content-hint": "TEXT"
                },
                "text_6": {
                  "title": "LastName",
                  "type": "string",
                  "x-ms-dynamically-added": true,
                  "description": "Please enter your input",
                  "x-ms-content-hint": "TEXT"
                },
                "text_7": {
                  "title": "Travelers",
                  "type": "string",
                  "x-ms-dynamically-added": true,
                  "description": "Please enter your input",
                  "x-ms-content-hint": "TEXT"
                },
                "text_8": {
                  "title": "PhoneNum",
                  "type": "string",
                  "x-ms-dynamically-added": true,
                  "description": "Please enter your input",
                  "x-ms-content-hint": "TEXT"
                },
                "text_9": {
                  "title": "ServiceType",
                  "type": "string",
                  "x-ms-dynamically-added": true,
                  "description": "Please enter your input",
                  "x-ms-content-hint": "TEXT"
                },
                "text_10": {
                  "title": "TypeofTrip",
                  "type": "string",
                  "x-ms-dynamically-added": true,
                  "description": "Please enter your input",
                  "x-ms-content-hint": "TEXT"
                }
              },
              "required": [
                "text",
                "text_1",
                "text_2",
                "email",
                "text_3",
                "text_4",
                "text_5",
                "text_6",
                "text_7",
                "text_8",
                "text_9",
                "text_10"
              ]
            }
          }
        }
      },
      "actions": {
        "Respond_to_Copilot": {
          "runAfter": {
            "Catch": [
              "Succeeded",
              "Failed",
              "Skipped",
              "TimedOut"
            ]
          },
          "metadata": {
            "operationMetadataId": "81c94f73-dd52-465c-ad3b-a4686da63cc3"
          },
          "type": "Response",
          "kind": "Skills",
          "inputs": {
            "statusCode": 200,
            "body": {
              "flowsuccess": "@{variables('flowSuccess')}"
            },
            "schema": {
              "type": "object",
              "properties": {
                "flowsuccess": {
                  "title": "flowSuccess",
                  "x-ms-dynamically-added": true,
                  "type": "string"
                }
              }
            }
          }
        },
        "Initialize_flowSuccess": {
          "runAfter": {},
          "metadata": {
            "operationMetadataId": "b89725f6-4c12-495a-9cae-b52abad24122"
          },
          "type": "InitializeVariable",
          "inputs": {
            "variables": [
              {
                "name": "flowSuccess",
                "type": "boolean",
                "value": "@true"
              }
            ]
          }
        },
        "Try": {
          "actions": {
            "Add_a_new_client_request": {
              "runAfter": {},
              "metadata": {
                "operationMetadataId": "fd17f5b4-de61-48ea-876f-1fafd886e44a"
              },
              "type": "OpenApiConnection",
              "inputs": {
                "host": {
                  "connectionName": "shared_commondataserviceforapps_1",
                  "operationId": "CreateRecord",
                  "apiId": "/providers/Microsoft.PowerApps/apis/shared_commondataserviceforapps"
                },
                "parameters": {
                  "entityName": "mass_clientrequests",
                  "item/mass_budgetrange": "@triggerBody()['text']",
                  "item/mass_dateofdeparture": "@triggerBody()['text_1']",
                  "item/mass_dateofreturn": "@triggerBody()['text_2']",
                  "item/mass_doyouneedaccommodations": false,
                  "item/mass_emailaddress": "@triggerBody()['email']",
                  "item/mass_clientname": "@triggerBody()['text_3']",
                  "item/mass_flexibledatechooseduration": "@null",
                  "item/mass_GoingTo@odata.bind": "mass_cityinformation1s(mass_cityname='@{triggerBody()['text_4']}')",
                  "item/mass_lastname": "@triggerBody()['text_6']",
                  "item/mass_LeavingFrom@odata.bind": "mass_cityinformation1s(mass_cityname='@{triggerBody()['text_5']}')",
                  "item/mass_needarentalcar": false,
                  "item/mass_needtravelinsurance": false,
                  "item/mass_numberoftravelers": "@triggerBody()['text_7']",
                  "item/mass_phonenumber": "@triggerBody()['text_8']",
                  "item/mass_preferredhoteltype": 290280000,
                  "item/mass_purposeoftravel": "@null",
                  "item/mass_servicetype": "@triggerBody()['text_9']",
                  "item/mass_specialneeds": false,
                  "item/mass_specifyspecialneedsrequirement": "@null",
                  "item/mass_typeoftrip": "@triggerBody()['text_10']"
                },
                "authentication": "@parameters('$authentication')"
              },
              "runtimeConfiguration": {
                "staticResult": {
                  "staticResultOptions": "Disabled",
                  "name": "Add_a_new_client_request0"
                }
              }
            }
          },
          "runAfter": {
            "Initialize_flowSuccess": [
              "Succeeded"
            ]
          },
          "metadata": {
            "operationMetadataId": "fd77139e-f077-4c53-9cc9-ef7baa6d6cbc"
          },
          "type": "Scope"
        },
        "Catch": {
          "actions": {
            "Set_flowSuccess_to_false": {
              "runAfter": {},
              "metadata": {
                "operationMetadataId": "18c21812-1c00-4414-bd98-4c950bc1dea5"
              },
              "type": "SetVariable",
              "inputs": {
                "name": "flowSuccess",
                "value": "@false"
              }
            }
          },
          "runAfter": {
            "Try": [
              "Failed",
              "Skipped",
              "TimedOut"
            ]
          },
          "metadata": {
            "operationMetadataId": "45275272-04d5-4541-ac79-6f8463b84e11"
          },
          "type": "Scope"
        }
      },
      "outputs": {}
    },
    "templateName": "db661c86-e3b7-408c-b1bd-ab78d9db2a6c"
  },
  "schemaVersion": "1.0.0.0"
}