{
  "TopParent": {
    "Type": "ControlInfo",
    "Name": "LogiSam_BarChart",
    "Template": {
      "Id": "http://microsoft.com/appmagic/Component",
      "Version": "1.0",
      "LastModifiedTimestamp": "638765331930323922",
      "Name": "b34d5797c09e4e86848a0805fd14281a",
      "FirstParty": true,
      "IsPremiumPcfControl": false,
      "IsCustomGroupControlTemplate": false,
      "CustomGroupControlTemplateName": "",
      "IsComponentDefinition": true,
      "CustomProperties": [
        {
          "Name": "Data",
          "Category": 0,
          "Type": "{\"Version\":\"1.345\",\"Type\":{\"Name\":\"Root\",\"Kind\":\"Table\",\"EnumString\":\"\",\"Type\":[{\"Name\":\"Data\",\"Kind\":\"Number\",\"EnumString\":\"\",\"Type\":[]},{\"Name\":\"Label\",\"Kind\":\"String\",\"EnumString\":\"\",\"Type\":[]}]}}",
          "PropertyDataTypeKey": "Table",
          "Hidden": false,
          "DisplayName": "Data",
          "Tooltip": "A custom property"
        },
        {
          "Name": "ChartTitle",
          "Category": 0,
          "Type": "{\"Version\":\"1.345\",\"Type\":{\"Name\":\"Root\",\"Kind\":\"String\",\"EnumString\":\"\",\"Type\":[]}}",
          "PropertyDataTypeKey": "String",
          "Hidden": false,
          "DisplayName": "ChartTitle",
          "Tooltip": "A custom property"
        },
        {
          "Name": "DataSetName",
          "Category": 0,
          "Type": "{\"Version\":\"1.345\",\"Type\":{\"Name\":\"Root\",\"Kind\":\"String\",\"EnumString\":\"\",\"Type\":[]}}",
          "PropertyDataTypeKey": "String",
          "Hidden": false,
          "DisplayName": "DataSetName",
          "Tooltip": "A custom property"
        },
        {
          "Name": "BackgroundColor",
          "Category": 0,
          "Type": "{\"Version\":\"1.345\",\"Type\":{\"Name\":\"Root\",\"Kind\":\"String\",\"EnumString\":\"\",\"Type\":[]}}",
          "PropertyDataTypeKey": "String",
          "Hidden": false,
          "DisplayName": "BackgroundColor",
          "Tooltip": "A custom property"
        },
        {
          "Name": "BorderColor",
          "Category": 0,
          "Type": "{\"Version\":\"1.345\",\"Type\":{\"Name\":\"Root\",\"Kind\":\"String\",\"EnumString\":\"\",\"Type\":[]}}",
          "PropertyDataTypeKey": "String",
          "Hidden": false,
          "DisplayName": "BorderColor",
          "Tooltip": "A custom property"
        },
        {
          "Name": "BorderWidth",
          "Category": 0,
          "Type": "{\"Version\":\"1.345\",\"Type\":{\"Name\":\"Root\",\"Kind\":\"Number\",\"EnumString\":\"\",\"Type\":[]}}",
          "PropertyDataTypeKey": "Number",
          "Hidden": false,
          "DisplayName": "BorderWidth",
          "Tooltip": "A custom property"
        },
        {
          "Name": "RoundedBorders",
          "Category": 0,
          "Type": "{\"Version\":\"1.345\",\"Type\":{\"Name\":\"Root\",\"Kind\":\"Boolean\",\"EnumString\":\"\",\"Type\":[]}}",
          "PropertyDataTypeKey": "Boolean",
          "Hidden": false,
          "DisplayName": "RoundedBorders",
          "Tooltip": "A custom property"
        }
      ],
      "ComponentType": "CanvasComponent",
      "OverridableProperties": {}
    },
    "Index": 2,
    "PublishOrderIndex": 0,
    "VariantName": "",
    "LayoutName": "",
    "MetaDataIDKey": "",
    "PersistMetaDataIDKey": false,
    "IsFromScreenLayout": false,
    "StyleName": "",
    "Parent": "",
    "IsDataControl": false,
    "AllowAccessToGlobals": false,
    "OptimizeForDevices": "Off",
    "IsGroupControl": false,
    "IsAutoGenerated": false,
    "Rules": [
      {
        "Property": "Data",
        "Category": "Data",
        "InvariantScript": "Table(\n    {\n        Label: \"Jan\",\n        Data: RandBetween(\n            0,\n            100\n        )\n    },\n    {\n        Label: \"Feb\",\n        Data: RandBetween(\n            0,\n            100\n        )\n    },\n    {\n        Label: \"Mar\",\n        Data: RandBetween(\n            0,\n            100\n        )\n    },\n    {\n        Label: \"Apr\",\n        Data: RandBetween(\n            0,\n            100\n        )\n    },\n    {\n        Label: \"May\",\n        Data: RandBetween(\n            0,\n            100\n        )\n    },\n    {\n        Label: \"June\",\n        Data: RandBetween(\n            0,\n            100\n        )\n    }\n)",
        "RuleProviderType": "System"
      },
      {
        "Property": "ChartTitle",
        "Category": "Data",
        "InvariantScript": "\"LogiSam BarChart\"",
        "RuleProviderType": "System"
      },
      {
        "Property": "DataSetName",
        "Category": "Data",
        "InvariantScript": "\"Dataset Demo\"",
        "RuleProviderType": "System"
      },
      {
        "Property": "BackgroundColor",
        "Category": "Data",
        "InvariantScript": "\"rgba(209, 232, 178, 1)\"",
        "RuleProviderType": "System"
      },
      {
        "Property": "BorderColor",
        "Category": "Data",
        "InvariantScript": "\"rgba(127, 178, 57, 1)\"",
        "RuleProviderType": "System"
      },
      {
        "Property": "BorderWidth",
        "Category": "Data",
        "InvariantScript": "100",
        "RuleProviderType": "System"
      },
      {
        "Property": "RoundedBorders",
        "Category": "Data",
        "InvariantScript": "true",
        "RuleProviderType": "System"
      },
      {
        "Property": "Fill",
        "Category": "Design",
        "InvariantScript": "RGBA(0, 0, 0, 0)",
        "RuleProviderType": "System"
      },
      {
        "Property": "Height",
        "Category": "Design",
        "InvariantScript": "640",
        "RuleProviderType": "System"
      },
      {
        "Property": "Width",
        "Category": "Design",
        "InvariantScript": "640",
        "RuleProviderType": "System"
      },
      {
        "Property": "X",
        "Category": "Design",
        "InvariantScript": "0",
        "RuleProviderType": "System"
      },
      {
        "Property": "Y",
        "Category": "Design",
        "InvariantScript": "0",
        "RuleProviderType": "System"
      },
      {
        "Property": "ZIndex",
        "Category": "Design",
        "InvariantScript": "1",
        "RuleProviderType": "System"
      }
    ],
    "ControlPropertyState": [
      {
        "InvariantPropertyName": "Fill",
        "AutoRuleBindingEnabled": false,
        "AutoRuleBindingString": "",
        "NameMapSourceSchema": "?",
        "IsLockable": false,
        "AFDDataSourceName": ""
      },
      "Height",
      "Width",
      "X",
      "Y",
      "ZIndex",
      {
        "InvariantPropertyName": "Data",
        "AutoRuleBindingEnabled": false,
        "AutoRuleBindingString": "Table({Label:\"Jan\", Data:RandBetween(0,100})",
        "NameMapSourceSchema": "?",
        "IsLockable": false,
        "AFDDataSourceName": ""
      },
      {
        "InvariantPropertyName": "ChartTitle",
        "AutoRuleBindingEnabled": false,
        "AutoRuleBindingString": "\"Text\"",
        "NameMapSourceSchema": "?",
        "IsLockable": false,
        "AFDDataSourceName": ""
      },
      {
        "InvariantPropertyName": "DataSetName",
        "AutoRuleBindingEnabled": false,
        "AutoRuleBindingString": "\"Text\"",
        "NameMapSourceSchema": "?",
        "IsLockable": false,
        "AFDDataSourceName": ""
      },
      {
        "InvariantPropertyName": "BackgroundColor",
        "AutoRuleBindingEnabled": false,
        "AutoRuleBindingString": "\"Text\"",
        "NameMapSourceSchema": "?",
        "IsLockable": false,
        "AFDDataSourceName": ""
      },
      {
        "InvariantPropertyName": "BorderColor",
        "AutoRuleBindingEnabled": false,
        "AutoRuleBindingString": "\"Text\"",
        "NameMapSourceSchema": "?",
        "IsLockable": false,
        "AFDDataSourceName": ""
      },
      "BorderWidth",
      "RoundedBorders"
    ],
    "IsLocked": false,
    "ControlUniqueId": "4",
    "Children": [
      {
        "Type": "ControlInfo",
        "Name": "Image1",
        "HasDynamicProperties": false,
        "Template": {
          "Id": "http://microsoft.com/appmagic/image",
          "Version": "2.2.3",
          "LastModifiedTimestamp": "0",
          "Name": "image",
          "FirstParty": true,
          "IsPremiumPcfControl": false,
          "IsCustomGroupControlTemplate": false,
          "CustomGroupControlTemplateName": "",
          "IsComponentDefinition": false,
          "OverridableProperties": {}
        },
        "Index": 0,
        "PublishOrderIndex": 27,
        "VariantName": "",
        "LayoutName": "",
        "MetaDataIDKey": "",
        "PersistMetaDataIDKey": false,
        "IsFromScreenLayout": false,
        "StyleName": "defaultImageStyle",
        "Parent": "LogiSam_BarChart",
        "IsDataControl": false,
        "AllowAccessToGlobals": true,
        "OptimizeForDevices": "Off",
        "IsGroupControl": false,
        "IsAutoGenerated": false,
        "Rules": [
          {
            "Property": "Image",
            "Category": "Data",
            "InvariantScript": "\"https://quickchart.io/chart?c=\" & EncodeUrl(\n    \"{\n    type: 'bar',\n    data: {\n      labels: [\" & Concat(\n        LogiSam_BarChart.Data,\n        \"'\" & Label & \"'\",\n        \",\"\n    ) & \"],\n      datasets: [\n        {\n          label: '\" & LogiSam_BarChart.DataSetName & \"',\n          backgroundColor: '\"& LogiSam_BarChart.BackgroundColor&\"',\n          borderColor: '\"&LogiSam_BarChart.BorderColor&\"',\n          borderWidth: 1,\n          data: [\" & Concat(\n        LogiSam_BarChart.Data,\n        Data ,\n        \",\"\n    ) & \"],\n        }\n      ],\n    },\n    options: {\n      title: {\n        display: true,\n        text: '\" & LogiSam_BarChart.ChartTitle & \"',\n      },\n      plugins: {\n        datalabels: {\n          anchor: 'center',\n          align: 'center',\n          color: '#666',\n          font: {\n            weight: 'normal',\n          },\n        },\n    \n      roundedBars: \"&If(LogiSam_BarChart.RoundedBorders,\"true\",\"false\")&\" \n    \n      },\n    },\n  }\"\n)",
            "RuleProviderType": "User"
          },
          {
            "Property": "ImagePosition",
            "Category": "Design",
            "InvariantScript": "ImagePosition.Fit",
            "RuleProviderType": "Unknown"
          },
          {
            "Property": "ImageRotation",
            "Category": "Design",
            "InvariantScript": "ImageRotation.None",
            "RuleProviderType": "Unknown"
          },
          {
            "Property": "X",
            "Category": "Design",
            "InvariantScript": "0",
            "RuleProviderType": "System"
          },
          {
            "Property": "Y",
            "Category": "Design",
            "InvariantScript": "0",
            "RuleProviderType": "System"
          },
          {
            "Property": "Width",
            "Category": "Design",
            "InvariantScript": "Parent.Width",
            "RuleProviderType": "User"
          },
          {
            "Property": "Height",
            "Category": "Design",
            "InvariantScript": "Parent.Height",
            "RuleProviderType": "User"
          },
          {
            "Property": "Fill",
            "Category": "Design",
            "InvariantScript": "RGBA(0, 0, 0, 0)",
            "RuleProviderType": "Unknown"
          },
          {
            "Property": "DisabledFill",
            "Category": "Design",
            "InvariantScript": "RGBA(244, 244, 244, 1)",
            "RuleProviderType": "Unknown"
          },
          {
            "Property": "PressedFill",
            "Category": "Design",
            "InvariantScript": "ColorFade(Self.Fill, -20%)",
            "RuleProviderType": "Unknown"
          },
          {
            "Property": "HoverFill",
            "Category": "Design",
            "InvariantScript": "ColorFade(Self.Fill, 20%)",
            "RuleProviderType": "Unknown"
          },
          {
            "Property": "BorderColor",
            "Category": "Design",
            "InvariantScript": "RGBA(0, 18, 107, 1)",
            "RuleProviderType": "Unknown"
          },
          {
            "Property": "DisabledBorderColor",
            "Category": "Design",
            "InvariantScript": "RGBA(166, 166, 166, 1)",
            "RuleProviderType": "Unknown"
          },
          {
            "Property": "PressedBorderColor",
            "Category": "Design",
            "InvariantScript": "ColorFade(Self.BorderColor, -20%)",
            "RuleProviderType": "Unknown"
          },
          {
            "Property": "HoverBorderColor",
            "Category": "Design",
            "InvariantScript": "ColorFade(Self.BorderColor, 20%)",
            "RuleProviderType": "Unknown"
          },
          {
            "Property": "FocusedBorderColor",
            "Category": "Design",
            "InvariantScript": "Self.BorderColor",
            "RuleProviderType": "Unknown"
          },
          {
            "Property": "BorderStyle",
            "Category": "Design",
            "InvariantScript": "BorderStyle.Solid",
            "RuleProviderType": "Unknown"
          },
          {
            "Property": "DisplayMode",
            "Category": "Design",
            "InvariantScript": "DisplayMode.Edit",
            "RuleProviderType": "Unknown"
          },
          {
            "Property": "ZIndex",
            "Category": "Design",
            "InvariantScript": "1",
            "RuleProviderType": "System"
          },
          {
            "Property": "RadiusTopLeft",
            "Category": "Design",
            "InvariantScript": "0",
            "RuleProviderType": "System"
          },
          {
            "Property": "RadiusTopRight",
            "Category": "Design",
            "InvariantScript": "0",
            "RuleProviderType": "System"
          },
          {
            "Property": "RadiusBottomLeft",
            "Category": "Design",
            "InvariantScript": "0",
            "RuleProviderType": "System"
          },
          {
            "Property": "RadiusBottomRight",
            "Category": "Design",
            "InvariantScript": "0",
            "RuleProviderType": "System"
          },
          {
            "Property": "BorderThickness",
            "Category": "Design",
            "InvariantScript": "0",
            "RuleProviderType": "System"
          },
          {
            "Property": "FocusedBorderThickness",
            "Category": "Design",
            "InvariantScript": "2",
            "RuleProviderType": "Unknown"
          },
          {
            "Property": "PaddingTop",
            "Category": "Design",
            "InvariantScript": "0",
            "RuleProviderType": "System"
          },
          {
            "Property": "PaddingRight",
            "Category": "Design",
            "InvariantScript": "0",
            "RuleProviderType": "System"
          },
          {
            "Property": "PaddingBottom",
            "Category": "Design",
            "InvariantScript": "0",
            "RuleProviderType": "System"
          },
          {
            "Property": "PaddingLeft",
            "Category": "Design",
            "InvariantScript": "0",
            "RuleProviderType": "System"
          }
        ],
        "ControlPropertyState": [
          {
            "InvariantPropertyName": "Image",
            "AutoRuleBindingEnabled": false,
            "AutoRuleBindingString": "SampleImage",
            "NameMapSourceSchema": "?",
            "IsLockable": false,
            "AFDDataSourceName": ""
          },
          "ImagePosition",
          "ImageRotation",
          "X",
          "Y",
          {
            "InvariantPropertyName": "Width",
            "AutoRuleBindingEnabled": false,
            "AutoRuleBindingString": "640",
            "NameMapSourceSchema": "?",
            "IsLockable": false,
            "AFDDataSourceName": ""
          },
          {
            "InvariantPropertyName": "Height",
            "AutoRuleBindingEnabled": false,
            "AutoRuleBindingString": "497",
            "NameMapSourceSchema": "?",
            "IsLockable": false,
            "AFDDataSourceName": ""
          },
          "Fill",
          "DisabledFill",
          "PressedFill",
          "HoverFill",
          "BorderColor",
          "DisabledBorderColor",
          "PressedBorderColor",
          "HoverBorderColor",
          "FocusedBorderColor",
          "BorderStyle",
          "DisplayMode",
          "ZIndex",
          "RadiusTopLeft",
          "RadiusTopRight",
          "RadiusBottomLeft",
          "RadiusBottomRight",
          "BorderThickness",
          "FocusedBorderThickness",
          "PaddingTop",
          "PaddingRight",
          "PaddingBottom",
          "PaddingLeft"
        ],
        "IsLocked": false,
        "ControlUniqueId": "5",
        "Children": []
      }
    ]
  }
}