{
  "properties": {
    "connectionReferences": {},
    "definition": {
      "$schema": "https://schema.management.azure.com/providers/Microsoft.Logic/schemas/2016-06-01/workflowdefinition.json#",
      "contentVersion": "1.0.0.0",
      "parameters": {
        "$authentication": {
          "defaultValue": {},
          "type": "SecureObject"
        }
      },
      "triggers": {
        "manual": {
          "metadata": {
            "operationMetadataId": "b8f61c18-7224-4f8a-9c5f-72fbce5df764"
          },
          "type": "Request",
          "kind": "Skills",
          "inputs": {
            "schema": {
              "type": "object",
              "properties": {
                "text": {
                  "description": "Please enter your input",
                  "title": "Prompt",
                  "type": "string",
                  "x-ms-content-hint": "TEXT",
                  "x-ms-dynamically-added": true
                }
              },
              "required": [
                "text"
              ]
            }
          }
        }
      },
      "actions": {
        "Respond_to_Copilot": {
          "runAfter": {},
          "metadata": {
            "operationMetadataId": "81c94f73-dd52-465c-ad3b-a4686da63cc3"
          },
          "type": "Response",
          "kind": "Skills",
          "inputs": {
            "statusCode": 200,
            "body": {},
            "schema": {
              "type": "object",
              "properties": {
                "imageurl": {
                  "title": "ImageUrl",
                  "x-ms-dynamically-added": true,
                  "type": "string"
                }
              }
            }
          }
        }
      },
      "outputs": {}
    },
    "templateName": ""
  },
  "schemaVersion": "1.0.0.0"
}