<environmentvariabledefinition schemaname="pnp_NotificationMessage">
  <defaultvalue>Please answer this message!</defaultvalue>
  <description default="Text message to be delivered in notification">
    <label description="Text message to be delivered in notification" languagecode="1033" />
  </description>
  <displayname default="Notification Message">
    <label description="Notification Message" languagecode="1033" />
  </displayname>
  <introducedversion>1.0.0.0</introducedversion>
  <iscustomizable>1</iscustomizable>
  <isrequired>0</isrequired>
  <secretstore>0</secretstore>
  <type>100000000</type>
</environmentvariabledefinition>