<powerpagecomponent powerpagecomponentid="ab27d3af-2eae-4ae6-9695-c1b564a9e80c">
  <content>{
  "filecontent": null,
  "entityname": "Client Feedback - C",
  "entitylogicalname": "mass_clientfeedback",
  "scope": 756150004,
  "append": false,
  "appendto": false,
  "delete": false,
  "read": false,
  "create": true,
  "write": false,
  "parentrelationship": null,
  "parententitypermission": null,
  "contactrelationship": null,
  "accountrelationship": null,
  "childTablePermissions": [],
  "adx_entitypermission_webrole": [
    "6b01b1c9-e4d5-4744-876d-3d613972899f"
  ]
}</content>
  <iscustomizable>1</iscustomizable>
  <name>Client Feedback - C</name>
  <powerpagecomponenttype>18</powerpagecomponenttype>
  <powerpagesiteid>
    <powerpagesiteid>0cd59409-6fec-4be9-bd09-8f1d362195e1</powerpagesiteid>
  </powerpagesiteid>
  <statecode>0</statecode>
  <statuscode>1</statuscode>
</powerpagecomponent>