<powerpagecomponent powerpagecomponentid="163ea5c6-eb58-32ed-9345-2c31e4fbbede">
  <content>{
  "filecontent": null,
  "displayorder": 6,
  "weblinksetid": "8be3b635-8771-4386-9361-87ff0d106b8a",
  "pageid": "4d1ff862-9ebe-4512-806e-74613327a4f7",
  "publishingstateid": "98c3c40d-73b6-4b26-9791-e0b89a21706e",
  "displaypagevalidation": false,
  "displayimageonly": false,
  "displaypagechildlinks": false,
  "openinnewwindow": false,
  "robotsfollowlink": true
}</content>
  <iscustomizable>1</iscustomizable>
  <name>Contact Us-deleted</name>
  <powerpagecomponenttype>5</powerpagecomponenttype>
  <powerpagesiteid>
    <powerpagesiteid>0cd59409-6fec-4be9-bd09-8f1d362195e1</powerpagesiteid>
  </powerpagesiteid>
  <statecode>1</statecode>
  <statuscode>2</statuscode>
</powerpagecomponent>