<ImportExportXml version="9.2.23083.184" SolutionPackageVersion="9.2" languagecode="1033" generatedBy="CrmLive" xmlns:xsi="http://www.w3.org/2001/XMLSchema-instance">
  <SolutionManifest>
    <UniqueName>PoliciesDemo</UniqueName>
    <LocalizedNames>
      <LocalizedName description="Policies Demo" languagecode="1033" />
    </LocalizedNames>
    <Descriptions />
    <Version>1.0.0.0</Version>
    <Managed>1</Managed>
    <Publisher>
      <UniqueName>merp</UniqueName>
      <LocalizedNames>
        <LocalizedName description="Merp" languagecode="1033" />
      </LocalizedNames>
      <Descriptions />
      <EMailAddress xsi:nil="true"></EMailAddress>
      <SupportingWebsiteUrl xsi:nil="true"></SupportingWebsiteUrl>
      <CustomizationPrefix>merp</CustomizationPrefix>
      <CustomizationOptionValuePrefix>32838</CustomizationOptionValuePrefix>
      <Addresses>
        <Address>
          <AddressNumber>1</AddressNumber>
          <AddressTypeCode>1</AddressTypeCode>
          <City xsi:nil="true"></City>
          <County xsi:nil="true"></County>
          <Country xsi:nil="true"></Country>
          <Fax xsi:nil="true"></Fax>
          <FreightTermsCode xsi:nil="true"></FreightTermsCode>
          <ImportSequenceNumber xsi:nil="true"></ImportSequenceNumber>
          <Latitude xsi:nil="true"></Latitude>
          <Line1 xsi:nil="true"></Line1>
          <Line2 xsi:nil="true"></Line2>
          <Line3 xsi:nil="true"></Line3>
          <Longitude xsi:nil="true"></Longitude>
          <Name xsi:nil="true"></Name>
          <PostalCode xsi:nil="true"></PostalCode>
          <PostOfficeBox xsi:nil="true"></PostOfficeBox>
          <PrimaryContactName xsi:nil="true"></PrimaryContactName>
          <ShippingMethodCode>1</ShippingMethodCode>
          <StateOrProvince xsi:nil="true"></StateOrProvince>
          <Telephone1 xsi:nil="true"></Telephone1>
          <Telephone2 xsi:nil="true"></Telephone2>
          <Telephone3 xsi:nil="true"></Telephone3>
          <TimeZoneRuleVersionNumber xsi:nil="true"></TimeZoneRuleVersionNumber>
          <UPSZone xsi:nil="true"></UPSZone>
          <UTCOffset xsi:nil="true"></UTCOffset>
          <UTCConversionTimeZoneCode xsi:nil="true"></UTCConversionTimeZoneCode>
        </Address>
        <Address>
          <AddressNumber>2</AddressNumber>
          <AddressTypeCode>1</AddressTypeCode>
          <City xsi:nil="true"></City>
          <County xsi:nil="true"></County>
          <Country xsi:nil="true"></Country>
          <Fax xsi:nil="true"></Fax>
          <FreightTermsCode xsi:nil="true"></FreightTermsCode>
          <ImportSequenceNumber xsi:nil="true"></ImportSequenceNumber>
          <Latitude xsi:nil="true"></Latitude>
          <Line1 xsi:nil="true"></Line1>
          <Line2 xsi:nil="true"></Line2>
          <Line3 xsi:nil="true"></Line3>
          <Longitude xsi:nil="true"></Longitude>
          <Name xsi:nil="true"></Name>
          <PostalCode xsi:nil="true"></PostalCode>
          <PostOfficeBox xsi:nil="true"></PostOfficeBox>
          <PrimaryContactName xsi:nil="true"></PrimaryContactName>
          <ShippingMethodCode>1</ShippingMethodCode>
          <StateOrProvince xsi:nil="true"></StateOrProvince>
          <Telephone1 xsi:nil="true"></Telephone1>
          <Telephone2 xsi:nil="true"></Telephone2>
          <Telephone3 xsi:nil="true"></Telephone3>
          <TimeZoneRuleVersionNumber xsi:nil="true"></TimeZoneRuleVersionNumber>
          <UPSZone xsi:nil="true"></UPSZone>
          <UTCOffset xsi:nil="true"></UTCOffset>
          <UTCConversionTimeZoneCode xsi:nil="true"></UTCConversionTimeZoneCode>
        </Address>
      </Addresses>
    </Publisher>
    <RootComponents>
      <RootComponent type="1" schemaName="merp_gpt" behavior="0" />
      <RootComponent type="29" id="{2ec93fa5-4b4d-ee11-be6f-000d3a4f1a9f}" behavior="0" />
      <RootComponent type="29" id="{3b39f764-6a50-ee11-be6f-000d3a4f1a9f}" behavior="0" />
      <RootComponent type="29" id="{afa6d417-9950-ee11-be6f-000d3a4f1a9f}" behavior="0" />
      <RootComponent type="29" id="{ca590ce1-014e-ee11-be6f-000d3a4f1a9f}" behavior="0" />
      <RootComponent type="29" id="{d49cd5de-4d51-ee11-be6f-000d3a4e8fef}" behavior="0" />
      <RootComponent type="29" id="{d682b790-8650-ee11-be6f-000d3a4e8fef}" behavior="0" />
      <RootComponent type="300" schemaName="merp_policyeditor_d6fcd" behavior="0" />
    </RootComponents>
    <MissingDependencies>
      <MissingDependency>
        <Required type="66" schemaName="ya_btd.IframePCF" displayName="ya_btd.IframePCF" solution="IFrameSolution (1.0.0.1)" />
        <Dependent type="300" schemaName="merp_policyeditor_d6fcd" displayName="Policy Genius" />
      </MissingDependency>
      <MissingDependency>
        <Required type="connectionreference" displayName="book_sharedoffice365_e0191" solution="Active" id.connectionreferencelogicalname="book_sharedoffice365_e0191" />
        <Dependent type="29" displayName="Send to Stakeholders" id="{d49cd5de-4d51-ee11-be6f-000d3a4e8fef}" />
      </MissingDependency>
      <MissingDependency>
        <Required type="connectionreference" displayName="book_sharedsharepointonline_0a6a0" solution="Active" id.connectionreferencelogicalname="book_sharedsharepointonline_0a6a0" />
        <Dependent type="29" displayName="test flow" id="{afa6d417-9950-ee11-be6f-000d3a4f1a9f}" />
      </MissingDependency>
      <MissingDependency>
        <Required type="connectionreference" displayName="book_sharedsharepointonline_2b162" solution="Active" id.connectionreferencelogicalname="book_sharedsharepointonline_2b162" />
        <Dependent type="29" displayName="GPTCanvasFlow" id="{2ec93fa5-4b4d-ee11-be6f-000d3a4f1a9f}" />
      </MissingDependency>
      <MissingDependency>
        <Required type="connectionreference" displayName="book_sharedsharepointonline_2b162" solution="Active" id.connectionreferencelogicalname="book_sharedsharepointonline_2b162" />
        <Dependent type="29" displayName="SaveDOcumentFlow" id="{3b39f764-6a50-ee11-be6f-000d3a4f1a9f}" />
      </MissingDependency>
      <MissingDependency>
        <Required type="connectionreference" displayName="book_sharedsharepointonline_2b162" solution="Active" id.connectionreferencelogicalname="book_sharedsharepointonline_2b162" />
        <Dependent type="29" displayName="Regenerateflow" id="{ca590ce1-014e-ee11-be6f-000d3a4f1a9f}" />
      </MissingDependency>
      <MissingDependency>
        <Required type="connectionreference" displayName="book_sharedsharepointonline_2b162" solution="Active" id.connectionreferencelogicalname="book_sharedsharepointonline_2b162" />
        <Dependent type="29" displayName="Send to Stakeholders" id="{d49cd5de-4d51-ee11-be6f-000d3a4e8fef}" />
      </MissingDependency>
      <MissingDependency>
        <Required type="connectionreference" displayName="book_sharedsharepointonline_2b162" solution="Active" id.connectionreferencelogicalname="book_sharedsharepointonline_2b162" />
        <Dependent type="29" displayName="Get file preview from sharepoint" id="{d682b790-8650-ee11-be6f-000d3a4e8fef}" />
      </MissingDependency>
    </MissingDependencies>
  </SolutionManifest>
</ImportExportXml>