{"swagger":"2.0","info":{"title":"API-Football","description":"REST API for football data including live scores, fixtures, and player stats.","version":"1.0.0"},"host":"v3.football.api-sports.io","basePath":"/","schemes":["https"],"consumes":["application/json"],"produces":["application/json"],"paths":{"/status":{"get":{"summary":"Check API status","description":"Returns the API status and server time.","operationId":"getApiStatus","responses":{"200":{"description":"Successful response","schema":{"type":"object"}}}}},"/fixtures":{"get":{"summary":"Get fixtures","description":"Retrieve football match fixtures. Supports fetching the last and next fixture of a specific team.\n","operationId":"getFixtures","parameters":[{"name":"league","in":"query","required":true,"type":"integer"},{"name":"season","in":"query","required":true,"type":"integer"},{"name":"team","in":"query","required":false,"type":"integer","description":"The ID of the team to fetch fixtures for."},{"name":"last","in":"query","required":false,"type":"integer","description":"The number of past fixtures to retrieve (e.g., 1 for last fixture)."},{"name":"next","in":"query","required":false,"type":"integer","description":"The number of upcoming fixtures to retrieve (e.g., 1 for next fixture)."}],"responses":{"200":{"description":"Successful response","schema":{"type":"object"}}}}},"/teams":{"get":{"summary":"Get team information","description":"Retrieve details of football teams using either team name or team ID. If multiple teams are found, only the first one is returned initially. If the first team is incorrect, additional teams can be retrieved by iterating through the response.\n","operationId":"getTeams","parameters":[{"name":"id","in":"query","required":false,"type":"integer","description":"The ID of the team."},{"name":"name","in":"query","required":false,"type":"string","description":"The name of the team (if ID is not known)."}],"responses":{"200":{"description":"Successful response","schema":{"type":"object"}}}}}},"securityDefinitions":{"ApiKeyAuth":{"type":"apiKey","in":"header","name":"x-apisports-key"}},"security":[{"ApiKeyAuth":[]}]}