<environmentvariabledefinition schemaname="natiturt_SendToAddress">
  <description default="An email or group that the blog updates will be sent to">
    <label description="An email or group that the blog updates will be sent to" languagecode="1033" />
  </description>
  <displayname default="Send To Address">
    <label description="Send To Address" languagecode="1033" />
  </displayname>
  <introducedversion>1.0.0.0</introducedversion>
  <iscustomizable>1</iscustomizable>
  <isrequired>0</isrequired>
  <secretstore>0</secretstore>
  <type>100000000</type>
</environmentvariabledefinition>