{
  "properties": {
    "connectionReferences": {
      "shared_commondataserviceforapps": {
        "runtimeSource": "embedded",
        "connection": {
          "connectionReferenceLogicalName": "new_sharedcommondataserviceforapps_64f34"
        },
        "api": {
          "name": "shared_commondataserviceforapps"
        }
      }
    },
    "definition": {
      "$schema": "https://schema.management.azure.com/providers/Microsoft.Logic/schemas/2016-06-01/workflowdefinition.json#",
      "contentVersion": "1.0.0.0",
      "parameters": {
        "$connections": {
          "defaultValue": {},
          "type": "Object"
        },
        "$authentication": {
          "defaultValue": {},
          "type": "SecureObject"
        }
      },
      "triggers": {
        "manual": {
          "metadata": {
            "operationMetadataId": "d6b7f627-f2f4-4c95-b804-02d636da25ec"
          },
          "type": "Request",
          "kind": "VirtualAgent",
          "inputs": {
            "schema": {
              "type": "object",
              "properties": {
                "text": {
                  "title": "Description",
                  "type": "string",
                  "x-ms-dynamically-added": true,
                  "description": "Please enter your input",
                  "x-ms-content-hint": "TEXT"
                },
                "number": {
                  "title": "CaseType",
                  "type": "number",
                  "x-ms-dynamically-added": true,
                  "description": "Please enter a number",
                  "x-ms-content-hint": "NUMBER"
                },
                "number_1": {
                  "title": "AssistanceType",
                  "type": "number",
                  "x-ms-dynamically-added": true,
                  "description": "Please enter a number",
                  "x-ms-content-hint": "NUMBER"
                },
                "text_1": {
                  "title": "FirstName",
                  "type": "string",
                  "x-ms-dynamically-added": true,
                  "description": "Please enter your input",
                  "x-ms-content-hint": "TEXT"
                },
                "text_2": {
                  "title": "LastName",
                  "type": "string",
                  "x-ms-dynamically-added": true,
                  "description": "Please enter your input",
                  "x-ms-content-hint": "TEXT"
                },
                "text_3": {
                  "title": "Email",
                  "type": "string",
                  "x-ms-dynamically-added": true,
                  "description": "Please enter your input",
                  "x-ms-content-hint": "TEXT"
                },
                "text_4": {
                  "title": "Var_ConversationID",
                  "type": "string",
                  "x-ms-dynamically-added": true,
                  "description": "Please enter your input",
                  "x-ms-content-hint": "TEXT"
                }
              },
              "required": [
                "text",
                "number",
                "number_1",
                "text_4"
              ]
            }
          }
        }
      },
      "actions": {
        "Classify_text_into_categories_with_one_of_your_custom_models": {
          "runAfter": {},
          "metadata": {
            "operationMetadataId": "4cbea07a-1580-44e3-a85b-d68ceee9454c",
            "flowSystemMetadata": {
              "portalOperationId": "aibuilderpredict_textclassification",
              "portalOperationGroup": "aibuilder",
              "portalOperationApiDisplayNameOverride": "AI Builder",
              "portalOperationIconOverride": "https://content.powerapps.com/resource/makerx/static/pauto/images/designeroperations/aiBuilderNew.51dbdb6b.png",
              "portalOperationBrandColorOverride": "#0A76C4",
              "portalOperationApiTierOverride": "Standard"
            }
          },
          "type": "OpenApiConnection",
          "inputs": {
            "host": {
              "connectionName": "shared_commondataserviceforapps",
              "operationId": "aibuilderpredict_textclassification",
              "apiId": "/providers/Microsoft.PowerApps/apis/shared_commondataserviceforapps"
            },
            "parameters": {
              "recordId": "1c8e0bf4-1535-4990-a7bb-2bb33f46b8a8",
              "item/requestv2/text": "@triggerBody()['text']",
              "item/requestv2/language": "Detect automatically"
            },
            "authentication": "@parameters('$authentication')"
          }
        },
        "List_rows": {
          "runAfter": {
            "Classify_text_into_categories_with_one_of_your_custom_models": [
              "Succeeded"
            ]
          },
          "metadata": {
            "operationMetadataId": "9e59b12c-7ffe-47aa-bf50-b75971eff88c"
          },
          "type": "OpenApiConnection",
          "inputs": {
            "host": {
              "connectionName": "shared_commondataserviceforapps",
              "operationId": "ListRecords",
              "apiId": "/providers/Microsoft.PowerApps/apis/shared_commondataserviceforapps"
            },
            "parameters": {
              "entityName": "contacts",
              "$filter": "fullname eq '@{triggerBody()['text_1']} @{triggerBody()?['text_2']}' and emailaddress1 eq '@{triggerBody()?['text_3']}'"
            },
            "authentication": "@parameters('$authentication')"
          }
        },
        "Return_value(s)_to_Power_Virtual_Agents": {
          "runAfter": {
            "Check_if_contact_do_not_exist": [
              "Succeeded"
            ]
          },
          "metadata": {
            "operationMetadataId": "f35de994-a00e-4227-9e7b-313bf30a49e3"
          },
          "type": "Response",
          "kind": "VirtualAgent",
          "inputs": {
            "statusCode": 200,
            "body": {},
            "schema": {
              "type": "object",
              "properties": {}
            }
          }
        },
        "Check_if_contact_do_not_exist": {
          "actions": {
            "Create_New_Contact": {
              "runAfter": {},
              "metadata": {
                "operationMetadataId": "501cb9cb-0f72-4037-b23a-6e26edb4b86f"
              },
              "type": "OpenApiConnection",
              "inputs": {
                "host": {
                  "connectionName": "shared_commondataserviceforapps",
                  "operationId": "CreateRecord",
                  "apiId": "/providers/Microsoft.PowerApps/apis/shared_commondataserviceforapps"
                },
                "parameters": {
                  "entityName": "contacts",
                  "item/lastname": "@triggerBody()?['text_2']",
                  "item/emailaddress1": "@triggerBody()?['text_3']",
                  "item/firstname": "@triggerBody()?['text_1']"
                },
                "authentication": "@parameters('$authentication')"
              }
            },
            "Apply_to_each_2": {
              "foreach": "@outputs('Classify_text_into_categories_with_one_of_your_custom_models')?['body/responsev2/predictionOutput/results']",
              "actions": {
                "Create_Assistance_Request_Forms": {
                  "runAfter": {},
                  "metadata": {
                    "operationMetadataId": "c847000b-7743-4b4b-a27c-4adbb21d6772"
                  },
                  "type": "OpenApiConnection",
                  "inputs": {
                    "host": {
                      "connectionName": "shared_commondataserviceforapps",
                      "operationId": "CreateRecord",
                      "apiId": "/providers/Microsoft.PowerApps/apis/shared_commondataserviceforapps"
                    },
                    "parameters": {
                      "entityName": "cr71f_legalassistancerequestform8b1es",
                      "item/bh_aibuildertag": "@items('Apply_to_each_2')?['type']",
                      "item/bh_Client@odata.bind": "/contacts(@{outputs('Create_New_Contact')?['body/contactid']})",
                      "item/bh_concern": "@triggerBody()['number']",
                      "item/bh_confidencescore": "@items('Apply_to_each_2')?['score']",
                      "item/bh_conversationid": "@triggerBody()['text_4']",
                      "item/cr71f_dateofrequest8b1e": "@utcNow()",
                      "item/cr71f_description8b1e": "@triggerBody()['text']",
                      "item/cr71f_email8b1e": "@triggerBody()?['text_3']",
                      "item/cr71f_name8b1e": "@concat('CAS-', utcNow())",
                      "item/cr71f_requestpriority8b1e": 0,
                      "item/cr71f_requeststatus8b1e": 0,
                      "item/cr71f_requestedby8b1e": "@{triggerBody()['text_1']} @{triggerBody()?['text_2']}",
                      "item/cr71f_typeofassistance8b1e": "@triggerBody()['number_1']",
                      "item/bh_typeofcase": "@triggerBody()['number']"
                    },
                    "authentication": "@parameters('$authentication')"
                  }
                }
              },
              "runAfter": {
                "Create_New_Contact": [
                  "Succeeded"
                ]
              },
              "metadata": {
                "operationMetadataId": "8fa379e2-406f-413b-b81e-07740d14f0df"
              },
              "type": "Foreach"
            }
          },
          "runAfter": {
            "List_rows": [
              "Succeeded"
            ]
          },
          "else": {
            "actions": {
              "Apply_to_each_6": {
                "foreach": "@outputs('List_rows')?['body/value']",
                "actions": {
                  "Condition_2": {
                    "actions": {
                      "Apply_to_each_7": {
                        "foreach": "@outputs('Classify_text_into_categories_with_one_of_your_custom_models')?['body/responsev2/predictionOutput/results']",
                        "actions": {
                          "Apply_to_each_8": {
                            "foreach": "@outputs('List_rows')?['body/value']",
                            "actions": {
                              "Add_new_Legal_Advise": {
                                "runAfter": {},
                                "metadata": {
                                  "operationMetadataId": "0a363381-9986-4e2f-aaf8-ee93f1189bd1"
                                },
                                "type": "OpenApiConnection",
                                "inputs": {
                                  "host": {
                                    "connectionName": "shared_commondataserviceforapps",
                                    "operationId": "CreateRecord",
                                    "apiId": "/providers/Microsoft.PowerApps/apis/shared_commondataserviceforapps"
                                  },
                                  "parameters": {
                                    "entityName": "cr71f_legalassistancerequestform8b1es",
                                    "item/bh_aibuildertag": "@items('Apply_to_each_7')?['type']",
                                    "item/bh_Client@odata.bind": "contacts(@{items('Apply_to_each_8')?['contactid']})",
                                    "item/bh_concern": "@triggerBody()['number']",
                                    "item/bh_confidencescore": "@items('Apply_to_each_7')?['score']",
                                    "item/bh_conversationid": "@triggerBody()['text_4']",
                                    "item/cr71f_dateofrequest8b1e": "@utcNow()",
                                    "item/cr71f_description8b1e": "@triggerBody()['text']",
                                    "item/cr71f_email8b1e": "@triggerBody()?['text_3']",
                                    "item/cr71f_name8b1e": "@concat('CAS-', utcNow())",
                                    "item/cr71f_requestpriority8b1e": 0,
                                    "item/cr71f_requeststatus8b1e": 0,
                                    "item/cr71f_requestedby8b1e": "@{triggerBody()['text_1']} @{triggerBody()?['text_2']}",
                                    "item/cr71f_typeofassistance8b1e": "@triggerBody()['number_1']",
                                    "item/bh_typeofcase": "@triggerBody()['number']"
                                  },
                                  "authentication": "@parameters('$authentication')"
                                }
                              }
                            },
                            "runAfter": {},
                            "metadata": {
                              "operationMetadataId": "dea8bc9e-1e00-4a12-9418-9b685c384913"
                            },
                            "type": "Foreach"
                          }
                        },
                        "runAfter": {},
                        "metadata": {
                          "operationMetadataId": "d30a0e88-6da6-48a2-a6b6-f45241cb37ce"
                        },
                        "type": "Foreach"
                      }
                    },
                    "runAfter": {},
                    "expression": {
                      "not": {
                        "equals": [
                          "@items('Apply_to_each_6')?['contactid']",
                          "@null"
                        ]
                      }
                    },
                    "metadata": {
                      "operationMetadataId": "5402cebd-1708-4270-9762-fb99981b365f"
                    },
                    "type": "If"
                  }
                },
                "runAfter": {},
                "metadata": {
                  "operationMetadataId": "71e8527a-548f-4dc9-9c7c-ee099bc7c82c"
                },
                "type": "Foreach"
              }
            }
          },
          "expression": {
            "equals": [
              "@empty(body('List_rows')?['value'])",
              "@true"
            ]
          },
          "metadata": {
            "operationMetadataId": "f61139cc-7c19-466e-8254-882448825399"
          },
          "type": "If"
        }
      },
      "outputs": {}
    },
    "templateName": "c9cd2c4e691a4646adc8aa592c88489b"
  },
  "schemaVersion": "1.0.0.0"
}