<powerpagecomponent powerpagecomponentid="7e02e53f-e20c-6a1c-45d6-8c50f18dc151">
  <content>{"createdOn":"2025-02-19T14:29:17.131Z","parentpageid":"c56a2cdf-2101-4a37-9797-240630eeab31","publishingstateid":"98c3c40d-73b6-4b26-9791-e0b89a21706e","partialurl":"CUSTOM_AI_THEME_NAME-1.scss","title":"","summary":"Custom theme generated by AI","enabletracking":false,"excludefromsearch":false,"hiddenfromsitemap":false}</content>
  <filecontent mimetype="application/octet-stream">CUSTOM_AI_THEME_NAME-1.scss</filecontent>
  <iscustomizable>1</iscustomizable>
  <name>CUSTOM_AI_THEME_NAME (1)</name>
  <powerpagecomponenttype>3</powerpagecomponenttype>
  <powerpagesiteid>
    <powerpagesiteid>0cd59409-6fec-4be9-bd09-8f1d362195e1</powerpagesiteid>
  </powerpagesiteid>
  <statecode>0</statecode>
  <statuscode>1</statuscode>
</powerpagecomponent>