<powerpagecomponent powerpagecomponentid="c8af88d3-e722-3314-0c29-d673d2cef23f">
  <content>{
  "filecontent": null,
  "displayorder": 3,
  "customcss": "",
  "customjavascript": "",
  "pagetemplateid": "24ef4cfc-9aea-4ffb-ae57-e19531d5db47",
  "parentpageid": "c97db2f7-6376-cd6b-ce6f-722260267fdd",
  "partialurl": "Referrals",
  "isroot": false,
  "rootwebpageid": "085779db-eb59-f677-59dc-75efa099a1d1",
  "title": "Referrals",
  "summary": "&lt;p&gt;This is a sample landing page designed to be a starting point for your website&lt;/p&gt;",
  "copy": "&lt;div data-component-theme=\"portalThemeColor7\" class=\"row sectionBlockLayout text-start\" style=\"display: flex; flex-wrap: wrap; margin: 0px; min-height: auto; padding: 8px;\"&gt;\n  &lt;div class=\"container\" style=\"display: flex; flex-wrap: wrap;\"&gt;\n    &lt;div class=\"col-lg-12 columnBlockLayout\" style=\"flex-grow: 1; display: flex; flex-direction: column; min-width: 250px; padding: 0px; margin: 0px;\"&gt;\n      &lt;h4 style=\"text-align: center;\"&gt;Referrals&lt;/h4&gt;\n      {% include 'entity_list' key: 'All Referrals' AISummaryTitle: 'AI Insights' isAISummaryExpanded: 'false' AISummaryChartTypes: '[1,2,3,4,5]' isAISummaryEnabled: 'false'%}\n    &lt;/div&gt;\n  &lt;/div&gt;\n&lt;/div&gt;\n",
  "publishingstateid": "98c3c40d-73b6-4b26-9791-e0b89a21706e",
  "enablerating": false,
  "enabletracking": false,
  "excludefromsearch": false,
  "hiddenfromsitemap": true,
  "sharedpageconfiguration": false
}</content>
  <iscustomizable>1</iscustomizable>
  <name>Referrals</name>
  <powerpagecomponenttype>2</powerpagecomponenttype>
  <powerpagesiteid>
    <powerpagesiteid>0cd59409-6fec-4be9-bd09-8f1d362195e1</powerpagesiteid>
  </powerpagesiteid>
  <powerpagesitelanguageid>
    <powerpagesitelanguageid>86376c44-2f1d-4c1c-ab77-515ae3517a4f</powerpagesitelanguageid>
  </powerpagesitelanguageid>
  <searchcontent>Referrals&lt;div data-component-theme="portalThemeColor7" class="row sectionBlockLayout text-start" style="display: flex; flex-wrap: wrap; margin: 0px; min-height: auto; padding: 8px;"&gt;
  &lt;div class="container" style="display: flex; flex-wrap: wrap;"&gt;
    &lt;div class="col-lg-12 columnBlockLayout" style="flex-grow: 1; display: flex; flex-direction: column; min-width: 250px; padding: 0px; margin: 0px;"&gt;
      &lt;h4 style="text-align: center;"&gt;Referrals&lt;/h4&gt;
      {% include 'entity_list' key: 'All Referrals' AISummaryTitle: 'AI Insights' isAISummaryExpanded: 'false' AISummaryChartTypes: '[1,2,3,4,5]' isAISummaryEnabled: 'false'%}
    &lt;/div&gt;
  &lt;/div&gt;
&lt;/div&gt;
Referrals</searchcontent>
  <statecode>0</statecode>
  <statuscode>1</statuscode>
</powerpagecomponent>