<powerpagecomponent powerpagecomponentid="6f347568-74ec-ef11-be20-6045bdef6d3f">
  <content>{
  "filecontent": null,
  "value": "{% fetchxml contactAccessQuery %}\n&lt;fetch top=\"1\"&gt;\n  &lt;entity name=\"mass_contactaccess\"&gt;\n    &lt;attribute name=\"mass_contactaccessid\" /&gt;\n    &lt;filter&gt;\n      &lt;condition attribute=\"mass_contact\" operator=\"eq\" value=\"{{ user.id }}\" /&gt;\n      &lt;condition attribute=\"mass_website\" operator=\"eq\" value=\"0cd59409-6fec-4be9-bd09-8f1d362195e1\" uiname=\"MASS Travel Gateway\" uitype=\"mass_website\" /&gt;\n    &lt;/filter&gt;\n  &lt;/entity&gt;\n&lt;/fetch&gt;\n{% endfetchxml %} {% assign contactAccessQueryResult = null %} {% assign contactAccessQueryResult = contactAccessQuery.results.entities | first | default: null %} {% if contactAccessQueryResult != null %} {% assign contactAccessId = contactAccessQueryResult['mass_contactaccessid'] | default: \"\" %} {% if contactAccessId != \"\" %}\n&lt;button onclick=\"window.location.href='/Access-Details/?id={{ contactAccessId }}'\" type=\"button\" value=\"Access-Details\" id=\"if0ky5\" class=\"button1\" style=\"display: block; margin: 0 auto;\"&gt;Access Details&lt;/button&gt;\n{% endif %} {% else %} {% if user.id != null %}\n&lt;button onclick=\"window.location.href='/Access-Request'\" type=\"button\" value=\"Access-Request\" id=\"if0ky5\" class=\"button1\" style=\"display: block; margin: 0 auto;\"&gt;Access Request&lt;/button&gt;\n{% endif %} {% endif %}",
  "type": 756150001
}</content>
  <iscustomizable>1</iscustomizable>
  <name>MTG Contact Access</name>
  <powerpagecomponenttype>7</powerpagecomponenttype>
  <powerpagesiteid>
    <powerpagesiteid>0cd59409-6fec-4be9-bd09-8f1d362195e1</powerpagesiteid>
  </powerpagesiteid>
  <powerpagesitelanguageid>
    <powerpagesitelanguageid>86376c44-2f1d-4c1c-ab77-515ae3517a4f</powerpagesitelanguageid>
  </powerpagesitelanguageid>
  <statecode>0</statecode>
  <statuscode>1</statuscode>
</powerpagecomponent>