<ImportExportXml version="9.2.23091.170" SolutionPackageVersion="9.2" languagecode="1033" generatedBy="CrmLive" xmlns:xsi="http://www.w3.org/2001/XMLSchema-instance">
  <SolutionManifest>
    <UniqueName>ApprauAIEducation</UniqueName>
    <LocalizedNames>
      <LocalizedName description="Apprau AI Education" languagecode="1033" />
    </LocalizedNames>
    <Descriptions />
    <Version>1.0.0.2</Version>
    <Managed>0</Managed>
    <Publisher>
      <UniqueName>Apprau</UniqueName>
      <LocalizedNames>
        <LocalizedName description="Apprau" languagecode="1033" />
      </LocalizedNames>
      <Descriptions />
      <EMailAddress xsi:nil="true"></EMailAddress>
      <SupportingWebsiteUrl xsi:nil="true"></SupportingWebsiteUrl>
      <CustomizationPrefix>appr</CustomizationPrefix>
      <CustomizationOptionValuePrefix>45857</CustomizationOptionValuePrefix>
      <Addresses>
        <Address>
          <AddressNumber>1</AddressNumber>
          <AddressTypeCode>1</AddressTypeCode>
          <City xsi:nil="true"></City>
          <County xsi:nil="true"></County>
          <Country xsi:nil="true"></Country>
          <Fax xsi:nil="true"></Fax>
          <FreightTermsCode xsi:nil="true"></FreightTermsCode>
          <ImportSequenceNumber xsi:nil="true"></ImportSequenceNumber>
          <Latitude xsi:nil="true"></Latitude>
          <Line1 xsi:nil="true"></Line1>
          <Line2 xsi:nil="true"></Line2>
          <Line3 xsi:nil="true"></Line3>
          <Longitude xsi:nil="true"></Longitude>
          <Name xsi:nil="true"></Name>
          <PostalCode xsi:nil="true"></PostalCode>
          <PostOfficeBox xsi:nil="true"></PostOfficeBox>
          <PrimaryContactName xsi:nil="true"></PrimaryContactName>
          <ShippingMethodCode>1</ShippingMethodCode>
          <StateOrProvince xsi:nil="true"></StateOrProvince>
          <Telephone1 xsi:nil="true"></Telephone1>
          <Telephone2 xsi:nil="true"></Telephone2>
          <Telephone3 xsi:nil="true"></Telephone3>
          <TimeZoneRuleVersionNumber xsi:nil="true"></TimeZoneRuleVersionNumber>
          <UPSZone xsi:nil="true"></UPSZone>
          <UTCOffset xsi:nil="true"></UTCOffset>
          <UTCConversionTimeZoneCode xsi:nil="true"></UTCConversionTimeZoneCode>
        </Address>
        <Address>
          <AddressNumber>2</AddressNumber>
          <AddressTypeCode>1</AddressTypeCode>
          <City xsi:nil="true"></City>
          <County xsi:nil="true"></County>
          <Country xsi:nil="true"></Country>
          <Fax xsi:nil="true"></Fax>
          <FreightTermsCode xsi:nil="true"></FreightTermsCode>
          <ImportSequenceNumber xsi:nil="true"></ImportSequenceNumber>
          <Latitude xsi:nil="true"></Latitude>
          <Line1 xsi:nil="true"></Line1>
          <Line2 xsi:nil="true"></Line2>
          <Line3 xsi:nil="true"></Line3>
          <Longitude xsi:nil="true"></Longitude>
          <Name xsi:nil="true"></Name>
          <PostalCode xsi:nil="true"></PostalCode>
          <PostOfficeBox xsi:nil="true"></PostOfficeBox>
          <PrimaryContactName xsi:nil="true"></PrimaryContactName>
          <ShippingMethodCode>1</ShippingMethodCode>
          <StateOrProvince xsi:nil="true"></StateOrProvince>
          <Telephone1 xsi:nil="true"></Telephone1>
          <Telephone2 xsi:nil="true"></Telephone2>
          <Telephone3 xsi:nil="true"></Telephone3>
          <TimeZoneRuleVersionNumber xsi:nil="true"></TimeZoneRuleVersionNumber>
          <UPSZone xsi:nil="true"></UPSZone>
          <UTCOffset xsi:nil="true"></UTCOffset>
          <UTCConversionTimeZoneCode xsi:nil="true"></UTCConversionTimeZoneCode>
        </Address>
      </Addresses>
    </Publisher>
    <RootComponents>
      <RootComponent type="1" schemaName="account" behavior="2" />
      <RootComponent type="1" schemaName="appr_announcement" behavior="0" />
      <RootComponent type="1" schemaName="appr_assignment" behavior="0" />
      <RootComponent type="1" schemaName="appr_assignmentmark" behavior="0" />
      <RootComponent type="1" schemaName="appr_course" behavior="0" />
      <RootComponent type="1" schemaName="appr_criteriasection" behavior="0" />
      <RootComponent type="1" schemaName="appr_learningmaterials" behavior="0" />
      <RootComponent type="1" schemaName="appr_llmrequest" behavior="0" />
      <RootComponent type="1" schemaName="appr_llmresponse" behavior="0" />
      <RootComponent type="1" schemaName="appr_message" behavior="0" />
      <RootComponent type="1" schemaName="appr_rubric" behavior="0" />
      <RootComponent type="1" schemaName="appr_rubriccriteria" behavior="0" />
      <RootComponent type="1" schemaName="appr_rubriccriteriamark" behavior="0" />
      <RootComponent type="1" schemaName="appr_session" behavior="0" />
      <RootComponent type="1" schemaName="appr_studentcourse" behavior="0" />
      <RootComponent type="1" schemaName="contact" behavior="2" />
      <RootComponent type="9" schemaName="appr_annoucementfrom" behavior="0" />
      <RootComponent type="9" schemaName="appr_announcementscope" behavior="0" />
      <RootComponent type="9" schemaName="appr_assignmentstatus" behavior="0" />
      <RootComponent type="9" schemaName="appr_contactrole" behavior="0" />
      <RootComponent type="9" schemaName="appr_criterialevels" behavior="0" />
      <RootComponent type="9" schemaName="appr_llmresponsetype" behavior="0" />
      <RootComponent type="61" schemaName="appr_announcementIcon.Svg" behavior="0" />
      <RootComponent type="61" schemaName="appr_assignmentMarksIcon.svg" behavior="0" />
      <RootComponent type="61" schemaName="appr_criteriaIcon.svg" behavior="0" />
      <RootComponent type="61" schemaName="appr_icon_Assignment" behavior="0" />
      <RootComponent type="61" schemaName="appr_icon_course" behavior="0" />
      <RootComponent type="61" schemaName="appr_learningMaterialsIcon.svg" behavior="0" />
      <RootComponent type="61" schemaName="appr_LLMResponseIcon.svg" behavior="0" />
      <RootComponent type="61" schemaName="appr_rubricCriteriaIcon.svg" behavior="0" />
      <RootComponent type="61" schemaName="appr_rubricCriteriaMarkIcon.svg" behavior="0" />
      <RootComponent type="61" schemaName="appr_rubricIcon.svg" behavior="0" />
      <RootComponent type="61" schemaName="appr_studentCourseIcon.svg" behavior="0" />
      <RootComponent type="300" schemaName="appr_aieducationteacherapp_ee932" behavior="0" />
      <RootComponent type="300" schemaName="appr_aieducation_83040" behavior="0" />
      <RootComponent type="300" schemaName="appr_libraryaiedu_0a67d" behavior="0" />
      <RootComponent type="300" schemaName="appr_staging_7db47" behavior="0" />
      <RootComponent type="431" schemaName="appr_course appr_courseicon" behavior="0" />
      <RootComponent type="432" schemaName="appr_course" behavior="0" />
    </RootComponents>
    <MissingDependencies>
      <MissingDependency>
        <Required type="2" schemaName="adx_identity_twofactorenabled" displayName="Two Factor Enabled" parentSchemaName="contact" parentDisplayName="Contact" solution="PowerPages_RuntimeCore (1.0.2308.4)">
          <package>PowerPages_Core (1.0.2309.59)</package>
        </Required>
        <Dependent type="2" schemaName="adx_identity_twofactorenabled" displayName="Two Factor Enabled" parentSchemaName="contact" parentDisplayName="Contact" />
      </MissingDependency>
      <MissingDependency>
        <Required type="2" schemaName="adx_identity_username" displayName="User Name" parentSchemaName="contact" parentDisplayName="Contact" solution="PowerPages_RuntimeCore (1.0.2308.4)">
          <package>PowerPages_Core (1.0.2309.59)</package>
        </Required>
        <Dependent type="2" schemaName="adx_identity_username" displayName="User Name" parentSchemaName="contact" parentDisplayName="Contact" />
      </MissingDependency>
      <MissingDependency>
        <Required type="2" schemaName="adx_timezone" displayName="Time Zone" parentSchemaName="contact" parentDisplayName="Contact" solution="PowerPages_RuntimeCoreDependencies (1.0.2305.1)">
          <package>PowerPages_Core (1.0.2309.59)</package>
        </Required>
        <Dependent type="2" schemaName="adx_timezone" displayName="Time Zone" parentSchemaName="contact" parentDisplayName="Contact" />
      </MissingDependency>
      <MissingDependency>
        <Required type="2" schemaName="msdyn_isminor" displayName="Is Minor" parentSchemaName="contact" parentDisplayName="Contact" solution="msdynce_PortalPrivacyExtensions (9.2.10.0)">
          <package>PowerPages_Core (1.0.2309.59)</package>
        </Required>
        <Dependent type="2" schemaName="msdyn_isminor" displayName="Is Minor" parentSchemaName="contact" parentDisplayName="Contact" />
      </MissingDependency>
      <MissingDependency>
        <Required type="2" schemaName="msdyn_isminorwithparentalconsent" displayName="Is Minor with Parental Consent" parentSchemaName="contact" parentDisplayName="Contact" solution="msdynce_PortalPrivacyExtensions (9.2.10.0)">
          <package>PowerPages_Core (1.0.2309.59)</package>
        </Required>
        <Dependent type="2" schemaName="msdyn_isminorwithparentalconsent" displayName="Is Minor with Parental Consent" parentSchemaName="contact" parentDisplayName="Contact" />
      </MissingDependency>
      <MissingDependency>
        <Required type="26" schemaName="All Contacts" displayName="All Contacts" parentSchemaName="contact" parentDisplayName="Contact" solution="msdynce_AppCommon (9.0.4.0066)" id="{0d5d377b-5e7c-47b5-bab1-a5cb8b4ac105}">
          <package>msdynce_AppCommonAnchor (9.0.23091.10001)</package>
        </Required>
        <Dependent type="26" schemaName="All Contacts" displayName="All Contacts" parentSchemaName="contact" parentDisplayName="Contact" id="{0d5d377b-5e7c-47b5-bab1-a5cb8b4ac105}" />
      </MissingDependency>
      <MissingDependency>
        <Required type="300" schemaName="cat_powercatcomponentlibrary_0be3a" displayName="Power CAT Component Library" solution="CreatorKitCore (1.0.20230727.2)" />
        <Dependent type="300" schemaName="appr_aieducation_83040" displayName="AI Education" />
      </MissingDependency>
      <MissingDependency>
        <Required type="60" displayName="Contact" parentDisplayName="Contact" solution="msdynce_AppCommon (9.0.4.0066)" id="{1fed44d1-ae68-4a41-bd2b-f13acac4acfa}">
          <package>msdynce_AppCommonAnchor (9.0.23091.10001)</package>
        </Required>
        <Dependent type="60" displayName="Contact" parentDisplayName="Contact" id="{1fed44d1-ae68-4a41-bd2b-f13acac4acfa}" />
      </MissingDependency>
      <MissingDependency>
        <Required type="60" displayName="Contact Quick Create" parentDisplayName="Contact" solution="msdynce_AppCommon (9.0.4.0066)" id="{661157fe-2fc9-4eaa-835f-5bfa2f7b64f7}">
          <package>msdynce_AppCommonAnchor (9.0.23091.10001)</package>
        </Required>
        <Dependent type="60" displayName="Contact Quick Create" parentDisplayName="Contact" id="{661157fe-2fc9-4eaa-835f-5bfa2f7b64f7}" />
      </MissingDependency>
      <MissingDependency>
        <Required type="60" displayName="contact card" parentDisplayName="Contact" solution="msdynce_AppCommon (9.0.4.0066)" id="{707fc57b-c5e6-471b-a180-e37ed28a38e2}">
          <package>msdynce_AppCommonAnchor (9.0.23091.10001)</package>
        </Required>
        <Dependent type="60" displayName="contact card" parentDisplayName="Contact" id="{707fc57b-c5e6-471b-a180-e37ed28a38e2}" />
      </MissingDependency>
      <MissingDependency>
        <Required type="60" displayName="Contact Card form" parentDisplayName="Contact" solution="msdynce_AppCommon (9.0.4.0066)" id="{bc0f68dd-a4b1-4a8f-bed3-c8f5db2f89cf}">
          <package>msdynce_AppCommonAnchor (9.0.23091.10001)</package>
        </Required>
        <Dependent type="60" displayName="Contact Card form" parentDisplayName="Contact" id="{bc0f68dd-a4b1-4a8f-bed3-c8f5db2f89cf}" />
      </MissingDependency>
      <MissingDependency>
        <Required type="60" displayName="Contact Quick Form" parentDisplayName="Contact" solution="msdynce_AppCommon (9.0.4.0066)" id="{bdb0ae1c-32fa-4374-b637-8dafe107bc44}">
          <package>msdynce_AppCommonAnchor (9.0.23091.10001)</package>
        </Required>
        <Dependent type="60" displayName="Contact Quick Form" parentDisplayName="Contact" id="{bdb0ae1c-32fa-4374-b637-8dafe107bc44}" />
      </MissingDependency>
      <MissingDependency>
        <Required type="60" displayName="Contact Reference Panel" parentDisplayName="Contact" solution="msdynce_AppCommon (9.0.4.0066)" id="{d880c3cf-80e2-42f3-82f9-24d040d09f17}">
          <package>msdynce_AppCommonAnchor (9.0.23091.10001)</package>
        </Required>
        <Dependent type="60" displayName="Contact Reference Panel" parentDisplayName="Contact" id="{d880c3cf-80e2-42f3-82f9-24d040d09f17}" />
      </MissingDependency>
      <MissingDependency>
        <Required type="appaction" displayName="msdyn_Mscrm.Form.contact.Activate!contact!0" solution="msdyn_SystemAppActions (9.1.0.42)" id.uniquename="msdyn_Mscrm.Form.contact.Activate!contact!0" />
        <Dependent type="appaction" displayName="msdyn_Mscrm.Form.contact.Activate!contact!0" id.uniquename="msdyn_Mscrm.Form.contact.Activate!contact!0" />
      </MissingDependency>
      <MissingDependency>
        <Required type="appaction" displayName="msdyn_Mscrm.Form.contact.Assign!contact!0" solution="msdyn_SystemAppActions (9.1.0.42)" id.uniquename="msdyn_Mscrm.Form.contact.Assign!contact!0" />
        <Dependent type="appaction" displayName="msdyn_Mscrm.Form.contact.Assign!contact!0" id.uniquename="msdyn_Mscrm.Form.contact.Assign!contact!0" />
      </MissingDependency>
      <MissingDependency>
        <Required type="appaction" displayName="msdyn_Mscrm.Form.contact.Deactivate!contact!0" solution="msdyn_SystemAppActions (9.1.0.42)" id.uniquename="msdyn_Mscrm.Form.contact.Deactivate!contact!0" />
        <Dependent type="appaction" displayName="msdyn_Mscrm.Form.contact.Deactivate!contact!0" id.uniquename="msdyn_Mscrm.Form.contact.Deactivate!contact!0" />
      </MissingDependency>
      <MissingDependency>
        <Required type="appaction" displayName="msdyn_Mscrm.Form.contact.Delete!contact!0" solution="msdyn_SystemAppActions (9.1.0.42)" id.uniquename="msdyn_Mscrm.Form.contact.Delete!contact!0" />
        <Dependent type="appaction" displayName="msdyn_Mscrm.Form.contact.Delete!contact!0" id.uniquename="msdyn_Mscrm.Form.contact.Delete!contact!0" />
      </MissingDependency>
      <MissingDependency>
        <Required type="appaction" displayName="msdyn_Mscrm.Form.contact.SendSelected!contact!0" solution="msdyn_SystemAppActions (9.1.0.42)" id.uniquename="msdyn_Mscrm.Form.contact.SendSelected!contact!0" />
        <Dependent type="appaction" displayName="msdyn_Mscrm.Form.contact.SendSelected!contact!0" id.uniquename="msdyn_Mscrm.Form.contact.SendSelected!contact!0" />
      </MissingDependency>
    </MissingDependencies>
  </SolutionManifest>
</ImportExportXml>