<botcomponent schemaname="faq_0af0e819-8c5a-4a31-b7c9-ac914bfc35d3.topic.Escalate">
  <componenttype>9</componenttype>
  <description>This system topic is triggered when the user indicates they would like to speak to a human agent.
You can configure how the bot will handle human hand-off scenarios in the bot settings.
If your bot does not handle escalations, this topic should be disabled.</description>
  <iscustomizable>0</iscustomizable>
  <name>Escalate</name>
  <parentbotid>
    <schemaname>faq_0af0e819-8c5a-4a31-b7c9-ac914bfc35d3</schemaname>
  </parentbotid>
  <statecode>0</statecode>
  <statuscode>1</statuscode>
</botcomponent>