<powerpagecomponent powerpagecomponentid="848a35bc-88ec-ef11-be20-6045bdef6d3f">
  <content>{
  "permissions": "746610002",
  "columnname": "mass_cacherefresh",
  "columnpermissionprofileid": "187b38ab-88ec-ef11-be20-6045bdef6d3f"
}</content>
  <iscustomizable>1</iscustomizable>
  <name>MTA Referral mass_cacherefresh</name>
  <powerpagecomponenttype>29</powerpagecomponenttype>
  <powerpagesiteid>
    <powerpagesiteid>0cd59409-6fec-4be9-bd09-8f1d362195e1</powerpagesiteid>
  </powerpagesiteid>
  <statecode>0</statecode>
  <statuscode>1</statuscode>
</powerpagecomponent>