﻿<?xml version="1.0" encoding="utf-8"?>
<ImportExportXml xmlns:xsi="http://www.w3.org/2001/XMLSchema-instance" OrganizationVersion="9.2.26012.140" OrganizationSchemaType="Standard" CRMServerServiceabilityVersion="9.2.26012.00140">
  <Entities />
  <Roles />
  <Workflows>
    <Workflow WorkflowId="{d9dd717e-72bb-b645-7c1f-7bbd486627d4}" Name="Automated PDF Archiving for Emails and Attachments" Description="This flow exports an email in MSG format and converts it into HTML. All email attachments are transformed into JPG files and embedded within the HTML as &lt;img&gt; tags. The flow then merges the email body and the attachment HTML using a Compose action. Finally, the combined HTML content is converted into a PDF file using standard OneDrive connector.">
      <JsonFileName>/Workflows/AutomatedPDFArchivingforEmailsandAttachments-D9DD717E-72BB-B645-7C1F-7BBD486627D4.json</JsonFileName>
      <Type>1</Type>
      <Subprocess>0</Subprocess>
      <Category>5</Category>
      <Mode>0</Mode>
      <Scope>4</Scope>
      <OnDemand>0</OnDemand>
      <TriggerOnCreate>0</TriggerOnCreate>
      <TriggerOnDelete>0</TriggerOnDelete>
      <AsyncAutodelete>0</AsyncAutodelete>
      <SyncWorkflowLogOnFailure>0</SyncWorkflowLogOnFailure>
      <StateCode>1</StateCode>
      <StatusCode>2</StatusCode>
      <RunAs>1</RunAs>
      <IsTransacted>1</IsTransacted>
      <IntroducedVersion>1.0</IntroducedVersion>
      <IsCustomizable>1</IsCustomizable>
      <BusinessProcessType>0</BusinessProcessType>
      <IsCustomProcessingStepAllowedForOtherPublishers>1</IsCustomProcessingStepAllowedForOtherPublishers>
      <ModernFlowType>0</ModernFlowType>
      <PrimaryEntity>none</PrimaryEntity>
      <LocalizedNames>
        <LocalizedName languagecode="1033" description="Automated PDF Archiving for Emails and Attachments" />
      </LocalizedNames>
      <Descriptions>
        <Description languagecode="1033" description="This flow exports an email in MSG format and converts it into HTML. All email attachments are transformed into JPG files and embedded within the HTML as &lt;img&gt; tags. The flow then merges the email body and the attachment HTML using a Compose action. Finally, the combined HTML content is converted into a PDF file using standard OneDrive connector." />
      </Descriptions>
    </Workflow>
  </Workflows>
  <FieldSecurityProfiles />
  <Templates />
  <EntityMaps />
  <EntityRelationships />
  <OrganizationSettings />
  <optionsets />
  <CustomControls />
  <EntityDataProviders />
  <connectionreferences>
    <connectionreference connectionreferencelogicalname="new_sharedonedriveforbusiness_1a9c7">
      <connectionreferencedisplayname>OneDrive for Business</connectionreferencedisplayname>
      <connectorid>/providers/Microsoft.PowerApps/apis/shared_onedriveforbusiness</connectorid>
      <iscustomizable>1</iscustomizable>
      <promptingbehavior>0</promptingbehavior>
      <statecode>0</statecode>
      <statuscode>1</statuscode>
    </connectionreference>
    <connectionreference connectionreferencelogicalname="pnp_sharedoffice365_56894">
      <connectionreferencedisplayname>Office 365 Outlook Mail</connectionreferencedisplayname>
      <connectorid>/providers/Microsoft.PowerApps/apis/shared_office365</connectorid>
      <description>Office 365 outlook connection</description>
      <iscustomizable>1</iscustomizable>
      <promptingbehavior>0</promptingbehavior>
      <statecode>0</statecode>
      <statuscode>1</statuscode>
    </connectionreference>
  </connectionreferences>
  <Languages>
    <Language>1033</Language>
  </Languages>
</ImportExportXml>